query,可选车型组合,模型输出车型组合,正确车型组合,prec,rec,f1,proper
打车去公司，勾选所有车型。,"[{'': '极速拼车'}, {'': '特惠快车'}, {'优享型': 'T3出行'}, {'优享型': '东潮出行'}, {'优享型': '中交出行'}, {'优享型': '旗妙出行'}, {'优享型': '星徽出行'}, {'优享型': '添猫出行'}, {'优享型': '火箭出行'}, {'优享型': '风韵出行'}, {'六座商务': '宽敞空间 商务体验'}, {'出租车': '车多应答快'}, {'品质专车': '静音不打扰 整洁无异味'}, {'快速出发': '无'}, {'惠享专车': '神州专车'}, {'惠享专车': '精选车型 优质司机'}, {'拼车': '出租车拼车'}, {'推荐': '极速拼车'}, {'推荐': '特惠快车'}, {'特价出发': '惊喜特价'}, {'特价出发': '更多特价'}, {'特快车': '超值体验 更快上车'}, {'经济': '首汽约车'}, {'经济型': '365约车'}, {'经济型': 'AA出行'}, {'经济型': 'T3出行'}, {'经济型': '东潮出行'}, {'经济型': '中军出行'}, {'经济型': '享道出行'}, {'经济型': '国泰出租'}, {'经济型': '方舟行'}, {'经济型': '星徽出行'}, {'经济型': '曹操出行'}, {'经济型': '深圳出租'}, {'经济型': '聚的新出租'}, {'经济型': '飞嘀打车'}, {'豪华型': '车型高端 服务专业'}, {'轻享专车': '静音不打扰 整洁无异味'}]",[{'all': 'all'}],[{'all': 'all'}],1,1.0,1.0,1
西宁中心广场到曹家堡机场，希望能有儿童座椅的车。,"[{'六座': '六座专车'}, {'六座': '六座豪华车'}, {'快速': '出租车'}, {'快速': '曹操出行'}, {'快速': '滴滴特快'}, {'快速': '滴滴轻享'}, {'拼车': '特价拼车'}, {'推荐': '滴滴快车'}, {'推荐': '特快出租车'}, {'推荐': '特惠快车'}, {'推荐': '花小猪正价版'}, {'特价': '惊喜特价'}, {'特价': '花小猪外接版'}, {'舒适': '滴滴专车'}, {'舒适': '滴滴豪华车'}]",[],[],1,1.0,1.0,1
用特价车型到南京南站，选惊喜特价。,"[{'六座': '六座专车'}, {'快速': '出租车'}, {'快速': '曹操出行'}, {'快速': '滴滴轻享'}, {'拼车': '特价拼车'}, {'推荐': '滴滴快车'}, {'推荐': '特惠快车'}, {'推荐': '花小猪正价版'}, {'特价': '惊喜特价'}, {'特价': '花小猪外接版'}, {'舒适': '滴滴专车'}, {'舒适': '滴滴豪华车'}]",[{'特价': '惊喜特价'}],[{'特价': '惊喜特价'}],1,1.0,1.0,1
价格最便宜的，从大庆市区到萨尔图机场，最好拼车。,"[{'六座': '六座专车'}, {'出租': '出租车'}, {'快速': '滴滴快车'}, {'快速': '特快出租车'}, {'拼车': '极速拼车'}, {'拼车': '特价拼车'}, {'特价': '特惠快车'}, {'特价': '花小猪外接版'}, {'特价拼车': '特价拼车'}, {'特快车': '特快车'}, {'特惠快车': '特惠快车'}, {'经济': '365约车'}, {'经济': '聚优出租'}, {'舒适出发': '滴滴专车'}, {'舒适出发': '滴滴豪华车'}]","[{'拼车': '极速拼车'}, {'拼车': '特价拼车'}, {'特价拼车': '特价拼车'}]","[{'拼车': '极速拼车'}, {'拼车': '特价拼车'}, {'特价拼车': '特价拼车'}]",1,1.0,1.0,1
从福州东街口到长乐机场，预约一辆六座专车，带家人出行。,"[{'六座': '六座专车'}, {'六座': '六座豪华车'}, {'快速': '出租车'}, {'快速': '曹操出行'}, {'快速': '滴滴优享'}, {'快速': '滴滴特快'}, {'快速': '滴滴轻享'}, {'拼车': '极速拼车'}, {'拼车': '特价拼车'}, {'推荐': '滴滴快车'}, {'推荐': '特快出租车'}, {'推荐': '特惠快车'}, {'推荐': '花小猪正价版'}, {'特价': '惊喜特价'}, {'特价': '花小猪外接版'}, {'舒适': '滴滴专车'}]",[{'六座': '六座专车'}],[{'六座': '六座专车'}],1,1.0,1.0,1
叫辆六座专车从紫金山到牛首山，走最快路线。,"[{'六座': '六座专车'}, {'六座': '六座豪华车'}, {'快速': '出租车'}, {'快速': '曹操出行'}, {'快速': '滴滴特快'}, {'快速': '滴滴轻享'}, {'拼车': '极速拼车'}, {'拼车': '特价拼车'}, {'推荐': '滴滴快车'}, {'推荐': '特快出租车'}, {'推荐': '特惠快车'}, {'推荐': '花小猪正价版'}, {'特价': '惊喜特价'}, {'特价': '花小猪外接版'}, {'舒适': '滴滴专车'}]",[{'六座': '六座专车'}],[{'六座': '六座专车'}],1,1.0,1.0,1
帮我打个车回家，费用不高于20,"[{'': '极速拼车'}, {'': '特惠快车'}, {'优享型': '365约车'}, {'优享型': 'T3出行'}, {'优享型': '享道出行'}, {'优享型': '及时用车'}, {'优享型': '叮叮出行'}, {'优享型': '旅程约车'}, {'优享型': '曹操出行'}, {'优享型': '有滴出行'}, {'优享型': '环旅出行'}, {'优享型': '神州专车'}, {'优享型': '腾飞出行'}, {'优享型': '阳光出行'}, {'优享型': '鞍马出行'}, {'优享型': '风韵出行'}, {'优享型': '首汽约车'}, {'经济型': 'T3出行'}, {'经济型': '享道出行'}, {'经济型': '南京出租'}, {'经济型': '及时用车'}, {'经济型': '叮叮出行'}, {'经济型': '妥妥E行'}, {'经济型': '旅程约车'}, {'经济型': '曹操出行'}, {'经济型': '有序出行'}, {'经济型': '有滴出行'}, {'经济型': '沛途出行'}, {'经济型': '环旅出行'}, {'经济型': '神州专车'}, {'经济型': '聚优出租'}, {'经济型': '腾飞出行'}, {'经济型': '腾飞新出租'}, {'经济型': '迪尔出行'}, {'经济型': '阳光出行'}, {'经济型': '鞍马出行'}, {'经济型': '鞍马聚的新出租'}, {'经济型': '风韵出行'}, {'经济型': '首汽约车'}]",[],[],1,1.0,1.0,1
叫辆六座专车到建邺区江东中路万达广场，选最快路线。,"[{'六座': '六座专车'}, {'快速': '出租车'}, {'快速': '曹操出行'}, {'快速': '滴滴特快'}, {'快速': '滴滴轻享'}, {'拼车': '极速拼车'}, {'拼车': '特价拼车'}, {'推荐': '滴滴快车'}, {'推荐': '特惠快车'}, {'推荐': '花小猪正价版'}, {'特价': '花小猪外接版'}, {'舒适': '滴滴专车'}]",[{'六座': '六座专车'}],[{'六座': '六座专车'}],1,1.0,1.0,1
高德打车去东方明珠，勾选所有车型。,"[{'': '极速拼车'}, {'': '特惠快车'}, {'优享型': 'T3出行'}, {'优享型': '东潮出行'}, {'优享型': '妥妥E行'}, {'优享型': '旗妙出行'}, {'优享型': '星徽出行'}, {'优享型': '曹操出行'}, {'优享型': '火箭出行'}, {'优享型': '环旅出行'}, {'优享型': '风韵出行'}, {'优享型': '飞嘀打车'}, {'优享型': '首汽约车'}, {'六座商务': '宽敞空间 商务体验'}, {'出租车': '车多应答快'}, {'品质专车': '静音不打扰 整洁无异味'}, {'快速出发': '无'}, {'惠享专车': '添猫出行'}, {'惠享专车': '精选车型 优质司机'}, {'拼车': '出租车拼车'}, {'推荐': '推荐专车'}, {'特价出发': '更多特价'}, {'特快车': '超值体验 更快上车'}, {'经济': '首汽约车'}, {'经济型': '5U出行'}, {'经济型': 'AA出行'}, {'经济型': 'K9用车'}, {'经济型': '东潮出行'}, {'经济型': '中交出行'}, {'经济型': '北京新出租'}, {'经济型': '奇华出行'}, {'经济型': '如祺出行'}, {'经济型': '方舟行'}, {'经济型': '旅程出租'}, {'经济型': '旗妙出行'}, {'经济型': '日初出行'}, {'经济型': '易至出行'}, {'经济型': '星徽出行'}, {'经济型': '神州专车'}, {'经济型': '聚的新出租'}, {'经济型': '腾飞出行'}, {'经济型': '飞嘀打车'}, {'经济型': '首汽约车'}, {'豪华型': '车型高端 服务专业'}, {'轻享专车': '静音不打扰 整洁无异味'}]",[{'all': 'all'}],[{'all': 'all'}],1,1.0,1.0,1
打个特价拼车去深圳北站，价格不超过55元。,"[{'': '极速拼车'}, {'': '特惠快车'}, {'优享型': 'AA出行'}, {'优享型': 'T3出行'}, {'优享型': '东潮出行'}, {'优享型': '享道出行'}, {'优享型': '全民GO'}, {'优享型': '曹操出行'}, {'优享型': '火箭出行'}, {'优享型': '环旅出行'}, {'优享型': '神州专车'}, {'优享型': '腾飞出行'}, {'优享型': '风韵出行'}, {'优享型': '首汽约车'}, {'经济型': '365约车'}, {'经济型': 'AA出行'}, {'经济型': 'T3出行'}, {'经济型': '东潮出行'}, {'经济型': '享道出行'}, {'经济型': '北京新出租'}, {'经济型': '北京的士'}, {'经济型': '及时用车'}, {'经济型': '斑马快跑'}, {'经济型': '旗妙出行'}, {'经济型': '星徽出行'}, {'经济型': '神州专车'}, {'经济型': '阳光出行'}, {'经济型': '飞嘀打车'}]",[{'': '极速拼车'}],[{'': '极速拼车'}],1,1.0,1.0,1
南京南站到南京站，勾选特惠快车、叮叮出行或拼车，60元内。,"[{'': '极速拼车'}, {'': '特惠快车'}, {'优享型': 'AA出行'}, {'优享型': '东潮出行'}, {'优享型': '享道出行'}, {'优享型': '全民GO'}, {'优享型': '妥妥E行'}, {'优享型': '斑马快跑'}, {'优享型': '阳光出行'}, {'优享型': '飞嘀打车'}, {'经济型': '5U出行'}, {'经济型': '900出行'}, {'经济型': 'AA出行'}, {'经济型': 'T3出行'}, {'经济型': '东潮出行'}, {'经济型': '中交出行'}, {'经济型': '及时用车'}, {'经济型': '妥妥E行'}, {'经济型': '斑马快跑'}, {'经济型': '曹操出行'}, {'经济型': '有序出行'}, {'经济型': '神州专车'}, {'经济型': '聚的新出租'}, {'经济型': '阳光出行'}, {'经济型': '飞嘀打车'}, {'经济型': '首汽约车'}]","[{'': '极速拼车'}, {'': '特惠快车'}]","[{'': '极速拼车'}, {'': '特惠快车'}]",1,1.0,1.0,1
打车到江北机场，舒适车低价。,"[{'六座': '六座专车'}, {'快速': '出租车'}, {'快速': '曹操出行'}, {'快速': '滴滴优享'}, {'快速': '滴滴特快'}, {'快速': '滴滴轻享'}, {'拼车': '特价拼车'}, {'推荐': '滴滴快车'}, {'推荐': '特惠快车'}, {'推荐': '花小猪正价版'}, {'特价': '花小猪外接版'}, {'舒适': '滴滴专车'}, {'舒适': '滴滴豪华车'}]","[{'舒适': '滴滴专车'}, {'舒适': '滴滴豪华车'}]",[],0,0.0,0.0,0
想去海鲜市场东门绕开施工段叫特快出租车,"[{'': '极速拼车'}, {'': '特惠快车'}, {'优享型': 'AA出行'}, {'优享型': '中交出行'}, {'优享型': '享道出行'}, {'优享型': '及时用车'}, {'优享型': '斑马快跑'}, {'优享型': '曹操出行'}, {'优享型': '火箭出行'}, {'优享型': '环旅出行'}, {'优享型': '神州专车'}, {'优享型': '腾飞出行'}, {'优享型': '风韵出行'}, {'六座商务': '宽敞空间 商务体验'}, {'出租车': '车多应答快'}, {'品质专车': '静音不打扰 整洁无异味'}, {'快速出发': '无'}, {'惠享专车': '精选车型 优质司机'}, {'惠享专车': '阳光出行'}, {'拼车': '特惠快车'}, {'推荐': '特惠快车'}, {'特价出发': '惊喜特价'}, {'特价出发': '更多特价'}, {'特快车': '超值体验 更快上车'}, {'经济': '首汽约车'}, {'经济型': '365约车'}, {'经济型': 'AA出行'}, {'经济型': 'J刻出行'}, {'经济型': '东潮出行'}, {'经济型': '中交出行'}, {'经济型': '北京新出租'}, {'经济型': '及时用车'}, {'经济型': '奇华出行'}, {'经济型': '斑马快跑'}, {'经济型': '日初出行'}, {'经济型': '易至出行'}, {'经济型': '橄榄新出租'}, {'经济型': '聚的新出租'}, {'经济型': '腾飞出行'}, {'经济型': '飞嘀打车'}, {'经济型': '首汽约车'}, {'豪华型': '车型高端 服务专业'}, {'轻享专车': '静音不打扰 整洁无异味'}]","[{'出租车': '车多应答快'}, {'经济型': '北京新出租'}, {'经济型': '橄榄新出租'}, {'经济型': '聚的新出租'}]","[{'出租车': '车多应答快'}, {'经济型': '北京新出租'}, {'经济型': '橄榄新出租'}, {'经济型': '聚的新出租'}]",1,1.0,1.0,1
打车去阳台山，选特价拼车、滴滴快车和六座专车。,"[{'六座': '六座专车'}, {'快速': '出租车'}, {'快速': '曹操出行'}, {'快速': '滴滴特快'}, {'快速': '滴滴轻享'}, {'拼车': '极速拼车'}, {'拼车': '特价拼车'}, {'推荐': '特惠快车'}, {'推荐': '花小猪正价版'}, {'特价': '惊喜特价'}, {'特价': '花小猪外接版'}, {'舒适': '滴滴专车'}]","[{'六座': '六座专车'}, {'拼车': '特价拼车'}]","[{'六座': '六座专车'}, {'拼车': '特价拼车'}]",1,1.0,1.0,1
用滴滴叫辆车去深圳东站，选专所有车车型。,"[{'六座': '六座专车'}, {'快速': '出租车'}, {'快速': '曹操出行'}, {'快速': '滴滴优享'}, {'快速': '滴滴特快'}, {'快速': '滴滴轻享'}, {'拼车': '极速拼车'}, {'拼车': '特价拼车'}, {'推荐': '特惠快车'}, {'推荐': '花小猪正价版'}, {'特价': '惊喜特价'}, {'特价': '花小猪外接版'}, {'舒适': '滴滴专车'}]","[{'六座': '六座专车'}, {'舒适': '滴滴专车'}]",[],0,0.0,0.0,0
打车去新百，价格大概20-30左右的。,"[{'六座': '六座专车'}, {'出租': '出租车'}, {'快速': '滴滴快车'}, {'快速': '特快出租车'}, {'拼车': '极速拼车'}, {'拼车': '特价拼车'}, {'特价': '特惠快车'}, {'特价': '花小猪外接版'}, {'特价拼车': '特价拼车'}, {'特快车': '特快车'}, {'特惠快车': '特惠快车'}, {'经济': '365约车'}, {'经济': '聚优出租'}, {'舒适出发': '滴滴专车'}, {'舒适出发': '滴滴豪华车'}]",[],[],1,1.0,1.0,1
去开发区物流园叫特快出租车避开高峰期,"[{'': '极速拼车'}, {'': '特惠快车'}, {'优享型': '东潮出行'}, {'优享型': '中交出行'}, {'优享型': '享道出行'}, {'优享型': '妥妥E行'}, {'优享型': '旗妙出行'}, {'优享型': '火箭出行'}, {'优享型': '环旅出行'}, {'优享型': '风韵出行'}, {'优享型': '飞嘀打车'}, {'优享型': '首汽约车'}, {'六座商务': '宽敞空间 商务体验'}, {'出租车': '车多应答快'}, {'品质专车': '静音不打扰 整洁无异味'}, {'快速出发': '无'}, {'惠享专车': '及时用车'}, {'拼车': '出租车拼车'}, {'推荐': '推荐专车'}, {'推荐': '特惠快车'}, {'特价出发': '惊喜特价'}, {'特价出发': '更多特价'}, {'特快车': '超值体验 更快上车'}, {'经济': '首汽约车'}, {'经济型': '900出行'}, {'经济型': 'J刻出行'}, {'经济型': '北京的士'}, {'经济型': '国泰出租'}, {'经济型': '奇华出行'}, {'经济型': '斑马快跑'}, {'经济型': '方舟行'}, {'经济型': '日初出行'}, {'经济型': '易至出行'}, {'经济型': '渔阳出行'}, {'经济型': '聚的新出租'}, {'经济型': '飞嘀打车'}, {'经济型': '首汽约车'}, {'豪华型': '车型高端 服务专业'}, {'轻享专车': '静音不打扰 整洁无异味'}]","[{'出租车': '车多应答快'}, {'拼车': '出租车拼车'}, {'经济型': '北京的士'}, {'经济型': '国泰出租'}, {'经济型': '聚的新出租'}]","[{'出租车': '车多应答快'}, {'拼车': '出租车拼车'}, {'经济型': '北京的士'}, {'经济型': '国泰出租'}, {'经济型': '聚的新出租'}]",1,1.0,1.0,1
去宝安机场，要特惠快车或六座专车，不用出租,"[{'六座': '六座专车'}, {'六座': '六座豪华车'}, {'快速': '出租车'}, {'快速': '曹操出行'}, {'快速': '滴滴轻享'}, {'拼车': '特价拼车'}, {'推荐': '滴滴快车'}, {'推荐': '特惠快车'}, {'推荐': '花小猪正价版'}, {'特价': '惊喜特价'}, {'特价': '花小猪外接版'}, {'舒适': '滴滴专车'}]","[{'六座': '六座专车'}, {'推荐': '特惠快车'}]","[{'六座': '六座专车'}, {'推荐': '特惠快车'}]",1,1.0,1.0,1
用滴滴叫一辆专车到中山陵。,"[{'六座': '六座专车'}, {'快速': '出租车'}, {'快速': '曹操出行'}, {'快速': '滴滴特快'}, {'快速': '滴滴轻享'}, {'拼车': '特价拼车'}, {'推荐': '特惠快车'}, {'推荐': '花小猪正价版'}, {'特价': '惊喜特价'}, {'特价': '花小猪外接版'}, {'舒适': '滴滴专车'}]","[{'六座': '六座专车'}, {'舒适': '滴滴专车'}]","[{'六座': '六座专车'}, {'舒适': '滴滴专车'}]",1,1.0,1.0,1
从橘子洲头到机场，选特价拼车优先，预算控制在80元以内。,"[{'六座': '六座专车'}, {'六座': '六座豪华车'}, {'快速': '出租车'}, {'快速': '曹操出行'}, {'快速': '滴滴优享'}, {'快速': '滴滴特快'}, {'快速': '滴滴轻享'}, {'拼车': '极速拼车'}, {'拼车': '特价拼车'}, {'推荐': '滴滴快车'}, {'推荐': '特快出租车'}, {'推荐': '特惠快车'}, {'推荐': '花小猪正价版'}, {'特价': '惊喜特价'}, {'特价': '花小猪外接版'}, {'舒适': '滴滴专车'}]",[{'拼车': '特价拼车'}],[{'拼车': '特价拼车'}],1,1.0,1.0,1
打辆去南京南站的特价车。,"[{'六座': '六座专车'}, {'出租': '出租车'}, {'快速': '滴滴快车'}, {'快速': '特快出租车'}, {'拼车': '极速拼车'}, {'拼车': '特价拼车'}, {'特价': '特惠快车'}, {'特价': '花小猪外接版'}, {'特价拼车': '特价拼车'}, {'特快车': '特快车'}, {'特惠快车': '特惠快车'}, {'经济': '365约车'}, {'经济': '聚优出租'}, {'舒适出发': '滴滴专车'}, {'舒适出发': '滴滴豪华车'}]","[{'拼车': '特价拼车'}, {'特价': '特惠快车'}, {'特价': '花小猪外接版'}, {'特价拼车': '特价拼车'}, {'特惠快车': '特惠快车'}, {'经济': '365约车'}, {'经济': '聚优出租'}]","[{'拼车': '特价拼车'}, {'特价': '特惠快车'}, {'特价': '花小猪外接版'}, {'特价拼车': '特价拼车'}, {'特惠快车': '特惠快车'}, {'经济': '365约车'}, {'经济': '聚优出租'}]",1,1.0,1.0,1
帮我叫辆豪华车去临港新城,"[{'': '极速拼车'}, {'': '特惠快车'}, {'优享型': 'T3出行'}, {'优享型': '东潮出行'}, {'优享型': '全民GO'}, {'优享型': '及时用车'}, {'优享型': '妥妥E行'}, {'优享型': '斑马快跑'}, {'优享型': '旗妙出行'}, {'优享型': '添猫出行'}, {'优享型': '环旅出行'}, {'优享型': '神州专车'}, {'优享型': '首汽约车'}, {'六座商务': '宽敞空间 商务体验'}, {'出租车': '车多应答快'}, {'品质专车': '静音不打扰 整洁无异味'}, {'快速出发': '无'}, {'惠享专车': 'T3出行'}, {'拼车': '特惠快车'}, {'推荐': '推荐专车'}, {'推荐': '极速拼车'}, {'特价出发': '更多特价'}, {'特快车': '超值体验 更快上车'}, {'经济': '首汽约车'}, {'经济型': '5U出行'}, {'经济型': '900出行'}, {'经济型': 'AA出行'}, {'经济型': 'K9用车'}, {'经济型': '享道出行'}, {'经济型': '北京新出租'}, {'经济型': '北京的士'}, {'经济型': '奇华出行'}, {'经济型': '斑马快跑'}, {'经济型': '方舟行'}, {'经济型': '旅程出租'}, {'经济型': '旗妙出行'}, {'经济型': '有序出行'}, {'经济型': '橄榄新出租'}, {'经济型': '添猫出行'}, {'经济型': '聚的新出租'}, {'经济型': '腾飞出行'}, {'经济型': '阳光出行'}, {'经济型': '飞嘀打车'}, {'经济型': '首汽约车'}, {'豪华型': '车型高端 服务专业'}, {'轻享专车': '静音不打扰 整洁无异味'}]",[{'豪华型': '车型高端 服务专业'}],[{'豪华型': '车型高端 服务专业'}],1,1.0,1.0,1
8分钟内给我打一辆去南京海底世界的车。,"[{'六座': '六座专车'}, {'出租': '出租车'}, {'快速': '滴滴快车'}, {'快速': '特快出租车'}, {'拼车': '极速拼车'}, {'拼车': '特价拼车'}, {'特价': '特惠快车'}, {'特价': '花小猪外接版'}, {'特价拼车': '特价拼车'}, {'特快车': '特快车'}, {'特惠快车': '特惠快车'}, {'经济': '365约车'}, {'经济': '聚优出租'}, {'舒适出发': '滴滴专车'}, {'舒适出发': '滴滴豪华车'}]",[],[],1,1.0,1.0,1
价格最便宜的，从南京夫子庙到禄口国际机场，只要拼车。,"[{'六座': '六座专车'}, {'出租': '出租车'}, {'快速': '滴滴快车'}, {'快速': '特快出租车'}, {'拼车': '极速拼车'}, {'拼车': '特价拼车'}, {'特价': '特惠快车'}, {'特价': '花小猪外接版'}, {'特价拼车': '特价拼车'}, {'特快车': '特快车'}, {'特惠快车': '特惠快车'}, {'经济': '365约车'}, {'经济': '聚优出租'}, {'舒适出发': '滴滴专车'}, {'舒适出发': '滴滴豪华车'}]","[{'拼车': '极速拼车'}, {'拼车': '特价拼车'}, {'特价拼车': '特价拼车'}]","[{'拼车': '极速拼车'}, {'拼车': '特价拼车'}, {'特价拼车': '特价拼车'}]",1,1.0,1.0,1
预约六座专车到建邺区河西万达广场，优先最短路线。,"[{'六座': '六座专车'}, {'快速': '出租车'}, {'快速': '曹操出行'}, {'快速': '滴滴轻享'}, {'拼车': '极速拼车'}, {'拼车': '特价拼车'}, {'推荐': '滴滴快车'}, {'推荐': '特快出租车'}, {'推荐': '特惠快车'}, {'推荐': '花小猪正价版'}, {'特价': '惊喜特价'}, {'特价': '花小猪外接版'}, {'舒适': '滴滴专车'}]",[{'六座': '六座专车'}],[{'六座': '六座专车'}],1,1.0,1.0,1
打车去红山地铁站，只打20元以内的T3出行,[],[],[],1,1.0,1.0,1
从广州塔到白云山，用滴滴叫辆豪华车，费用不超过60元。,"[{'六座': '六座专车'}, {'快速': '出租车'}, {'快速': '曹操出行'}, {'快速': '滴滴轻享'}, {'拼车': '特价拼车'}, {'推荐': '滴滴快车'}, {'推荐': '特惠快车'}, {'推荐': '花小猪正价版'}, {'特价': '惊喜特价'}, {'特价': '花小猪外接版'}, {'舒适': '滴滴专车'}, {'舒适': '滴滴豪华车'}]",[{'舒适': '滴滴豪华车'}],[{'舒适': '滴滴豪华车'}],1,1.0,1.0,1
从拉萨市区到贡嘎国际机场，可以拼车，50元以内。,"[{'六座': '六座专车'}, {'出租': '出租车'}, {'快速': '滴滴快车'}, {'快速': '特快出租车'}, {'拼车': '极速拼车'}, {'拼车': '特价拼车'}, {'特价': '特惠快车'}, {'特价': '花小猪外接版'}, {'特价拼车': '特价拼车'}, {'特快车': '特快车'}, {'特惠快车': '特惠快车'}, {'经济': '365约车'}, {'经济': '聚优出租'}, {'舒适出发': '滴滴专车'}, {'舒适出发': '滴滴豪华车'}]","[{'拼车': '极速拼车'}, {'拼车': '特价拼车'}, {'特价拼车': '特价拼车'}]","[{'拼车': '极速拼车'}, {'拼车': '特价拼车'}, {'特价拼车': '特价拼车'}]",1,1.0,1.0,1
打车去南京1912街区，勾选滴滴豪华车和曹操出行，20分钟出发。,"[{'六座': '六座专车'}, {'快速': '出租车'}, {'快速': '曹操出行'}, {'快速': '滴滴特快'}, {'快速': '滴滴轻享'}, {'拼车': '特价拼车'}, {'推荐': '滴滴快车'}, {'推荐': '特快出租车'}, {'推荐': '特惠快车'}, {'推荐': '花小猪正价版'}, {'特价': '惊喜特价'}, {'特价': '特惠快车'}, {'特价': '花小猪外接版'}, {'舒适': '滴滴专车'}, {'舒适': '滴滴豪华车'}]","[{'快速': '曹操出行'}, {'舒适': '滴滴豪华车'}]","[{'快速': '曹操出行'}, {'舒适': '滴滴豪华车'}]",1,1.0,1.0,1
20点出发回家，勾选特惠快车或顺风车。,"[{'': '极速拼车'}, {'': '特惠快车'}, {'优享型': 'AA出行'}, {'优享型': '妥妥E行'}, {'优享型': '旗妙出行'}, {'优享型': '腾飞出行'}, {'优享型': '风韵出行'}, {'优享型': '飞嘀打车'}, {'优享型': '首汽约车'}, {'经济型': 'AA出行'}, {'经济型': 'T3出行'}, {'经济型': '中交出行'}, {'经济型': '中军出行'}, {'经济型': '享道出行'}, {'经济型': '北京新出租'}, {'经济型': '北京的士'}, {'经济型': '及时用车'}, {'经济型': '如祺出行'}, {'经济型': '妥妥E行'}, {'经济型': '斑马快跑'}, {'经济型': '曹操出行'}, {'经济型': '深圳出租'}, {'经济型': '神州专车'}, {'经济型': '聚的新出租'}, {'经济型': '腾飞出行'}, {'经济型': '阳光出行'}, {'经济型': '飞嘀打车'}, {'经济型': '首汽约车'}]",[{'': '特惠快车'}],[{'': '特惠快车'}],1,1.0,1.0,1
从北京朝阳区打车到首都机场，要等的时间最短的。,"[{'六座': '六座专车'}, {'出租': '出租车'}, {'快速': '滴滴快车'}, {'快速': '特快出租车'}, {'拼车': '极速拼车'}, {'拼车': '特价拼车'}, {'特价': '特惠快车'}, {'特价': '花小猪外接版'}, {'特价拼车': '特价拼车'}, {'特快车': '特快车'}, {'特惠快车': '特惠快车'}, {'经济': '365约车'}, {'经济': '聚优出租'}, {'舒适出发': '滴滴专车'}, {'舒适出发': '滴滴豪华车'}]",[],[],1,1.0,1.0,1
用腾飞出行，六座商务车或特惠快车去五和地铁站,"[{'': '极速拼车'}, {'': '特惠快车'}, {'优享型': 'AA出行'}, {'优享型': 'T3出行'}, {'优享型': '妥妥E行'}, {'优享型': '星徽出行'}, {'优享型': '曹操出行'}, {'优享型': '环旅出行'}, {'优享型': '神州专车'}, {'优享型': '风韵出行'}, {'优享型': '首汽约车'}, {'经济型': '5U出行'}, {'经济型': '900出行'}, {'经济型': 'AA出行'}, {'经济型': 'T3出行'}, {'经济型': '中军出行'}, {'经济型': '享道出行'}, {'经济型': '北京新出租'}, {'经济型': '妥妥E行'}, {'经济型': '星徽出行'}, {'经济型': '有序出行'}, {'经济型': '深圳出租'}, {'经济型': '聚的新出租'}, {'经济型': '阳光出行'}, {'经济型': '飞嘀打车'}]",[{'': '特惠快车'}],[{'': '特惠快车'}],1,1.0,1.0,1
用特价拼车或曹操出行去白石龙，费用不超过40元,"[{'六座': '六座专车'}, {'六座': '六座豪华车'}, {'快速': '出租车'}, {'快速': '曹操出行'}, {'快速': '滴滴优享'}, {'快速': '滴滴特快'}, {'快速': '滴滴轻享'}, {'拼车': '特价拼车'}, {'推荐': '滴滴快车'}, {'推荐': '特快出租车'}, {'推荐': '特惠快车'}, {'推荐': '花小猪正价版'}, {'特价': '惊喜特价'}, {'特价': '花小猪外接版'}, {'舒适': '滴滴专车'}, {'舒适': '滴滴豪华车'}]","[{'快速': '曹操出行'}, {'拼车': '特价拼车'}]","[{'快速': '曹操出行'}, {'拼车': '特价拼车'}]",1,1.0,1.0,1
要极速拼车去景枫，不接受其他。,"[{'': '极速拼车'}, {'': '特惠快车'}, {'优享型': 'AA出行'}, {'优享型': '中交出行'}, {'优享型': '享道出行'}, {'优享型': '斑马快跑'}, {'优享型': '旗妙出行'}, {'优享型': '星徽出行'}, {'优享型': '环旅出行'}, {'优享型': '腾飞出行'}, {'优享型': '阳光出行'}, {'优享型': '风韵出行'}, {'优享型': '首汽约车'}, {'经济型': '900出行'}, {'经济型': 'AA出行'}, {'经济型': 'T3出行'}, {'经济型': '中交出行'}, {'经济型': '全民GO'}, {'经济型': '北京新出租'}, {'经济型': '如祺出行'}, {'经济型': '妥妥E行'}, {'经济型': '旗妙出行'}, {'经济型': '曹操出行'}, {'经济型': '有序出行'}, {'经济型': '神州专车'}, {'经济型': '腾飞出行'}]",[{'': '极速拼车'}],[{'': '极速拼车'}],1,1.0,1.0,1
帮我用滴滴叫个舒适型的车去园博园。,"[{'六座': '六座专车'}, {'六座': '六座快车'}, {'六座': '六座豪华车'}, {'快速': '出租车'}, {'快速': '宽敞好车'}, {'快速': '方舟行'}, {'快速': '曹操出行'}, {'快速': '武汉新出租'}, {'快速': '滴滴优享'}, {'快速': '滴滴快车'}, {'快速': '滴滴特快'}, {'快速': '滴滴轻享'}, {'快速': '长沙新出租'}, {'拼车': '极速拼车'}, {'拼车': '滴滴小巴'}, {'拼车': '特价拼车'}, {'推荐': '滴滴快车'}, {'推荐': '滴滴特快'}, {'推荐': '特快出租车'}, {'推荐': '特惠快车'}, {'推荐': '花小猪正价版'}, {'特价': '惊喜特价'}, {'特价': '花小猪外接版'}, {'舒适': '滴滴专车'}]",[{'舒适': '滴滴专车'}],[{'舒适': '滴滴专车'}],1,1.0,1.0,1
昆明滇池边打车到长水机场，别超过120元。,"[{'六座': '六座专车'}, {'六座': '六座豪华车'}, {'快速': '出租车'}, {'快速': '曹操出行'}, {'快速': '滴滴特快'}, {'快速': '滴滴轻享'}, {'拼车': '极速拼车'}, {'拼车': '特价拼车'}, {'推荐': '滴滴快车'}, {'推荐': '特惠快车'}, {'推荐': '花小猪正价版'}, {'特价': '花小猪外接版'}, {'舒适': '滴滴专车'}, {'舒适': '滴滴豪华车'}]",[],[],1,1.0,1.0,1
打车去科技馆，特惠快车价格不超30，不拼车,"[{'六座': '六座专车'}, {'快速': '出租车'}, {'快速': '曹操出行'}, {'快速': '滴滴轻享'}, {'拼车': '极速拼车'}, {'拼车': '特价拼车'}, {'推荐': '滴滴快车'}, {'推荐': '特惠快车'}, {'推荐': '花小猪正价版'}, {'特价': '惊喜特价'}, {'特价': '花小猪外接版'}, {'舒适': '滴滴专车'}, {'舒适': '滴滴豪华车'}]",[{'推荐': '特惠快车'}],[{'推荐': '特惠快车'}],1,1.0,1.0,1
叫个专车去机场，价格别超95块。,"[{'': '极速拼车'}, {'': '特惠快车'}, {'优享型': '东潮出行'}, {'优享型': '享道出行'}, {'优享型': '优e出行特选'}, {'优享型': '及时用车'}, {'优享型': '妥妥E行'}, {'优享型': '旗妙出行'}, {'优享型': '星徽出行'}, {'优享型': '火箭出行'}, {'优享型': '环旅出行'}, {'优享型': '神州专车'}, {'优享型': '腾飞出行'}, {'优享型': '风韵出行'}, {'优享型': '飞嘀打车'}, {'六座商务': '宽敞空间 商务体验'}, {'出租车': '车多应答快'}, {'品质专车': '静音不打扰 整洁无异味'}, {'快速出发': '无'}, {'惠享专车': '神州专车'}, {'拼车': '出租车拼车'}, {'拼车': '特惠快车'}, {'推荐': '推荐专车'}, {'推荐': '极速拼车'}, {'特价出发': '更多特价'}, {'特快车': '超值体验 更快上车'}, {'经济': '首汽约车'}, {'经济型': '5U出行'}, {'经济型': '900出行'}, {'经济型': 'AA出行'}, {'经济型': 'T3出行'}, {'经济型': '东潮出行'}, {'经济型': '中交出行'}, {'经济型': '中军出行'}, {'经济型': '北京新出租'}, {'经济型': '国泰出租'}, {'经济型': '旅程出租'}, {'经济型': '旗妙出行'}, {'经济型': '日初出行'}, {'经济型': '星徽出行'}, {'经济型': '曹操出行'}, {'经济型': '有序出行'}, {'经济型': '添猫出行'}, {'经济型': '渔阳出行'}, {'经济型': '神州专车'}, {'经济型': '聚的新出租'}, {'经济型': '腾飞出行'}, {'经济型': '飞嘀打车'}, {'豪华型': '车型高端 服务专业'}, {'轻享专车': '静音不打扰 整洁无异味'}]","[{'优享型': '神州专车'}, {'品质专车': '静音不打扰 整洁无异味'}, {'惠享专车': '神州专车'}, {'推荐': '推荐专车'}, {'经济型': '神州专车'}, {'轻享专车': '静音不打扰 整洁无异味'}]","[{'优享型': '神州专车'}, {'品质专车': '静音不打扰 整洁无异味'}, {'惠享专车': '神州专车'}, {'推荐': '推荐专车'}, {'经济型': '神州专车'}, {'轻享专车': '静音不打扰 整洁无异味'}]",1,1.0,1.0,1
用特价拼车去最近的万达广场，费用不超过30元。,"[{'六座': '六座专车'}, {'快速': '出租车'}, {'快速': '曹操出行'}, {'快速': '滴滴优享'}, {'快速': '滴滴特快'}, {'快速': '滴滴轻享'}, {'拼车': '特价拼车'}, {'推荐': '滴滴快车'}, {'推荐': '特惠快车'}, {'推荐': '花小猪正价版'}, {'特价': '惊喜特价'}, {'特价': '花小猪外接版'}, {'舒适': '滴滴专车'}]",[{'拼车': '特价拼车'}],[{'拼车': '特价拼车'}],1,1.0,1.0,1
打个特价拼车去笔架山公园，30元以内。,"[{'': '极速拼车'}, {'': '特惠快车'}, {'优享型': 'T3出行'}, {'优享型': '中交出行'}, {'优享型': '享道出行'}, {'优享型': '及时用车'}, {'优享型': '旗妙出行'}, {'优享型': '星徽出行'}, {'优享型': '腾飞出行'}, {'经济型': '365约车'}, {'经济型': '5U出行'}, {'经济型': '900出行'}, {'经济型': 'T3出行'}, {'经济型': '享道出行'}, {'经济型': '如祺出行'}, {'经济型': '妥妥E行'}, {'经济型': '斑马快跑'}, {'经济型': '旗妙出行'}, {'经济型': '有序出行'}, {'经济型': '深圳出租'}, {'经济型': '腾飞出行'}, {'经济型': '飞嘀打车'}, {'经济型': '首汽约车'}]",[{'': '极速拼车'}],[{'': '极速拼车'}],1,1.0,1.0,1
打车去雷峰塔，全部车型都选上。,"[{'六座': '六座专车'}, {'六座': '六座豪华车'}, {'快速': '出租车'}, {'快速': '宽敞好车'}, {'快速': '方舟行'}, {'快速': '曹操出行'}, {'快速': '武汉新出租'}, {'快速': '滴滴优享'}, {'快速': '滴滴快车'}, {'快速': '滴滴特快'}, {'快速': '滴滴轻享'}, {'快速': '长沙新出租'}, {'拼车': '极速拼车'}, {'拼车': '特价拼车'}, {'推荐': '宽敞好车'}, {'推荐': '滴滴快车'}, {'推荐': '滴滴特快'}, {'推荐': '特快出租车'}, {'推荐': '特惠快车'}, {'推荐': '花小猪正价版'}, {'特价': '惊喜特价'}, {'特价': '花小猪外接版'}, {'舒适': '滴滴专车'}, {'舒适': '滴滴豪华车'}]",[{'all': 'all'}],[{'all': 'all'}],1,1.0,1.0,1
打的去上海中心，价格不限。,"[{'': '极速拼车'}, {'': '特惠快车'}, {'优享型': '东潮出行'}, {'优享型': '享道出行'}, {'优享型': '优e出行特选'}, {'优享型': '妥妥E行'}, {'优享型': '旗妙出行'}, {'优享型': '星徽出行'}, {'优享型': '曹操出行'}, {'优享型': '添猫出行'}, {'优享型': '环旅出行'}, {'优享型': '阳光出行'}, {'优享型': '风韵出行'}, {'优享型': '飞嘀打车'}, {'优享型': '首汽约车'}, {'六座商务': '宽敞空间 商务体验'}, {'出租车': '车多应答快'}, {'品质专车': '静音不打扰 整洁无异味'}, {'快速出发': '无'}, {'惠享专车': '阳光出行'}, {'拼车': '出租车拼车'}, {'拼车': '特惠快车'}, {'推荐': '极速拼车'}, {'推荐': '特惠快车'}, {'特价出发': '惊喜特价'}, {'特快车': '超值体验 更快上车'}, {'经济': '首汽约车'}, {'经济型': '5U出行'}, {'经济型': '900出行'}, {'经济型': 'AA出行'}, {'经济型': '中交出行'}, {'经济型': '享道出行'}, {'经济型': '全民GO'}, {'经济型': '及时用车'}, {'经济型': '国泰出租'}, {'经济型': '斑马快跑'}, {'经济型': '曹操出行'}, {'经济型': '添猫出行'}, {'经济型': '聚的新出租'}, {'经济型': '阳光出行'}, {'经济型': '飞嘀打车'}, {'经济型': '首汽约车'}, {'豪华型': '车型高端 服务专业'}, {'轻享专车': '静音不打扰 整洁无异味'}]",[],[],1,1.0,1.0,1
用特价拼车或者曹操出行到虎门高铁站，费用不超过50块。,"[{'六座': '六座专车'}, {'快速': '出租车'}, {'快速': '曹操出行'}, {'快速': '滴滴特快'}, {'快速': '滴滴轻享'}, {'拼车': '极速拼车'}, {'拼车': '特价拼车'}, {'推荐': '滴滴快车'}, {'推荐': '特快出租车'}, {'推荐': '特惠快车'}, {'推荐': '花小猪正价版'}, {'特价': '惊喜特价'}, {'特价': '花小猪外接版'}, {'舒适': '滴滴专车'}]","[{'快速': '曹操出行'}, {'拼车': '特价拼车'}]","[{'快速': '曹操出行'}, {'拼车': '特价拼车'}]",1,1.0,1.0,1
打个特价拼车去南苑森林湿地公园，预算不超过50元。,"[{'六座': '六座专车'}, {'快速': '出租车'}, {'快速': '曹操出行'}, {'快速': '滴滴特快'}, {'快速': '滴滴轻享'}, {'拼车': '极速拼车'}, {'拼车': '特价拼车'}, {'推荐': '滴滴快车'}, {'推荐': '特惠快车'}, {'推荐': '花小猪正价版'}, {'特价': '花小猪外接版'}, {'舒适': '滴滴专车'}]",[{'拼车': '特价拼车'}],[{'拼车': '特价拼车'}],1,1.0,1.0,1
"# 用户历史会话：
1. 叫辆出租车去萧山国际机场

# 用户需求：
不超过180元。

# 用户可以选择的车型组合为：
[{""六座"": ""六座专车""}, {""六座"": ""六座快车""}, {""六座"": ""六座豪华车""}, {""快速"": ""丽江新出租""}, {""快速"": ""出租车""}, {""快速"": ""宽敞好车""}, {""快速"": ""方舟行""}, {""快速"": ""曹操出行""}, {""快速"": ""武汉新出租""}, {""快速"": ""滴滴优享""}, {""快速"": ""滴滴快车""}, {""快速"": ""滴滴特快""}, {""快速"": ""滴滴轻享""}, {""快速"": ""长沙新出租""}, {""拼车"": ""极速拼车""}, {""拼车"": ""特价拼车""}, {""推荐"": ""滴滴快车""}, {""推荐"": ""滴滴特快""}, {""推荐"": ""特快出租车""}, {""推荐"": ""特惠快车""}, {""推荐"": ""花小猪正价版""}, {""特价"": ""惊喜特价""}, {""特价"": ""花小猪外接版""}, {""舒适"": ""滴滴专车""}, {""舒适"": ""滴滴豪华车""}]",[],"[{'快速': '丽江新出租'}, {'快速': '出租车'}, {'快速': '武汉新出租'}, {'快速': '长沙新出租'}, {'推荐': '特快出租车'}]","[{'快速': '丽江新出租'}, {'快速': '出租车'}, {'快速': '武汉新出租'}, {'快速': '长沙新出租'}, {'推荐': '特快出租车'}]",1,1.0,1.0,1
用曹操出行去元芬地铁站，价格不超过60元。,"[{'': '极速拼车'}, {'': '特惠快车'}, {'优享型': '东潮出行'}, {'优享型': '中交出行'}, {'优享型': '享道出行'}, {'优享型': '及时用车'}, {'优享型': '斑马快跑'}, {'优享型': '星徽出行'}, {'优享型': '曹操出行'}, {'优享型': '火箭出行'}, {'优享型': '环旅出行'}, {'优享型': '腾飞出行'}, {'优享型': '阳光出行'}, {'优享型': '风韵出行'}, {'经济型': 'T3出行'}, {'经济型': '中军出行'}, {'经济型': '全民GO'}, {'经济型': '北京新出租'}, {'经济型': '北京的士'}, {'经济型': '妥妥E行'}, {'经济型': '斑马快跑'}, {'经济型': '旗妙出行'}, {'经济型': '星徽出行'}, {'经济型': '曹操出行'}, {'经济型': '有序出行'}, {'经济型': '腾飞出行'}, {'经济型': '阳光出行'}]","[{'优享型': '曹操出行'}, {'经济型': '曹操出行'}]","[{'优享型': '曹操出行'}, {'经济型': '曹操出行'}]",1,1.0,1.0,1
需要一辆顺风车，前往南京东南大学，要在30分钟内出发,"[{'六座': '六座专车'}, {'出租': '出租车'}, {'快速': '滴滴快车'}, {'快速': '特快出租车'}, {'拼车': '极速拼车'}, {'拼车': '特价拼车'}, {'特价': '特惠快车'}, {'特价': '花小猪外接版'}, {'特价拼车': '特价拼车'}, {'特快车': '特快车'}, {'特惠快车': '特惠快车'}, {'经济': '365约车'}, {'经济': '聚优出租'}, {'舒适出发': '滴滴专车'}, {'舒适出发': '滴滴豪华车'}]",[],[],1,1.0,1.0,1
七里河到西固，商务车90元内。,"[{'': '极速拼车'}, {'': '特惠快车'}, {'优享型': 'T3出行'}, {'优享型': '东潮出行'}, {'优享型': '中交出行'}, {'优享型': '及时用车'}, {'优享型': '妥妥E行'}, {'优享型': '斑马快跑'}, {'优享型': '环旅出行'}, {'优享型': '神州专车'}, {'优享型': '腾飞出行'}, {'优享型': '阳光出行'}, {'优享型': '风韵出行'}, {'优享型': '飞嘀打车'}, {'经济型': '365约车'}, {'经济型': 'AA出行'}, {'经济型': '东潮出行'}, {'经济型': '中交出行'}, {'经济型': '中军出行'}, {'经济型': '享道出行'}, {'经济型': '如祺出行'}, {'经济型': '斑马快跑'}, {'经济型': '旗妙出行'}, {'经济型': '星徽出行'}, {'经济型': '深圳出租'}, {'经济型': '神州专车'}]",[],[],1,1.0,1.0,1
需要去林芝桃花沟，叫个特价车，费用95左右,"[{'六座': '六座专车'}, {'六座': '六座快车'}, {'六座': '六座豪华车'}, {'快速': '出租车'}, {'快速': '宽敞好车'}, {'快速': '方舟行'}, {'快速': '曹操出行'}, {'快速': '滴滴优享'}, {'快速': '滴滴快车'}, {'快速': '滴滴特快'}, {'快速': '滴滴轻享'}, {'拼车': '特价拼车'}, {'推荐': '滴滴快车'}, {'推荐': '滴滴特快'}, {'推荐': '特快出租车'}, {'推荐': '特惠快车'}, {'推荐': '花小猪正价版'}, {'特价': '花小猪外接版'}, {'舒适': '滴滴专车'}]","[{'拼车': '特价拼车'}, {'推荐': '特惠快车'}, {'特价': '花小猪外接版'}]","[{'拼车': '特价拼车'}, {'推荐': '特惠快车'}, {'特价': '花小猪外接版'}]",1,1.0,1.0,1
在杭州西湖边上打车去萧山机场，希望是经济车型。,"[{'六座': '六座专车'}, {'快速': '出租车'}, {'快速': '曹操出行'}, {'快速': '滴滴特快'}, {'快速': '滴滴轻享'}, {'拼车': '特价拼车'}, {'推荐': '滴滴快车'}, {'推荐': '特惠快车'}, {'推荐': '花小猪正价版'}, {'特价': '惊喜特价'}, {'特价': '特惠快车'}, {'特价': '花小猪外接版'}, {'舒适': '滴滴专车'}]",[],[],1,1.0,1.0,1
兰州中山桥到中川机场，需要一辆能容纳行李的大车。,"[{'六座': '六座专车'}, {'快速': '出租车'}, {'快速': '曹操出行'}, {'快速': '滴滴特快'}, {'快速': '滴滴轻享'}, {'拼车': '极速拼车'}, {'拼车': '特价拼车'}, {'推荐': '特惠快车'}, {'推荐': '花小猪正价版'}, {'特价': '惊喜特价'}, {'特价': '花小猪外接版'}, {'舒适': '滴滴专车'}, {'舒适': '滴滴豪华车'}]",[],[],1,1.0,1.0,1
用特惠快车到南京站，不超50。,"[{'': '极速拼车'}, {'': '特惠快车'}, {'优享型': 'AA出行'}, {'优享型': '东潮出行'}, {'优享型': '享道出行'}, {'优享型': '及时用车'}, {'优享型': '曹操出行'}, {'优享型': '火箭出行'}, {'优享型': '阳光出行'}, {'优享型': '风韵出行'}, {'优享型': '首汽约车'}, {'经济型': '5U出行'}, {'经济型': '900出行'}, {'经济型': 'AA出行'}, {'经济型': '东潮出行'}, {'经济型': '中交出行'}, {'经济型': '享道出行'}, {'经济型': '全民GO'}, {'经济型': '北京的士'}, {'经济型': '如祺出行'}, {'经济型': '旗妙出行'}, {'经济型': '星徽出行'}, {'经济型': '有序出行'}, {'经济型': '聚的新出租'}, {'经济型': '飞嘀打车'}, {'经济型': '首汽约车'}]",[{'': '特惠快车'}],[{'': '特惠快车'}],1,1.0,1.0,1
打车去红山动物园，勾选特惠快车和特价拼车。,"[{'六座': '六座专车'}, {'六座': '六座豪华车'}, {'快速': '出租车'}, {'快速': '曹操出行'}, {'快速': '滴滴特快'}, {'快速': '滴滴轻享'}, {'拼车': '极速拼车'}, {'拼车': '特价拼车'}, {'推荐': '滴滴快车'}, {'推荐': '特惠快车'}, {'推荐': '花小猪正价版'}, {'特价': '惊喜特价'}, {'特价': '花小猪外接版'}, {'舒适': '滴滴专车'}]","[{'拼车': '特价拼车'}, {'推荐': '特惠快车'}]","[{'拼车': '特价拼车'}, {'推荐': '特惠快车'}]",1,1.0,1.0,1
从北京西站到上海虹桥机场，叫特快出租车或曹操出行或极速拼车。,"[{'六座': '六座专车'}, {'快速': '出租车'}, {'快速': '曹操出行'}, {'快速': '滴滴特快'}, {'快速': '滴滴轻享'}, {'拼车': '特价拼车'}, {'推荐': '滴滴快车'}, {'推荐': '特快出租车'}, {'推荐': '特惠快车'}, {'推荐': '花小猪正价版'}, {'特价': '花小猪外接版'}, {'舒适': '滴滴专车'}]","[{'快速': '出租车'}, {'快速': '曹操出行'}, {'推荐': '特快出租车'}]","[{'快速': '出租车'}, {'快速': '曹操出行'}, {'推荐': '特快出租车'}]",1,1.0,1.0,1
用高德打车去玉龙新村，选风韵出行。,"[{'': '极速拼车'}, {'': '特惠快车'}, {'优享型': 'T3出行'}, {'优享型': '东潮出行'}, {'优享型': '及时用车'}, {'优享型': '妥妥E行'}, {'优享型': '旗妙出行'}, {'优享型': '星徽出行'}, {'优享型': '曹操出行'}, {'优享型': '火箭出行'}, {'优享型': '神州专车'}, {'优享型': '腾飞出行'}, {'优享型': '风韵出行'}, {'优享型': '首汽约车'}, {'经济型': '365约车'}, {'经济型': '5U出行'}, {'经济型': 'AA出行'}, {'经济型': '东潮出行'}, {'经济型': '中交出行'}, {'经济型': '中军出行'}, {'经济型': '全民GO'}, {'经济型': '北京的士'}, {'经济型': '及时用车'}, {'经济型': '如祺出行'}, {'经济型': '斑马快跑'}, {'经济型': '旗妙出行'}, {'经济型': '星徽出行'}, {'经济型': '有序出行'}, {'经济型': '腾飞出行'}, {'经济型': '阳光出行'}, {'经济型': '飞嘀打车'}, {'经济型': '首汽约车'}]",[{'优享型': '风韵出行'}],[{'优享型': '风韵出行'}],1,1.0,1.0,1
高德特价拼车到北京环球度假区，价格限制在50以内。,"[{'': '极速拼车'}, {'': '特惠快车'}, {'优享型': '东潮出行'}, {'优享型': '中交出行'}, {'优享型': '享道出行'}, {'优享型': '星徽出行'}, {'优享型': '曹操出行'}, {'优享型': '神州专车'}, {'优享型': '风韵出行'}, {'经济型': '365约车'}, {'经济型': '900出行'}, {'经济型': 'T3出行'}, {'经济型': '东潮出行'}, {'经济型': '中交出行'}, {'经济型': '北京新出租'}, {'经济型': '妥妥E行'}, {'经济型': '斑马快跑'}, {'经济型': '有序出行'}, {'经济型': '深圳出租'}, {'经济型': '聚的新出租'}, {'经济型': '腾飞出行'}, {'经济型': '飞嘀打车'}]",[{'': '极速拼车'}],[{'': '极速拼车'}],1,1.0,1.0,1
用特惠快车或惊喜特价去周水子机场，选曹操出行或极速拼车也行，尽快出发。,"[{'六座': '六座专车'}, {'六座': '六座豪华车'}, {'快速': '出租车'}, {'快速': '曹操出行'}, {'快速': '滴滴轻享'}, {'拼车': '极速拼车'}, {'拼车': '特价拼车'}, {'推荐': '滴滴快车'}, {'推荐': '特快出租车'}, {'推荐': '特惠快车'}, {'推荐': '花小猪正价版'}, {'特价': '惊喜特价'}, {'特价': '特惠快车'}, {'特价': '花小猪外接版'}, {'舒适': '滴滴专车'}, {'舒适': '滴滴豪华车'}]","[{'快速': '曹操出行'}, {'拼车': '极速拼车'}, {'推荐': '特惠快车'}, {'特价': '惊喜特价'}, {'特价': '特惠快车'}]","[{'快速': '曹操出行'}, {'拼车': '极速拼车'}, {'推荐': '特惠快车'}, {'特价': '惊喜特价'}, {'特价': '特惠快车'}]",1,1.0,1.0,1
大连星海广场到周水子机场，需要一辆有儿童座椅的车型。,"[{'六座': '六座专车'}, {'六座': '六座豪华车'}, {'快速': '出租车'}, {'快速': '曹操出行'}, {'快速': '滴滴特快'}, {'快速': '滴滴轻享'}, {'拼车': '特价拼车'}, {'推荐': '滴滴快车'}, {'推荐': '特快出租车'}, {'推荐': '特惠快车'}, {'推荐': '花小猪正价版'}, {'特价': '惊喜特价'}, {'特价': '花小猪外接版'}, {'舒适': '滴滴专车'}, {'舒适': '滴滴豪华车'}]",[],[],1,1.0,1.0,1
打的去甘肃国际会展中心，车型不限。,"[{'六座': '六座专车'}, {'六座': '六座豪华车'}, {'快速': '出租车'}, {'快速': '宽敞好车'}, {'快速': '方舟行'}, {'快速': '曹操出行'}, {'快速': '武汉新出租'}, {'快速': '滴滴优享'}, {'快速': '滴滴快车'}, {'快速': '滴滴特快'}, {'快速': '滴滴轻享'}, {'快速': '长沙新出租'}, {'拼车': '极速拼车'}, {'拼车': '特价拼车'}, {'推荐': '滴滴快车'}, {'推荐': '特惠快车'}, {'推荐': '花小猪正价版'}, {'特价': '惊喜特价'}, {'特价': '花小猪外接版'}, {'舒适': '滴滴专车'}]",[],[],1,1.0,1.0,1
从长沙橘子洲头到黄花国际机场，要一辆宽敞的车。,"[{'六座': '六座专车'}, {'快速': '出租车'}, {'快速': '曹操出行'}, {'快速': '滴滴特快'}, {'快速': '滴滴轻享'}, {'拼车': '特价拼车'}, {'推荐': '滴滴快车'}, {'推荐': '特快出租车'}, {'推荐': '特惠快车'}, {'推荐': '花小猪正价版'}, {'特价': '花小猪外接版'}, {'舒适': '滴滴专车'}, {'舒适': '滴滴豪华车'}]",[],[],1,1.0,1.0,1
打个特惠快车去大梅沙，价格不超过30元。,"[{'六座': '六座专车'}, {'快速': '出租车'}, {'快速': '曹操出行'}, {'快速': '滴滴优享'}, {'快速': '滴滴特快'}, {'快速': '滴滴轻享'}, {'拼车': '特价拼车'}, {'推荐': '滴滴快车'}, {'推荐': '特惠快车'}, {'推荐': '花小猪正价版'}, {'特价': '惊喜特价'}, {'特价': '特惠快车'}, {'特价': '花小猪外接版'}, {'舒适': '滴滴专车'}]","[{'推荐': '特惠快车'}, {'特价': '特惠快车'}]","[{'推荐': '特惠快车'}, {'特价': '特惠快车'}]",1,1.0,1.0,1
从成都春熙路打车到宽窄巷子，要打车费最低的,"[{'六座': '六座专车'}, {'出租': '出租车'}, {'快速': '滴滴快车'}, {'快速': '特快出租车'}, {'拼车': '极速拼车'}, {'拼车': '特价拼车'}, {'特价': '特惠快车'}, {'特价': '花小猪外接版'}, {'特价拼车': '特价拼车'}, {'特快车': '特快车'}, {'特惠快车': '特惠快车'}, {'经济': '365约车'}, {'经济': '聚优出租'}, {'舒适出发': '滴滴专车'}, {'舒适出发': '滴滴豪华车'}]",[],[],1,1.0,1.0,1
用高德叫车到深圳北站，选择特价拼车、特惠快车、神州专车。,"[{'': '极速拼车'}, {'': '特惠快车'}, {'优享型': '妥妥E行'}, {'优享型': '斑马快跑'}, {'优享型': '旗妙出行'}, {'优享型': '环旅出行'}, {'优享型': '腾飞出行'}, {'优享型': '风韵出行'}, {'优享型': '飞嘀打车'}, {'经济型': '900出行'}, {'经济型': 'AA出行'}, {'经济型': 'T3出行'}, {'经济型': '东潮出行'}, {'经济型': '中交出行'}, {'经济型': '中军出行'}, {'经济型': '享道出行'}, {'经济型': '全民GO'}, {'经济型': '北京新出租'}, {'经济型': '北京的士'}, {'经济型': '妥妥E行'}, {'经济型': '斑马快跑'}, {'经济型': '旗妙出行'}, {'经济型': '星徽出行'}, {'经济型': '曹操出行'}, {'经济型': '深圳出租'}, {'经济型': '聚的新出租'}, {'经济型': '腾飞出行'}, {'经济型': '阳光出行'}, {'经济型': '飞嘀打车'}]",[{'': '特惠快车'}],"[{'': '极速拼车'}, {'': '特惠快车'}]",1,0.5,0.6666666666666666,0
静安寺到外滩，用特价拼车，不能超30,"[{'': '极速拼车'}, {'': '特惠快车'}, {'优享型': '东潮出行'}, {'优享型': '中交出行'}, {'优享型': '享道出行'}, {'优享型': '妥妥E行'}, {'优享型': '曹操出行'}, {'优享型': '火箭出行'}, {'优享型': '环旅出行'}, {'优享型': '神州专车'}, {'优享型': '阳光出行'}, {'优享型': '风韵出行'}, {'优享型': '飞嘀打车'}, {'经济型': '5U出行'}, {'经济型': '900出行'}, {'经济型': '东潮出行'}, {'经济型': '享道出行'}, {'经济型': '全民GO'}, {'经济型': '北京新出租'}, {'经济型': '北京的士'}, {'经济型': '如祺出行'}, {'经济型': '斑马快跑'}, {'经济型': '旗妙出行'}, {'经济型': '曹操出行'}, {'经济型': '有序出行'}, {'经济型': '深圳出租'}, {'经济型': '神州专车'}, {'经济型': '阳光出行'}, {'经济型': '飞嘀打车'}, {'经济型': '首汽约车'}]",[{'': '极速拼车'}],[{'': '极速拼车'}],1,1.0,1.0,1
选个极速拼车去北京欢乐谷，价格不超过15000元。,"[{'': '极速拼车'}, {'': '特惠快车'}, {'优享型': 'T3出行'}, {'优享型': '全民GO'}, {'优享型': '斑马快跑'}, {'优享型': '星徽出行'}, {'优享型': '曹操出行'}, {'优享型': '火箭出行'}, {'优享型': '神州专车'}, {'优享型': '腾飞出行'}, {'优享型': '阳光出行'}, {'优享型': '首汽约车'}, {'经济型': '5U出行'}, {'经济型': 'AA出行'}, {'经济型': 'T3出行'}, {'经济型': '中军出行'}, {'经济型': '享道出行'}, {'经济型': '北京新出租'}, {'经济型': '北京的士'}, {'经济型': '及时用车'}, {'经济型': '斑马快跑'}, {'经济型': '旗妙出行'}, {'经济型': '星徽出行'}, {'经济型': '有序出行'}, {'经济型': '深圳出租'}, {'经济型': '腾飞出行'}]",[{'': '极速拼车'}],[{'': '极速拼车'}],1,1.0,1.0,1
从学校到家，叫个特价拼车或惊喜特价，价格控制在15元以内。,"[{'六座': '六座专车'}, {'快速': '出租车'}, {'快速': '曹操出行'}, {'快速': '滴滴轻享'}, {'拼车': '特价拼车'}, {'推荐': '滴滴快车'}, {'推荐': '特惠快车'}, {'推荐': '花小猪正价版'}, {'特价': '惊喜特价'}, {'特价': '花小猪外接版'}, {'舒适': '滴滴专车'}, {'舒适': '滴滴豪华车'}]","[{'拼车': '特价拼车'}, {'特价': '惊喜特价'}]","[{'拼车': '特价拼车'}, {'特价': '惊喜特价'}]",1,1.0,1.0,1
打车去宝安机场，车型选择极速拼车、特惠快车和六座商务,"[{'': '特惠快车'}, {'': '远途极速拼'}, {'优享型': 'T3出行'}, {'优享型': '东潮出行'}, {'优享型': '中交出行'}, {'优享型': '享道出行'}, {'优享型': '全民GO'}, {'优享型': '及时用车'}, {'优享型': '妥妥E行'}, {'优享型': '斑马快跑'}, {'优享型': '曹操出行'}, {'优享型': '神州专车'}, {'优享型': '阳光出行'}, {'优享型': '飞嘀打车'}, {'优享型': '首汽约车'}, {'经济型': '5U出行'}, {'经济型': '900出行'}, {'经济型': 'T3出行'}, {'经济型': '东潮出行'}, {'经济型': '中交出行'}, {'经济型': '中军出行'}, {'经济型': '享道出行'}, {'经济型': '全民GO'}, {'经济型': '及时用车'}, {'经济型': '如祺出行'}, {'经济型': '妥妥E行'}, {'经济型': '斑马快跑'}, {'经济型': '曹操出行'}, {'经济型': '深圳出租'}, {'经济型': '神州专车'}, {'经济型': '聚的新出租'}, {'经济型': '阳光出行'}, {'经济型': '飞嘀打车'}]","[{'': '特惠快车'}, {'': '远途极速拼'}]","[{'': '特惠快车'}, {'': '远途极速拼'}]",1,1.0,1.0,1
从宁波天一广场到栎社机场，用特价拼车或花小猪正价版。,"[{'六座': '六座专车'}, {'快速': '出租车'}, {'快速': '曹操出行'}, {'快速': '滴滴特快'}, {'快速': '滴滴轻享'}, {'拼车': '极速拼车'}, {'拼车': '特价拼车'}, {'推荐': '滴滴快车'}, {'推荐': '特惠快车'}, {'推荐': '花小猪正价版'}, {'特价': '惊喜特价'}, {'特价': '特惠快车'}, {'特价': '花小猪外接版'}, {'舒适': '滴滴专车'}]","[{'拼车': '特价拼车'}, {'推荐': '花小猪正价版'}]","[{'拼车': '特价拼车'}, {'推荐': '花小猪正价版'}]",1,1.0,1.0,1
打辆腾飞出行或风韵专车去创业园B座，车费至少20元。,"[{'': '极速拼车'}, {'': '特惠快车'}, {'优享型': '东潮出行'}, {'优享型': '中交出行'}, {'优享型': '享道出行'}, {'优享型': '斑马快跑'}, {'优享型': '旗妙出行'}, {'优享型': '腾飞出行'}, {'优享型': '首汽约车'}, {'经济型': '365约车'}, {'经济型': '900出行'}, {'经济型': 'AA出行'}, {'经济型': 'T3出行'}, {'经济型': '东潮出行'}, {'经济型': '享道出行'}, {'经济型': '北京新出租'}, {'经济型': '妥妥E行'}, {'经济型': '星徽出行'}, {'经济型': '有序出行'}, {'经济型': '神州专车'}, {'经济型': '聚的新出租'}, {'经济型': '飞嘀打车'}]",[{'优享型': '腾飞出行'}],[{'优享型': '腾飞出行'}],1,1.0,1.0,1
给我打出租车去南京站,"[{'': '极速拼车'}, {'': '特惠快车'}, {'优享型': 'T3出行'}, {'优享型': '享道出行'}, {'优享型': '及时用车'}, {'优享型': '叮叮出行'}, {'优享型': '旅程约车'}, {'优享型': '曹操出行'}, {'优享型': '有滴出行'}, {'优享型': '环旅出行'}, {'优享型': '神州专车'}, {'优享型': '腾飞出行'}, {'优享型': '阳光出行'}, {'优享型': '鞍马出行'}, {'优享型': '风韵出行'}, {'优享型': '首汽约车'}, {'经济型': 'T3出行'}, {'经济型': '享道出行'}, {'经济型': '南京出租'}, {'经济型': '及时用车'}, {'经济型': '叮叮出行'}, {'经济型': '妥妥E行'}, {'经济型': '旅程约车'}, {'经济型': '曹操出行'}, {'经济型': '有序出行'}, {'经济型': '有滴出行'}, {'经济型': '沛途出行'}, {'经济型': '环旅出行'}, {'经济型': '神州专车'}, {'经济型': '聚优出租'}, {'经济型': '腾飞出行'}, {'经济型': '腾飞新出租'}, {'经济型': '迪尔出行'}, {'经济型': '阳光出行'}, {'经济型': '鞍马出行'}, {'经济型': '鞍马聚的新出租'}, {'经济型': '风韵出行'}, {'经济型': '首汽约车'}]","[{'经济型': '南京出租'}, {'经济型': '聚优出租'}, {'经济型': '腾飞新出租'}, {'经济型': '鞍马聚的新出租'}]","[{'经济型': '南京出租'}, {'经济型': '聚优出租'}, {'经济型': '腾飞新出租'}, {'经济型': '鞍马聚的新出租'}]",1,1.0,1.0,1
用特价拼车到旅顺口，费用控制在80元以内。,"[{'六座': '六座专车'}, {'六座': '六座豪华车'}, {'快速': '出租车'}, {'快速': '曹操出行'}, {'快速': '滴滴特快'}, {'快速': '滴滴轻享'}, {'拼车': '特价拼车'}, {'推荐': '滴滴快车'}, {'推荐': '特快出租车'}, {'推荐': '特惠快车'}, {'推荐': '花小猪正价版'}, {'特价': '惊喜特价'}, {'特价': '花小猪外接版'}, {'舒适': '滴滴专车'}]",[{'拼车': '特价拼车'}],[{'拼车': '特价拼车'}],1,1.0,1.0,1
用特惠快车或者惊喜特价去深圳宝安机场，总费用控制在200以内。,"[{'六座': '六座专车'}, {'六座': '六座豪华车'}, {'快速': '出租车'}, {'快速': '曹操出行'}, {'快速': '滴滴轻享'}, {'拼车': '极速拼车'}, {'拼车': '特价拼车'}, {'推荐': '滴滴快车'}, {'推荐': '滴滴特快'}, {'推荐': '特快出租车'}, {'推荐': '特惠快车'}, {'推荐': '花小猪正价版'}, {'特价': '惊喜特价'}, {'特价': '花小猪外接版'}, {'舒适': '滴滴专车'}]","[{'推荐': '特惠快车'}, {'特价': '惊喜特价'}]","[{'推荐': '特惠快车'}, {'特价': '惊喜特价'}]",1,1.0,1.0,1
用滴滴叫辆特惠快车从滇池到长水机场，价格不超过28元。,"[{'六座': '六座专车'}, {'六座': '六座豪华车'}, {'快速': '出租车'}, {'快速': '曹操出行'}, {'快速': '滴滴优享'}, {'快速': '滴滴特快'}, {'快速': '滴滴轻享'}, {'拼车': '特价拼车'}, {'推荐': '滴滴快车'}, {'推荐': '特快出租车'}, {'推荐': '特惠快车'}, {'推荐': '花小猪正价版'}, {'特价': '惊喜特价'}, {'特价': '特惠快车'}, {'特价': '花小猪外接版'}, {'舒适': '滴滴专车'}]","[{'推荐': '特惠快车'}, {'特价': '特惠快车'}]","[{'推荐': '特惠快车'}, {'特价': '特惠快车'}]",1,1.0,1.0,1
叫个曹操出行去大梅沙，预算50元内。,"[{'': '极速拼车'}, {'': '特惠快车'}, {'优享型': '东潮出行'}, {'优享型': '妥妥E行'}, {'优享型': '旗妙出行'}, {'优享型': '曹操出行'}, {'优享型': '腾飞出行'}, {'优享型': '飞嘀打车'}, {'优享型': '首汽约车'}, {'经济型': '900出行'}, {'经济型': '东潮出行'}, {'经济型': '中交出行'}, {'经济型': '中军出行'}, {'经济型': '享道出行'}, {'经济型': '北京新出租'}, {'经济型': '及时用车'}, {'经济型': '斑马快跑'}, {'经济型': '星徽出行'}, {'经济型': '曹操出行'}, {'经济型': '神州专车'}, {'经济型': '聚的新出租'}, {'经济型': '阳光出行'}, {'经济型': '飞嘀打车'}]","[{'优享型': '曹操出行'}, {'经济型': '曹操出行'}]","[{'优享型': '曹操出行'}, {'经济型': '曹操出行'}]",1,1.0,1.0,1
约个特惠快车或曹操出行去万象城，控制在50元以内。,"[{'六座': '六座专车'}, {'六座': '六座豪华车'}, {'快速': '出租车'}, {'快速': '曹操出行'}, {'快速': '滴滴特快'}, {'快速': '滴滴轻享'}, {'拼车': '特价拼车'}, {'推荐': '滴滴快车'}, {'推荐': '特惠快车'}, {'推荐': '花小猪正价版'}, {'特价': '惊喜特价'}, {'特价': '花小猪外接版'}, {'舒适': '滴滴专车'}]","[{'快速': '曹操出行'}, {'推荐': '特惠快车'}]","[{'快速': '曹操出行'}, {'推荐': '特惠快车'}]",1,1.0,1.0,1
打个特惠快车和特价拼车去欢乐海岸。,"[{'六座': '六座专车'}, {'快速': '出租车'}, {'快速': '曹操出行'}, {'快速': '滴滴特快'}, {'快速': '滴滴轻享'}, {'拼车': '特价拼车'}, {'推荐': '滴滴快车'}, {'推荐': '特惠快车'}, {'推荐': '花小猪正价版'}, {'特价': '惊喜特价'}, {'特价': '花小猪外接版'}, {'舒适': '滴滴专车'}]","[{'拼车': '特价拼车'}, {'推荐': '特惠快车'}]","[{'拼车': '特价拼车'}, {'推荐': '特惠快车'}]",1,1.0,1.0,1
打车去太阳岛，全价位车型都选上。,"[{'六座': '六座专车'}, {'快速': '出租车'}, {'快速': '宽敞好车'}, {'快速': '方舟行'}, {'快速': '曹操出行'}, {'快速': '滴滴优享'}, {'快速': '滴滴快车'}, {'快速': '滴滴特快'}, {'快速': '滴滴轻享'}, {'拼车': '极速拼车'}, {'拼车': '特价拼车'}, {'推荐': '滴滴快车'}, {'推荐': '滴滴特快'}, {'推荐': '特快出租车'}, {'推荐': '特惠快车'}, {'推荐': '花小猪正价版'}, {'特价': '惊喜特价'}, {'特价': '花小猪外接版'}, {'舒适': '滴滴专车'}, {'舒适': '滴滴豪华车'}]",[{'all': 'all'}],[{'all': 'all'}],1,1.0,1.0,1
从滇池到长水机场，约一辆六座专车，适合家庭出行。,"[{'六座': '六座专车'}, {'快速': '出租车'}, {'快速': '曹操出行'}, {'快速': '滴滴特快'}, {'快速': '滴滴轻享'}, {'拼车': '特价拼车'}, {'推荐': '滴滴快车'}, {'推荐': '特快出租车'}, {'推荐': '特惠快车'}, {'推荐': '花小猪正价版'}, {'特价': '惊喜特价'}, {'特价': '花小猪外接版'}, {'舒适': '滴滴专车'}, {'舒适': '滴滴豪华车'}]",[{'六座': '六座专车'}],[{'六座': '六座专车'}],1,1.0,1.0,1
需要去安顺龙宫，叫一辆特价车，价格70以下,"[{'': '极速拼车'}, {'': '特惠快车'}, {'优享型': 'AA出行'}, {'优享型': 'T3出行'}, {'优享型': '中交出行'}, {'优享型': '享道出行'}, {'优享型': '全民GO'}, {'优享型': '及时用车'}, {'优享型': '旗妙出行'}, {'优享型': '添猫出行'}, {'优享型': '风韵出行'}, {'优享型': '首汽约车'}, {'六座商务': '宽敞空间 商务体验'}, {'出租车': '车多应答快'}, {'品质专车': '静音不打扰 整洁无异味'}, {'快速出发': '无'}, {'惠享专车': '曹操出行'}, {'惠享专车': '神州专车'}, {'拼车': '特惠快车'}, {'推荐': '推荐专车'}, {'特价出发': '惊喜特价'}, {'特快车': '超值体验 更快上车'}, {'经济': '首汽约车'}, {'经济型': '5U出行'}, {'经济型': '900出行'}, {'经济型': 'K9用车'}, {'经济型': 'T3出行'}, {'经济型': '中军出行'}, {'经济型': '及时用车'}, {'经济型': '国泰出租'}, {'经济型': '如祺出行'}, {'经济型': '斑马快跑'}, {'经济型': '旗妙出行'}, {'经济型': '有序出行'}, {'经济型': '聚的新出租'}, {'经济型': '阳光出行'}, {'经济型': '飞嘀打车'}, {'豪华型': '车型高端 服务专业'}, {'轻享专车': '静音不打扰 整洁无异味'}]","[{'': '特惠快车'}, {'拼车': '特惠快车'}, {'特价出发': '惊喜特价'}]","[{'': '特惠快车'}, {'拼车': '特惠快车'}, {'特价出发': '惊喜特价'}]",1,1.0,1.0,1
预约风韵专车前往欢乐海岸。,"[{'': '极速拼车'}, {'': '特惠快车'}, {'优享型': 'AA出行'}, {'优享型': 'T3出行'}, {'优享型': '东潮出行'}, {'优享型': '中交出行'}, {'优享型': '妥妥E行'}, {'优享型': '星徽出行'}, {'优享型': '火箭出行'}, {'优享型': '环旅出行'}, {'优享型': '阳光出行'}, {'优享型': '风韵出行'}, {'优享型': '飞嘀打车'}, {'优享型': '首汽约车'}, {'经济型': '900出行'}, {'经济型': 'AA出行'}, {'经济型': '东潮出行'}, {'经济型': '中军出行'}, {'经济型': '享道出行'}, {'经济型': '全民GO'}, {'经济型': '北京的士'}, {'经济型': '及时用车'}, {'经济型': '妥妥E行'}, {'经济型': '旗妙出行'}, {'经济型': '星徽出行'}, {'经济型': '曹操出行'}, {'经济型': '腾飞出行'}, {'经济型': '阳光出行'}, {'经济型': '飞嘀打车'}, {'经济型': '首汽约车'}]",[{'优享型': '风韵出行'}],[],0,0.0,0.0,0
去宝安机场订个特价拼车，不超过66元。,"[{'六座': '六座专车'}, {'六座': '六座豪华车'}, {'快速': '出租车'}, {'快速': '曹操出行'}, {'快速': '滴滴优享'}, {'快速': '滴滴特快'}, {'快速': '滴滴轻享'}, {'拼车': '极速拼车'}, {'拼车': '特价拼车'}, {'推荐': '滴滴快车'}, {'推荐': '特惠快车'}, {'推荐': '花小猪正价版'}, {'特价': '惊喜特价'}, {'特价': '花小猪外接版'}, {'舒适': '滴滴专车'}, {'舒适': '滴滴豪华车'}]",[{'拼车': '特价拼车'}],[{'拼车': '特价拼车'}],1,1.0,1.0,1
打车到阜康，拼车不超90。,"[{'六座': '六座专车'}, {'快速': '出租车'}, {'快速': '曹操出行'}, {'快速': '滴滴特快'}, {'快速': '滴滴轻享'}, {'拼车': '特价拼车'}, {'推荐': '滴滴快车'}, {'推荐': '特快出租车'}, {'推荐': '特惠快车'}, {'推荐': '花小猪正价版'}, {'特价': '惊喜特价'}, {'特价': '特惠快车'}, {'特价': '花小猪外接版'}, {'舒适': '滴滴专车'}]",[{'拼车': '特价拼车'}],[{'拼车': '特价拼车'}],1,1.0,1.0,1
合肥政务区打车到新桥机场，需要豪华轿车。,"[{'六座': '六座专车'}, {'出租': '出租车'}, {'快速': '滴滴快车'}, {'快速': '特快出租车'}, {'拼车': '极速拼车'}, {'拼车': '特价拼车'}, {'特价': '特惠快车'}, {'特价': '花小猪外接版'}, {'特价拼车': '特价拼车'}, {'特快车': '特快车'}, {'特惠快车': '特惠快车'}, {'经济': '365约车'}, {'经济': '聚优出租'}, {'舒适出发': '滴滴专车'}, {'舒适出发': '滴滴豪华车'}]",[{'舒适出发': '滴滴豪华车'}],[{'舒适出发': '滴滴豪华车'}],1,1.0,1.0,1
打个神州专车去东部华侨城，价格不超过48元。,"[{'': '极速拼车'}, {'': '特惠快车'}, {'优享型': 'AA出行'}, {'优享型': 'T3出行'}, {'优享型': '享道出行'}, {'优享型': '全民GO'}, {'优享型': '及时用车'}, {'优享型': '曹操出行'}, {'优享型': '火箭出行'}, {'优享型': '神州专车'}, {'优享型': '阳光出行'}, {'优享型': '风韵出行'}, {'经济型': '365约车'}, {'经济型': '5U出行'}, {'经济型': '900出行'}, {'经济型': 'T3出行'}, {'经济型': '东潮出行'}, {'经济型': '中军出行'}, {'经济型': '享道出行'}, {'经济型': '北京新出租'}, {'经济型': '北京的士'}, {'经济型': '如祺出行'}, {'经济型': '曹操出行'}, {'经济型': '深圳出租'}, {'经济型': '神州专车'}, {'经济型': '聚的新出租'}, {'经济型': '阳光出行'}, {'经济型': '飞嘀打车'}, {'经济型': '首汽约车'}]","[{'优享型': '神州专车'}, {'经济型': '神州专车'}]","[{'优享型': '神州专车'}, {'经济型': '神州专车'}]",1,1.0,1.0,1
从上海虹桥火车站到外滩，叫一辆六座专车或滴滴专车，路上大概需要多久？,"[{'六座': '六座专车'}, {'快速': '出租车'}, {'快速': '曹操出行'}, {'快速': '滴滴特快'}, {'快速': '滴滴轻享'}, {'拼车': '特价拼车'}, {'推荐': '滴滴快车'}, {'推荐': '滴滴特快'}, {'推荐': '特快出租车'}, {'推荐': '特惠快车'}, {'推荐': '花小猪正价版'}, {'特价': '惊喜特价'}, {'特价': '花小猪外接版'}, {'舒适': '滴滴专车'}]","[{'六座': '六座专车'}, {'舒适': '滴滴专车'}]","[{'六座': '六座专车'}, {'舒适': '滴滴专车'}]",1,1.0,1.0,1
打车去滇池，全部车型都选上。,"[{'': '极速拼车'}, {'': '特惠快车'}, {'优享型': '旗妙出行'}, {'优享型': '添猫出行'}, {'优享型': '火箭出行'}, {'优享型': '神州专车'}, {'优享型': '阳光出行'}, {'优享型': '首汽约车'}, {'六座商务': '宽敞空间 商务体验'}, {'出租车': '车多应答快'}, {'品质专车': '静音不打扰 整洁无异味'}, {'快速出发': '无'}, {'惠享专车': '及时用车'}, {'惠享专车': '阳光出行'}, {'拼车': '出租车拼车'}, {'推荐': '推荐专车'}, {'特价出发': '惊喜特价'}, {'特快车': '超值体验 更快上车'}, {'经济': '首汽约车'}, {'经济型': 'AA出行'}, {'经济型': 'K9用车'}, {'经济型': 'T3出行'}, {'经济型': '中交出行'}, {'经济型': '及时用车'}, {'经济型': '国泰出租'}, {'经济型': '如祺出行'}, {'经济型': '旗妙出行'}, {'经济型': '易至出行'}, {'经济型': '星徽出行'}, {'经济型': '深圳出租'}, {'经济型': '添猫出行'}, {'经济型': '渔阳出行'}, {'经济型': '神州专车'}, {'经济型': '腾飞出行'}, {'经济型': '阳光出行'}, {'经济型': '飞嘀打车'}, {'经济型': '首汽约车'}, {'豪华型': '车型高端 服务专业'}, {'轻享专车': '静音不打扰 整洁无异味'}]",[{'all': 'all'}],[{'all': 'all'}],1,1.0,1.0,1
两人去南京新街口，要经济型车。,"[{'六座': '六座专车'}, {'出租': '出租车'}, {'快速': '滴滴快车'}, {'快速': '特快出租车'}, {'拼车': '极速拼车'}, {'拼车': '特价拼车'}, {'特价': '特惠快车'}, {'特价': '花小猪外接版'}, {'特价拼车': '特价拼车'}, {'特快车': '特快车'}, {'特惠快车': '特惠快车'}, {'经济': '365约车'}, {'经济': '聚优出租'}, {'舒适出发': '滴滴专车'}, {'舒适出发': '滴滴豪华车'}]","[{'拼车': '特价拼车'}, {'特价': '特惠快车'}, {'特价': '花小猪外接版'}, {'特价拼车': '特价拼车'}, {'特惠快车': '特惠快车'}, {'经济': '365约车'}, {'经济': '聚优出租'}]","[{'拼车': '特价拼车'}, {'特价': '特惠快车'}, {'特价': '花小猪外接版'}, {'特价拼车': '特价拼车'}, {'特惠快车': '特惠快车'}, {'经济': '365约车'}, {'经济': '聚优出租'}]",1,1.0,1.0,1
需要到九华山，帮我叫一辆特价车,"[{'六座': '六座专车'}, {'六座': '六座快车'}, {'六座': '六座豪华车'}, {'快速': '出租车'}, {'快速': '宽敞好车'}, {'快速': '方舟行'}, {'快速': '曹操出行'}, {'快速': '滴滴优享'}, {'快速': '滴滴快车'}, {'快速': '滴滴特快'}, {'快速': '滴滴轻享'}, {'快速': '长沙新出租'}, {'拼车': '极速拼车'}, {'拼车': '特价拼车'}, {'推荐': '宽敞好车'}, {'推荐': '滴滴快车'}, {'推荐': '滴滴特快'}, {'推荐': '特快出租车'}, {'推荐': '特惠快车'}, {'推荐': '花小猪正价版'}, {'推荐': '超值出租车'}, {'特价': '惊喜特价'}, {'特价': '特惠快车'}, {'特价': '花小猪外接版'}, {'舒适': '滴滴专车'}]","[{'拼车': '特价拼车'}, {'推荐': '特惠快车'}, {'特价': '惊喜特价'}, {'特价': '特惠快车'}, {'特价': '花小猪外接版'}]","[{'拼车': '特价拼车'}, {'推荐': '特惠快车'}, {'特价': '惊喜特价'}, {'特价': '特惠快车'}, {'特价': '花小猪外接版'}]",1,1.0,1.0,1
敦煌莫高窟研学团队包车，需一辆舒适型车,"[{'六座': '六座专车'}, {'六座': '六座豪华车'}, {'快速': '出租车'}, {'快速': '宽敞好车'}, {'快速': '方舟行'}, {'快速': '曹操出行'}, {'快速': '武汉新出租'}, {'快速': '滴滴优享'}, {'快速': '滴滴快车'}, {'快速': '滴滴特快'}, {'快速': '滴滴轻享'}, {'快速': '长沙新出租'}, {'拼车': '极速拼车'}, {'拼车': '特价拼车'}, {'推荐': '宽敞好车'}, {'推荐': '滴滴快车'}, {'推荐': '滴滴特快'}, {'推荐': '特快出租车'}, {'推荐': '特惠快车'}, {'推荐': '花小猪正价版'}, {'特价': '惊喜特价'}, {'特价': '花小猪外接版'}, {'舒适出发': '滴滴专车'}]",[{'舒适出发': '滴滴专车'}],[{'舒适出发': '滴滴专车'}],1,1.0,1.0,1
早上7点从夫子庙打车去公司，预约个最便宜的。,"[{'六座': '六座专车'}, {'出租': '出租车'}, {'快速': '滴滴快车'}, {'快速': '特快出租车'}, {'拼车': '极速拼车'}, {'拼车': '特价拼车'}, {'特价': '特惠快车'}, {'特价': '花小猪外接版'}, {'特价拼车': '特价拼车'}, {'特快车': '特快车'}, {'特惠快车': '特惠快车'}, {'经济': '365约车'}, {'经济': '聚优出租'}, {'舒适出发': '滴滴专车'}, {'舒适出发': '滴滴豪华车'}]",[],[],1,1.0,1.0,1
我要到中华门城堡，帮叫个经济型车，预算80内,"[{'六座': '六座专车'}, {'六座': '六座快车'}, {'六座': '六座豪华车'}, {'快速': '出租车'}, {'快速': '宽敞好车'}, {'快速': '方舟行'}, {'快速': '曹操出行'}, {'快速': '滴滴优享'}, {'快速': '滴滴快车'}, {'快速': '滴滴特快'}, {'快速': '滴滴轻享'}, {'拼车': '极速拼车'}, {'拼车': '特价拼车'}, {'推荐': '滴滴快车'}, {'推荐': '特快出租车'}, {'推荐': '特惠快车'}, {'推荐': '花小猪正价版'}, {'特价': '惊喜特价'}, {'特价': '特惠快车'}, {'特价': '花小猪外接版'}, {'舒适': '滴滴专车'}, {'舒适': '滴滴豪华车'}]","[{'拼车': '特价拼车'}, {'推荐': '特惠快车'}, {'特价': '惊喜特价'}, {'特价': '特惠快车'}, {'特价': '花小猪外接版'}]",[],0,0.0,0.0,0
叫特惠快车从南京工业大学到南京师范大学随园校区，选最快捷路线。,"[{'六座': '六座专车'}, {'快速': '出租车'}, {'快速': '曹操出行'}, {'快速': '滴滴特快'}, {'快速': '滴滴轻享'}, {'拼车': '极速拼车'}, {'拼车': '特价拼车'}, {'推荐': '滴滴快车'}, {'推荐': '滴滴特快'}, {'推荐': '特快出租车'}, {'推荐': '特惠快车'}, {'推荐': '花小猪正价版'}, {'特价': '惊喜特价'}, {'特价': '花小猪外接版'}, {'舒适': '滴滴专车'}]",[{'推荐': '特惠快车'}],[{'推荐': '特惠快车'}],1,1.0,1.0,1
叫辆滴滴专车从北京南站到首都国际机场，或者选特惠快车，预算60以内。,"[{'六座': '六座专车'}, {'快速': '出租车'}, {'快速': '曹操出行'}, {'快速': '滴滴轻享'}, {'拼车': '特价拼车'}, {'推荐': '滴滴快车'}, {'推荐': '特惠快车'}, {'推荐': '花小猪正价版'}, {'特价': '花小猪外接版'}, {'舒适': '滴滴专车'}]","[{'六座': '六座专车'}, {'推荐': '特惠快车'}, {'舒适': '滴滴专车'}]","[{'六座': '六座专车'}, {'推荐': '特惠快车'}, {'舒适': '滴滴专车'}]",1,1.0,1.0,1
到深圳北站用特快车型神州专车或叮叮出行。,"[{'': '极速拼车'}, {'': '特惠快车'}, {'优享型': 'T3出行'}, {'优享型': '东潮出行'}, {'优享型': '中交出行'}, {'优享型': '曹操出行'}, {'优享型': '火箭出行'}, {'优享型': '环旅出行'}, {'优享型': '腾飞出行'}, {'优享型': '阳光出行'}, {'经济型': '5U出行'}, {'经济型': '900出行'}, {'经济型': 'AA出行'}, {'经济型': '东潮出行'}, {'经济型': '中交出行'}, {'经济型': '斑马快跑'}, {'经济型': '星徽出行'}, {'经济型': '有序出行'}, {'经济型': '腾飞出行'}, {'经济型': '阳光出行'}, {'经济型': '飞嘀打车'}]",[],"[{'': '特惠快车'}, {'经济型': '斑马快跑'}]",0,0.0,0.0,0
预约滴滴专车或豪华车，从陆家嘴到虹桥火车站。,"[{'六座': '六座专车'}, {'六座': '六座豪华车'}, {'快速': '出租车'}, {'快速': '曹操出行'}, {'快速': '滴滴优享'}, {'快速': '滴滴特快'}, {'快速': '滴滴轻享'}, {'拼车': '特价拼车'}, {'推荐': '滴滴快车'}, {'推荐': '特惠快车'}, {'推荐': '花小猪正价版'}, {'特价': '惊喜特价'}, {'特价': '花小猪外接版'}, {'舒适': '滴滴专车'}]","[{'六座': '六座专车'}, {'六座': '六座豪华车'}, {'舒适': '滴滴专车'}]","[{'六座': '六座专车'}, {'六座': '六座豪华车'}, {'舒适': '滴滴专车'}]",1,1.0,1.0,1
用极速拼车和特快车去先科花园，价格控制在30元以内。,"[{'': '极速拼车'}, {'': '特惠快车'}, {'优享型': '星徽出行'}, {'优享型': '火箭出行'}, {'优享型': '神州专车'}, {'优享型': '阳光出行'}, {'优享型': '风韵出行'}, {'优享型': '首汽约车'}, {'经济型': '365约车'}, {'经济型': '5U出行'}, {'经济型': '900出行'}, {'经济型': 'AA出行'}, {'经济型': '中军出行'}, {'经济型': '全民GO'}, {'经济型': '北京新出租'}, {'经济型': '及时用车'}, {'经济型': '斑马快跑'}, {'经济型': '有序出行'}, {'经济型': '神州专车'}, {'经济型': '阳光出行'}, {'经济型': '飞嘀打车'}]","[{'': '极速拼车'}, {'': '特惠快车'}]","[{'': '极速拼车'}, {'': '特惠快车'}, {'经济型': '斑马快跑'}]",1,0.6666666666666666,0.8,0
用惊喜特价去民乐地铁站，不超过15元。,"[{'六座': '六座专车'}, {'快速': '出租车'}, {'快速': '曹操出行'}, {'快速': '滴滴特快'}, {'快速': '滴滴轻享'}, {'拼车': '极速拼车'}, {'拼车': '特价拼车'}, {'推荐': '滴滴快车'}, {'推荐': '特惠快车'}, {'推荐': '花小猪正价版'}, {'特价': '惊喜特价'}, {'特价': '花小猪外接版'}, {'舒适': '滴滴专车'}]",[{'特价': '惊喜特价'}],[{'特价': '惊喜特价'}],1,1.0,1.0,1
打车去世界之窗，车型选择特惠快车。,"[{'六座': '六座专车'}, {'快速': '出租车'}, {'快速': '曹操出行'}, {'快速': '滴滴特快'}, {'快速': '滴滴轻享'}, {'拼车': '特价拼车'}, {'推荐': '滴滴快车'}, {'推荐': '特快出租车'}, {'推荐': '特惠快车'}, {'推荐': '花小猪正价版'}, {'特价': '花小猪外接版'}, {'舒适': '滴滴专车'}]",[{'推荐': '特惠快车'}],[{'推荐': '特惠快车'}],1,1.0,1.0,1
从天津之眼打车到滨海国际机场，需要商务车型。,"[{'六座': '六座专车'}, {'出租': '出租车'}, {'快速': '滴滴快车'}, {'快速': '特快出租车'}, {'拼车': '极速拼车'}, {'拼车': '特价拼车'}, {'特价': '特惠快车'}, {'特价': '花小猪外接版'}, {'特价拼车': '特价拼车'}, {'特快车': '特快车'}, {'特惠快车': '特惠快车'}, {'经济': '365约车'}, {'经济': '聚优出租'}, {'舒适出发': '滴滴专车'}, {'舒适出发': '滴滴豪华车'}]",[],[],1,1.0,1.0,1
搭个特价拼车去白石山。,"[{'六座': '六座专车'}, {'六座': '六座豪华车'}, {'快速': '出租车'}, {'快速': '曹操出行'}, {'快速': '滴滴特快'}, {'快速': '滴滴轻享'}, {'拼车': '特价拼车'}, {'推荐': '特惠快车'}, {'推荐': '花小猪正价版'}, {'特价': '惊喜特价'}, {'特价': '特惠快车'}, {'特价': '花小猪外接版'}, {'舒适': '滴滴专车'}]",[{'拼车': '特价拼车'}],[{'拼车': '特价拼车'}],1,1.0,1.0,1
从西宁中心广场到曹家堡机场，叫辆特惠快车，尽快出发。,"[{'六座': '六座专车'}, {'六座': '六座豪华车'}, {'快速': '出租车'}, {'快速': '曹操出行'}, {'快速': '滴滴特快'}, {'快速': '滴滴轻享'}, {'拼车': '特价拼车'}, {'推荐': '滴滴快车'}, {'推荐': '特惠快车'}, {'推荐': '花小猪正价版'}, {'特价': '惊喜特价'}, {'特价': '特惠快车'}, {'特价': '花小猪外接版'}, {'舒适': '滴滴专车'}, {'舒适': '滴滴豪华车'}]","[{'推荐': '特惠快车'}, {'特价': '特惠快车'}]","[{'推荐': '特惠快车'}, {'特价': '特惠快车'}]",1,1.0,1.0,1
准备去乐山大佛，叫一辆特价车，预算65内,"[{'六座': '六座专车'}, {'快速': '丽江新出租'}, {'快速': '出租车'}, {'快速': '宽敞好车'}, {'快速': '方舟行'}, {'快速': '曹操出行'}, {'快速': '武汉新出租'}, {'快速': '滴滴优享'}, {'快速': '滴滴快车'}, {'快速': '滴滴特快'}, {'快速': '滴滴轻享'}, {'快速': '长沙新出租'}, {'拼车': '极速拼车'}, {'拼车': '特价拼车'}, {'推荐': '滴滴快车'}, {'推荐': '特快出租车'}, {'推荐': '特惠快车'}, {'推荐': '花小猪正价版'}, {'特价': '惊喜特价'}, {'特价': '花小猪外接版'}, {'舒适': '滴滴专车'}, {'舒适': '滴滴豪华车'}]","[{'拼车': '特价拼车'}, {'推荐': '特惠快车'}, {'特价': '惊喜特价'}, {'特价': '花小猪外接版'}]","[{'拼车': '特价拼车'}, {'推荐': '特惠快车'}, {'特价': '惊喜特价'}, {'特价': '花小猪外接版'}]",1,1.0,1.0,1
金凤到贺兰山路，要舒适车。,"[{'': '极速拼车'}, {'': '特惠快车'}, {'优享型': 'AA出行'}, {'优享型': '中交出行'}, {'优享型': '全民GO'}, {'优享型': '及时用车'}, {'优享型': '斑马快跑'}, {'优享型': '星徽出行'}, {'优享型': '曹操出行'}, {'优享型': '火箭出行'}, {'优享型': '环旅出行'}, {'优享型': '神州专车'}, {'优享型': '腾飞出行'}, {'优享型': '阳光出行'}, {'优享型': '飞嘀打车'}, {'经济型': '365约车'}, {'经济型': '5U出行'}, {'经济型': '900出行'}, {'经济型': 'T3出行'}, {'经济型': '享道出行'}, {'经济型': '及时用车'}, {'经济型': '如祺出行'}, {'经济型': '旗妙出行'}, {'经济型': '星徽出行'}, {'经济型': '曹操出行'}, {'经济型': '有序出行'}, {'经济型': '神州专车'}, {'经济型': '腾飞出行'}, {'经济型': '飞嘀打车'}, {'经济型': '首汽约车'}]",[],[],1,1.0,1.0,1
"# 用户历史会话：
1. 打车到798艺术区，叫辆特惠车。

# 用户需求：
便宜就好

# 用户可以选择的车型组合为：
[{""六座"": ""六座专车""}, {""六座"": ""六座豪华车""}, {""快速"": ""出租车""}, {""快速"": ""宽敞好车""}, {""快速"": ""方舟行""}, {""快速"": ""曹操出行""}, {""快速"": ""滴滴优享""}, {""快速"": ""滴滴快车""}, {""快速"": ""滴滴特快""}, {""快速"": ""滴滴轻享""}, {""快速"": ""长沙新出租""}, {""拼车"": ""极速拼车""}, {""拼车"": ""滴滴小巴""}, {""拼车"": ""特价拼车""}, {""推荐"": ""滴滴快车""}, {""推荐"": ""滴滴特快""}, {""推荐"": ""特快出租车""}, {""推荐"": ""特惠快车""}, {""推荐"": ""花小猪正价版""}, {""特价"": ""惊喜特价""}, {""特价"": ""花小猪外接版""}, {""舒适"": ""滴滴专车""}, {""舒适"": ""滴滴豪华车""}]",[],"[{'拼车': '特价拼车'}, {'推荐': '特惠快车'}, {'特价': '惊喜特价'}, {'特价': '花小猪外接版'}]","[{'拼车': '特价拼车'}, {'推荐': '特惠快车'}, {'特价': '惊喜特价'}, {'特价': '花小猪外接版'}]",1,1.0,1.0,1
"# 用户历史会话：
1. 打个专车去银行。
2. 用滴滴打车，不要六座

# 用户需求：
价格不限

# 用户可以选择的车型组合为：
[{""六座"": ""六座专车""}, {""六座"": ""六座豪华车""}, {""快速"": ""出租车""}, {""快速"": ""宽敞好车""}, {""快速"": ""方舟行""}, {""快速"": ""曹操出行""}, {""快速"": ""滴滴优享""}, {""快速"": ""滴滴快车""}, {""快速"": ""滴滴特快""}, {""快速"": ""滴滴轻享""}, {""快速"": ""长沙新出租""}, {""拼车"": ""极速拼车""}, {""拼车"": ""特价拼车""}, {""推荐"": ""滴滴快车""}, {""推荐"": ""特快出租车""}, {""推荐"": ""特惠快车""}, {""推荐"": ""花小猪正价版""}, {""特价"": ""惊喜特价""}, {""特价"": ""花小猪外接版""}, {""舒适"": ""滴滴专车""}]",[],[{'舒适': '滴滴专车'}],[{'舒适': '滴滴专车'}],1,1.0,1.0,1
90元以下，从乌鲁木齐市区到阜康市。,"[{'六座': '六座专车'}, {'出租': '出租车'}, {'快速': '滴滴快车'}, {'快速': '特快出租车'}, {'拼车': '极速拼车'}, {'拼车': '特价拼车'}, {'特价': '特惠快车'}, {'特价': '花小猪外接版'}, {'特价拼车': '特价拼车'}, {'特快车': '特快车'}, {'特惠快车': '特惠快车'}, {'经济': '365约车'}, {'经济': '聚优出租'}, {'舒适出发': '滴滴专车'}, {'舒适出发': '滴滴豪华车'}]",[],[],1,1.0,1.0,1
打个惊喜特价去左岸花海，价格不超过8元。,"[{'六座': '六座专车'}, {'六座': '六座豪华车'}, {'快速': '出租车'}, {'快速': '曹操出行'}, {'快速': '滴滴特快'}, {'快速': '滴滴轻享'}, {'拼车': '特价拼车'}, {'推荐': '滴滴快车'}, {'推荐': '特惠快车'}, {'推荐': '花小猪正价版'}, {'特价': '惊喜特价'}, {'特价': '花小猪外接版'}, {'舒适': '滴滴专车'}]",[{'特价': '惊喜特价'}],[{'特价': '惊喜特价'}],1,1.0,1.0,1
打车去梅村，选曹操出行。,"[{'': '极速拼车'}, {'': '特惠快车'}, {'优享型': 'T3出行'}, {'优享型': '东潮出行'}, {'优享型': '中交出行'}, {'优享型': '享道出行'}, {'优享型': '全民GO'}, {'优享型': '妥妥E行'}, {'优享型': '斑马快跑'}, {'优享型': '星徽出行'}, {'优享型': '神州专车'}, {'优享型': '首汽约车'}, {'经济型': '5U出行'}, {'经济型': 'AA出行'}, {'经济型': 'T3出行'}, {'经济型': '东潮出行'}, {'经济型': '中交出行'}, {'经济型': '中军出行'}, {'经济型': '全民GO'}, {'经济型': '如祺出行'}, {'经济型': '妥妥E行'}, {'经济型': '斑马快跑'}, {'经济型': '曹操出行'}, {'经济型': '神州专车'}, {'经济型': '聚的新出租'}, {'经济型': '阳光出行'}, {'经济型': '飞嘀打车'}, {'经济型': '首汽约车'}]",[{'经济型': '曹操出行'}],[{'经济型': '曹操出行'}],1,1.0,1.0,1
从金鸡湖到拙政园，用滴滴叫个惊喜特价，控制在30元以内。,"[{'六座': '六座专车'}, {'六座': '六座豪华车'}, {'快速': '出租车'}, {'快速': '曹操出行'}, {'快速': '滴滴特快'}, {'快速': '滴滴轻享'}, {'拼车': '极速拼车'}, {'拼车': '特价拼车'}, {'推荐': '滴滴快车'}, {'推荐': '特惠快车'}, {'推荐': '花小猪正价版'}, {'特价': '惊喜特价'}, {'特价': '花小猪外接版'}, {'舒适': '滴滴专车'}, {'舒适': '滴滴豪华车'}]",[{'特价': '惊喜特价'}],[{'特价': '惊喜特价'}],1,1.0,1.0,1
打车去南京红山森林动物园，要价格最便宜的。,"[{'六座': '六座专车'}, {'出租': '出租车'}, {'快速': '滴滴快车'}, {'快速': '特快出租车'}, {'拼车': '极速拼车'}, {'拼车': '特价拼车'}, {'特价': '特惠快车'}, {'特价': '花小猪外接版'}, {'特价拼车': '特价拼车'}, {'特快车': '特快车'}, {'特惠快车': '特惠快车'}, {'经济': '365约车'}, {'经济': '聚优出租'}, {'舒适出发': '滴滴专车'}, {'舒适出发': '滴滴豪华车'}]",[],[],1,1.0,1.0,1
去深业上城，要腾飞出行和六座商务车,"[{'': '极速拼车'}, {'': '特惠快车'}, {'优享型': 'AA出行'}, {'优享型': '东潮出行'}, {'优享型': '享道出行'}, {'优享型': '全民GO'}, {'优享型': '妥妥E行'}, {'优享型': '斑马快跑'}, {'优享型': '旗妙出行'}, {'优享型': '星徽出行'}, {'优享型': '神州专车'}, {'优享型': '风韵出行'}, {'优享型': '飞嘀打车'}, {'优享型': '首汽约车'}, {'经济型': '365约车'}, {'经济型': '5U出行'}, {'经济型': '900出行'}, {'经济型': 'AA出行'}, {'经济型': '东潮出行'}, {'经济型': '中交出行'}, {'经济型': '中军出行'}, {'经济型': '享道出行'}, {'经济型': '北京的士'}, {'经济型': '妥妥E行'}, {'经济型': '斑马快跑'}, {'经济型': '旗妙出行'}, {'经济型': '曹操出行'}, {'经济型': '神州专车'}, {'经济型': '腾飞出行'}, {'经济型': '飞嘀打车'}, {'经济型': '首汽约车'}]",[{'经济型': '腾飞出行'}],[{'经济型': '腾飞出行'}],1,1.0,1.0,1
用六座专车或特价拼车从滇池到石林景区，预算86元以内。,"[{'六座': '六座专车'}, {'快速': '出租车'}, {'快速': '曹操出行'}, {'快速': '滴滴优享'}, {'快速': '滴滴特快'}, {'快速': '滴滴轻享'}, {'拼车': '特价拼车'}, {'推荐': '滴滴快车'}, {'推荐': '特快出租车'}, {'推荐': '特惠快车'}, {'推荐': '花小猪正价版'}, {'特价': '惊喜特价'}, {'特价': '花小猪外接版'}, {'舒适': '滴滴专车'}, {'舒适': '滴滴豪华车'}]","[{'六座': '六座专车'}, {'拼车': '特价拼车'}]","[{'六座': '六座专车'}, {'拼车': '特价拼车'}]",1,1.0,1.0,1
用拼车到梅村，价格不超过35元。,"[{'': '极速拼车'}, {'': '特惠快车'}, {'优享型': 'AA出行'}, {'优享型': '中交出行'}, {'优享型': '全民GO'}, {'优享型': '及时用车'}, {'优享型': '旗妙出行'}, {'优享型': '星徽出行'}, {'优享型': '环旅出行'}, {'优享型': '风韵出行'}, {'优享型': '飞嘀打车'}, {'优享型': '首汽约车'}, {'经济型': '365约车'}, {'经济型': '5U出行'}, {'经济型': 'AA出行'}, {'经济型': 'T3出行'}, {'经济型': '中交出行'}, {'经济型': '中军出行'}, {'经济型': '北京的士'}, {'经济型': '如祺出行'}, {'经济型': '妥妥E行'}, {'经济型': '星徽出行'}, {'经济型': '曹操出行'}, {'经济型': '有序出行'}, {'经济型': '神州专车'}, {'经济型': '阳光出行'}, {'经济型': '飞嘀打车'}, {'经济型': '首汽约车'}]",[{'': '极速拼车'}],[{'': '极速拼车'}],1,1.0,1.0,1
叫滴滴豪华车去陆家嘴，实时躲避拥堵。,"[{'六座': '六座专车'}, {'快速': '出租车'}, {'快速': '曹操出行'}, {'拼车': '特价拼车'}, {'推荐': '滴滴快车'}, {'推荐': '特惠快车'}, {'推荐': '花小猪正价版'}, {'特价': '惊喜特价'}, {'特价': '花小猪外接版'}, {'舒适': '滴滴专车'}, {'舒适': '滴滴豪华车'}]",[{'舒适': '滴滴豪华车'}],[{'舒适': '滴滴豪华车'}],1,1.0,1.0,1
打车去新莲大厦，选100元以上的车型,[],[],[],1,1.0,1.0,1
需要一辆经济型轿车，去南京南站，价格不超过30元,"[{'六座': '六座专车'}, {'出租': '出租车'}, {'快速': '滴滴快车'}, {'快速': '特快出租车'}, {'拼车': '极速拼车'}, {'拼车': '特价拼车'}, {'特价': '特惠快车'}, {'特价': '花小猪外接版'}, {'特价拼车': '特价拼车'}, {'特快车': '特快车'}, {'特惠快车': '特惠快车'}, {'经济': '365约车'}, {'经济': '聚优出租'}, {'舒适出发': '滴滴专车'}, {'舒适出发': '滴滴豪华车'}]","[{'经济': '365约车'}, {'经济': '聚优出租'}]","[{'拼车': '特价拼车'}, {'特价': '特惠快车'}, {'特价': '花小猪外接版'}, {'特价拼车': '特价拼车'}, {'特惠快车': '特惠快车'}, {'经济': '365约车'}, {'经济': '聚优出租'}]",1,0.2857142857142857,0.4444444444444445,0
从中央大街到太平国际机场，约个滴滴专车。,"[{'六座': '六座专车'}, {'快速': '出租车'}, {'快速': '曹操出行'}, {'快速': '滴滴优享'}, {'快速': '滴滴特快'}, {'快速': '滴滴轻享'}, {'拼车': '特价拼车'}, {'推荐': '滴滴快车'}, {'推荐': '特惠快车'}, {'推荐': '花小猪正价版'}, {'特价': '惊喜特价'}, {'特价': '花小猪外接版'}, {'舒适': '滴滴专车'}, {'舒适': '滴滴豪华车'}]","[{'六座': '六座专车'}, {'舒适': '滴滴专车'}]","[{'六座': '六座专车'}, {'舒适': '滴滴专车'}]",1,1.0,1.0,1
去油坊桥地铁站最便宜的专车多少钱？,"[{'六座': '六座专车'}, {'出租': '出租车'}, {'快速': '滴滴快车'}, {'快速': '特快出租车'}, {'拼车': '极速拼车'}, {'拼车': '特价拼车'}, {'特价': '特惠快车'}, {'特价': '花小猪外接版'}, {'特价拼车': '特价拼车'}, {'特快车': '特快车'}, {'特惠快车': '特惠快车'}, {'经济': '365约车'}, {'经济': '聚优出租'}, {'舒适出发': '滴滴专车'}, {'舒适出发': '滴滴豪华车'}]","[{'六座': '六座专车'}, {'舒适出发': '滴滴专车'}]","[{'六座': '六座专车'}, {'舒适出发': '滴滴专车'}]",1,1.0,1.0,1
拼个车去西湖，预算不超过88元。,"[{'': '极速拼车'}, {'': '特惠快车'}, {'优享型': '东潮出行'}, {'优享型': '中交出行'}, {'优享型': '享道出行'}, {'优享型': '全民GO'}, {'优享型': '妥妥E行'}, {'优享型': '曹操出行'}, {'优享型': '添猫出行'}, {'优享型': '神州专车'}, {'优享型': '阳光出行'}, {'优享型': '风韵出行'}, {'六座商务': '宽敞空间 商务体验'}, {'出租车': '车多应答快'}, {'品质专车': '静音不打扰 整洁无异味'}, {'快速出发': '无'}, {'惠享专车': 'T3出行'}, {'惠享专车': '及时用车'}, {'拼车': '出租车拼车'}, {'拼车': '特惠快车'}, {'推荐': '推荐专车'}, {'推荐': '极速拼车'}, {'特价出发': '惊喜特价'}, {'特快车': '超值体验 更快上车'}, {'经济': '首汽约车'}, {'经济型': 'AA出行'}, {'经济型': '及时用车'}, {'经济型': '如祺出行'}, {'经济型': '妥妥E行'}, {'经济型': '方舟行'}, {'经济型': '旗妙出行'}, {'经济型': '日初出行'}, {'经济型': '曹操出行'}, {'经济型': '有序出行'}, {'经济型': '阳光出行'}, {'经济型': '首汽约车'}, {'豪华型': '车型高端 服务专业'}, {'轻享专车': '静音不打扰 整洁无异味'}]","[{'': '极速拼车'}, {'拼车': '出租车拼车'}, {'拼车': '特惠快车'}, {'推荐': '推荐专车'}, {'推荐': '极速拼车'}]","[{'': '极速拼车'}, {'拼车': '出租车拼车'}, {'拼车': '特惠快车'}, {'推荐': '极速拼车'}]",0,1.0,0.0,0
叫个曹操出行去白石龙，费用不超过20元。,"[{'六座': '六座专车'}, {'快速': '出租车'}, {'快速': '曹操出行'}, {'快速': '滴滴特快'}, {'快速': '滴滴轻享'}, {'拼车': '特价拼车'}, {'推荐': '滴滴快车'}, {'推荐': '特惠快车'}, {'推荐': '花小猪正价版'}, {'特价': '惊喜特价'}, {'特价': '花小猪外接版'}, {'舒适': '滴滴专车'}, {'舒适': '滴滴豪华车'}]",[{'快速': '曹操出行'}],[{'快速': '曹操出行'}],1,1.0,1.0,1
用特价拼车或曹操出行到市中心的万象城，预算50元以内。,"[{'六座': '六座专车'}, {'快速': '出租车'}, {'快速': '曹操出行'}, {'快速': '滴滴优享'}, {'快速': '滴滴特快'}, {'快速': '滴滴轻享'}, {'拼车': '极速拼车'}, {'拼车': '特价拼车'}, {'推荐': '滴滴快车'}, {'推荐': '特快出租车'}, {'推荐': '特惠快车'}, {'推荐': '花小猪正价版'}, {'特价': '惊喜特价'}, {'特价': '花小猪外接版'}, {'舒适': '滴滴专车'}]","[{'快速': '曹操出行'}, {'拼车': '特价拼车'}]","[{'快速': '曹操出行'}, {'拼车': '特价拼车'}]",1,1.0,1.0,1
南京夫子庙到禄口机场，预算150元以内，可以用滴滴或者高德。,"[{'六座': '六座专车'}, {'六座': '六座豪华车'}, {'快速': '出租车'}, {'快速': '曹操出行'}, {'快速': '滴滴优享'}, {'快速': '滴滴特快'}, {'快速': '滴滴轻享'}, {'拼车': '极速拼车'}, {'拼车': '特价拼车'}, {'推荐': '滴滴快车'}, {'推荐': '特快出租车'}, {'推荐': '特惠快车'}, {'推荐': '花小猪正价版'}, {'特价': '惊喜特价'}, {'特价': '特惠快车'}, {'特价': '花小猪外接版'}, {'舒适': '滴滴专车'}, {'舒适': '滴滴豪华车'}]",[],[],1,1.0,1.0,1
打个舒适型车去最近的医院，要快,"[{'': '极速拼车'}, {'': '特惠快车'}, {'优享型': 'AA出行'}, {'优享型': '东潮出行'}, {'优享型': '中交出行'}, {'优享型': '斑马快跑'}, {'优享型': '旗妙出行'}, {'优享型': '添猫出行'}, {'优享型': '环旅出行'}, {'优享型': '腾飞出行'}, {'优享型': '首汽约车'}, {'六座商务': '宽敞空间 商务体验'}, {'出租车': '车多应答快'}, {'品质专车': '静音不打扰 整洁无异味'}, {'快速出发': '无'}, {'惠享专车': '神州专车'}, {'拼车': '特惠快车'}, {'推荐': '推荐专车'}, {'特价出发': '更多特价'}, {'特快车': '超值体验 更快上车'}, {'经济': '首汽约车'}, {'经济型': '365约车'}, {'经济型': '900出行'}, {'经济型': 'AA出行'}, {'经济型': 'J刻出行'}, {'经济型': 'K9用车'}, {'经济型': 'T3出行'}, {'经济型': '东潮出行'}, {'经济型': '中交出行'}, {'经济型': '中军出行'}, {'经济型': '全民GO'}, {'经济型': '及时用车'}, {'经济型': '奇华出行'}, {'经济型': '妥妥E行'}, {'经济型': '方舟行'}, {'经济型': '旗妙出行'}, {'经济型': '星徽出行'}, {'经济型': '有序出行'}, {'经济型': '橄榄新出租'}, {'经济型': '深圳出租'}, {'经济型': '渔阳出行'}, {'经济型': '腾飞出行'}, {'经济型': '阳光出行'}, {'经济型': '飞嘀打车'}, {'豪华型': '车型高端 服务专业'}, {'轻享专车': '静音不打扰 整洁无异味'}]",[],[],1,1.0,1.0,1
七座新豪华车明天往返迪士尼乐园,"[{'': '极速拼车'}, {'': '特惠快车'}, {'优享型': 'AA出行'}, {'优享型': 'T3出行'}, {'优享型': '优e出行特选'}, {'优享型': '及时用车'}, {'优享型': '妥妥E行'}, {'优享型': '斑马快跑'}, {'优享型': '曹操出行'}, {'优享型': '添猫出行'}, {'优享型': '神州专车'}, {'优享型': '腾飞出行'}, {'优享型': '飞嘀打车'}, {'优享型': '首汽约车'}, {'六座商务': '宽敞空间 商务体验'}, {'出租车': '车多应答快'}, {'品质专车': '静音不打扰 整洁无异味'}, {'快速出发': '无'}, {'惠享专车': '曹操出行'}, {'惠享专车': '添猫出行'}, {'拼车': '出租车拼车'}, {'推荐': '特惠快车'}, {'特价出发': '惊喜特价'}, {'特快车': '超值体验 更快上车'}, {'经济': '首汽约车'}, {'经济型': '365约车'}, {'经济型': '5U出行'}, {'经济型': '北京新出租'}, {'经济型': '及时用车'}, {'经济型': '妥妥E行'}, {'经济型': '方舟行'}, {'经济型': '旅程出租'}, {'经济型': '日初出行'}, {'经济型': '易至出行'}, {'经济型': '星徽出行'}, {'经济型': '橄榄新出租'}, {'经济型': '添猫出行'}, {'经济型': '聚的新出租'}, {'经济型': '腾飞出行'}, {'经济型': '阳光出行'}, {'经济型': '首汽约车'}, {'豪华型': '车型高端 服务专业'}, {'轻享专车': '静音不打扰 整洁无异味'}]",[],[],1,1.0,1.0,1
杭州西湖边上打车去萧山机场，希望是优享型的车，价格没太大要求，主要是车况和司机服务态度要好。,[],[],[],1,1.0,1.0,1
打个出租去梅林路交叉口，不超51块,"[{'': '极速拼车'}, {'': '特惠快车'}, {'优享型': 'T3出行'}, {'优享型': '东潮出行'}, {'优享型': '中交出行'}, {'优享型': '全民GO'}, {'优享型': '妥妥E行'}, {'优享型': '斑马快跑'}, {'优享型': '曹操出行'}, {'优享型': '火箭出行'}, {'优享型': '环旅出行'}, {'优享型': '神州专车'}, {'经济型': 'AA出行'}, {'经济型': '全民GO'}, {'经济型': '北京新出租'}, {'经济型': '北京的士'}, {'经济型': '有序出行'}, {'经济型': '深圳出租'}, {'经济型': '聚的新出租'}, {'经济型': '阳光出行'}, {'经济型': '飞嘀打车'}, {'经济型': '首汽约车'}]","[{'经济型': '北京新出租'}, {'经济型': '北京的士'}, {'经济型': '深圳出租'}, {'经济型': '聚的新出租'}]","[{'经济型': '北京新出租'}, {'经济型': '深圳出租'}, {'经济型': '聚的新出租'}]",0,1.0,0.0,0
打车到永宁门，全价位车型都选上。,"[{'': '极速拼车'}, {'': '特惠快车'}, {'优享型': 'AA出行'}, {'优享型': '东潮出行'}, {'优享型': '及时用车'}, {'优享型': '妥妥E行'}, {'优享型': '神州专车'}, {'优享型': '风韵出行'}, {'优享型': '飞嘀打车'}, {'优享型': '首汽约车'}, {'六座商务': '宽敞空间 商务体验'}, {'出租车': '车多应答快'}, {'品质专车': '静音不打扰 整洁无异味'}, {'快速出发': '无'}, {'惠享专车': '及时用车'}, {'拼车': '出租车拼车'}, {'拼车': '特惠快车'}, {'推荐': '推荐专车'}, {'特价出发': '惊喜特价'}, {'特快车': '超值体验 更快上车'}, {'经济': '首汽约车'}, {'经济型': '900出行'}, {'经济型': 'AA出行'}, {'经济型': 'J刻出行'}, {'经济型': 'T3出行'}, {'经济型': '东潮出行'}, {'经济型': '中军出行'}, {'经济型': '全民GO'}, {'经济型': '北京新出租'}, {'经济型': '及时用车'}, {'经济型': '奇华出行'}, {'经济型': '如祺出行'}, {'经济型': '方舟行'}, {'经济型': '旅程出租'}, {'经济型': '易至出行'}, {'经济型': '星徽出行'}, {'经济型': '曹操出行'}, {'经济型': '有序出行'}, {'经济型': '添猫出行'}, {'经济型': '渔阳出行'}, {'经济型': '飞嘀打车'}, {'经济型': '首汽约车'}, {'豪华型': '车型高端 服务专业'}, {'轻享专车': '静音不打扰 整洁无异味'}]",[{'all': 'all'}],[{'all': 'all'}],1,1.0,1.0,1
打车去上海外滩，预计花费在80 - 120元的。,"[{'六座': '六座专车'}, {'出租': '出租车'}, {'快速': '滴滴快车'}, {'快速': '特快出租车'}, {'拼车': '极速拼车'}, {'拼车': '特价拼车'}, {'特价': '特惠快车'}, {'特价': '花小猪外接版'}, {'特价拼车': '特价拼车'}, {'特快车': '特快车'}, {'特惠快车': '特惠快车'}, {'经济': '365约车'}, {'经济': '聚优出租'}, {'舒适出发': '滴滴专车'}, {'舒适出发': '滴滴豪华车'}]",[],[],1,1.0,1.0,1
打极速拼车去红山地铁站，预算不超过20元。,"[{'六座': '六座专车'}, {'六座': '六座豪华车'}, {'快速': '出租车'}, {'快速': '曹操出行'}, {'快速': '滴滴特快'}, {'快速': '滴滴轻享'}, {'拼车': '特价拼车'}, {'推荐': '滴滴快车'}, {'推荐': '特惠快车'}, {'推荐': '花小猪正价版'}, {'特价': '惊喜特价'}, {'特价': '花小猪外接版'}, {'舒适': '滴滴专车'}]",[],[],1,1.0,1.0,1
"# 用户历史会话：
1. 需不需要预约
2. 我想去西宁塔尔寺，用高德叫辆专车，价格不限。

# 用户需求：
我想去乌鲁木齐国际大巴扎，用高德叫辆出租车，价格80左右。

# 用户可以选择的车型组合为：
[{"""": ""极速拼车""}, {"""": ""特惠快车""}, {""优享型"": ""东潮出行""}, {""优享型"": ""享道出行""}, {""优享型"": ""优e出行特选""}, {""优享型"": ""及时用车""}, {""优享型"": ""妥妥E行""}, {""优享型"": ""旗妙出行""}, {""优享型"": ""星徽出行""}, {""优享型"": ""火箭出行""}, {""优享型"": ""环旅出行""}, {""优享型"": ""神州专车""}, {""优享型"": ""腾飞出行""}, {""优享型"": ""风韵出行""}, {""优享型"": ""飞嘀打车""}, {""六座商务"": ""宽敞空间 商务体验""}, {""出租车"": ""车多应答快""}, {""品质专车"": ""静音不打扰 整洁无异味""}, {""快速出发"": ""无""}, {""惠享专车"": ""神州专车""}, {""拼车"": ""出租车拼车""}, {""拼车"": ""特惠快车""}, {""推荐"": ""推荐专车""}, {""推荐"": ""极速拼车""}, {""特价出发"": ""更多特价""}, {""特快车"": ""超值体验 更快上车""}, {""经济"": ""首汽约车""}, {""经济型"": ""5U出行""}, {""经济型"": ""900出行""}, {""经济型"": ""AA出行""}, {""经济型"": ""T3出行""}, {""经济型"": ""东潮出行""}, {""经济型"": ""中交出行""}, {""经济型"": ""中军出行""}, {""经济型"": ""北京新出租""}, {""经济型"": ""国泰出租""}, {""经济型"": ""旅程出租""}, {""经济型"": ""旗妙出行""}, {""经济型"": ""日初出行""}, {""经济型"": ""星徽出行""}, {""经济型"": ""曹操出行""}, {""经济型"": ""有序出行""}, {""经济型"": ""添猫出行""}, {""经济型"": ""渔阳出行""}, {""经济型"": ""神州专车""}, {""经济型"": ""聚的新出租""}, {""经济型"": ""腾飞出行""}, {""经济型"": ""飞嘀打车""}, {""豪华型"": ""车型高端 服务专业""}, {""轻享专车"": ""静音不打扰 整洁无异味""}]",[],"[{'出租车': '车多应答快'}, {'拼车': '出租车拼车'}, {'经济型': '北京新出租'}, {'经济型': '国泰出租'}, {'经济型': '旅程出租'}, {'经济型': '聚的新出租'}]","[{'出租车': '车多应答快'}, {'拼车': '出租车拼车'}, {'经济型': '北京新出租'}, {'经济型': '国泰出租'}, {'经济型': '旅程出租'}, {'经济型': '聚的新出租'}]",1,1.0,1.0,1
选一辆舒适型的车，从呼和浩特市区到和林格尔县，最便宜的车。,"[{'六座': '六座专车'}, {'出租': '出租车'}, {'快速': '滴滴快车'}, {'快速': '特快出租车'}, {'拼车': '极速拼车'}, {'拼车': '特价拼车'}, {'特价': '特惠快车'}, {'特价': '花小猪外接版'}, {'特价拼车': '特价拼车'}, {'特快车': '特快车'}, {'特惠快车': '特惠快车'}, {'经济': '365约车'}, {'经济': '聚优出租'}, {'舒适出发': '滴滴专车'}, {'舒适出发': '滴滴豪华车'}]","[{'舒适出发': '滴滴专车'}, {'舒适出发': '滴滴豪华车'}]","[{'舒适出发': '滴滴专车'}, {'舒适出发': '滴滴豪华车'}]",1,1.0,1.0,1
打车去陆家嘴，所有车型都可以选上。,"[{'': '极速拼车'}, {'': '特惠快车'}, {'优享型': 'AA出行'}, {'优享型': '东潮出行'}, {'优享型': '中交出行'}, {'优享型': '妥妥E行'}, {'优享型': '斑马快跑'}, {'优享型': '星徽出行'}, {'优享型': '添猫出行'}, {'优享型': '腾飞出行'}, {'优享型': '风韵出行'}, {'六座商务': '宽敞空间 商务体验'}, {'出租车': '车多应答快'}, {'品质专车': '静音不打扰 整洁无异味'}, {'快速出发': '无'}, {'惠享专车': '及时用车'}, {'惠享专车': '精选车型 优质司机'}, {'拼车': '特惠快车'}, {'推荐': '特惠快车'}, {'特价出发': '更多特价'}, {'特快车': '超值体验 更快上车'}, {'经济': '首汽约车'}, {'经济型': '365约车'}, {'经济型': '900出行'}, {'经济型': 'AA出行'}, {'经济型': 'K9用车'}, {'经济型': '东潮出行'}, {'经济型': '享道出行'}, {'经济型': '北京新出租'}, {'经济型': '及时用车'}, {'经济型': '如祺出行'}, {'经济型': '妥妥E行'}, {'经济型': '斑马快跑'}, {'经济型': '方舟行'}, {'经济型': '旅程出租'}, {'经济型': '易至出行'}, {'经济型': '星徽出行'}, {'经济型': '橄榄新出租'}, {'经济型': '深圳出租'}, {'经济型': '渔阳出行'}, {'经济型': '神州专车'}, {'经济型': '腾飞出行'}, {'经济型': '飞嘀打车'}, {'豪华型': '车型高端 服务专业'}, {'轻享专车': '静音不打扰 整洁无异味'}]",[{'all': 'all'}],[{'all': 'all'}],1,1.0,1.0,1
打车到回民区，选商务车。,"[{'': '极速拼车'}, {'': '特惠快车'}, {'优享型': '东潮出行'}, {'优享型': '享道出行'}, {'优享型': '全民GO'}, {'优享型': '星徽出行'}, {'优享型': '曹操出行'}, {'优享型': '火箭出行'}, {'优享型': '神州专车'}, {'经济型': '365约车'}, {'经济型': '900出行'}, {'经济型': 'AA出行'}, {'经济型': 'T3出行'}, {'经济型': '东潮出行'}, {'经济型': '中交出行'}, {'经济型': '中军出行'}, {'经济型': '享道出行'}, {'经济型': '北京新出租'}, {'经济型': '如祺出行'}, {'经济型': '星徽出行'}, {'经济型': '有序出行'}, {'经济型': '深圳出租'}, {'经济型': '聚的新出租'}, {'经济型': '阳光出行'}, {'经济型': '飞嘀打车'}, {'经济型': '首汽约车'}]",[],[],1,1.0,1.0,1
从成都春熙路叫特价拼车到双流机场，选顺路单，费用别超过35元。,"[{'六座': '六座专车'}, {'六座': '六座豪华车'}, {'快速': '出租车'}, {'快速': '曹操出行'}, {'快速': '滴滴优享'}, {'快速': '滴滴特快'}, {'快速': '滴滴轻享'}, {'拼车': '极速拼车'}, {'拼车': '特价拼车'}, {'推荐': '滴滴快车'}, {'推荐': '特惠快车'}, {'推荐': '花小猪正价版'}, {'特价': '惊喜特价'}, {'特价': '花小猪外接版'}, {'舒适': '滴滴专车'}]",[{'拼车': '特价拼车'}],[{'拼车': '特价拼车'}],1,1.0,1.0,1
请帮我打出租车去银杏湖乐园打车费要90左右,"[{'': '极速拼车'}, {'': '特惠快车'}, {'优享型': '365约车'}, {'优享型': 'T3出行'}, {'优享型': '享道出行'}, {'优享型': '及时用车'}, {'优享型': '叮叮出行'}, {'优享型': '旅程约车'}, {'优享型': '曹操出行'}, {'优享型': '有滴出行'}, {'优享型': '沛途出行'}, {'优享型': '环旅出行'}, {'优享型': '神州专车'}, {'优享型': '腾飞出行'}, {'优享型': '阳光出行'}, {'优享型': '鞍马出行'}, {'优享型': '风韵出行'}, {'优享型': '首汽约车'}, {'经济型': '365约车'}, {'经济型': 'T3出行'}, {'经济型': '享道出行'}, {'经济型': '南京出租'}, {'经济型': '及时用车'}, {'经济型': '叮叮出行'}, {'经济型': '妥妥E行'}, {'经济型': '旅程约车'}, {'经济型': '曹操出行'}, {'经济型': '有滴出行'}, {'经济型': '沛途出行'}, {'经济型': '环旅出行'}, {'经济型': '神州专车'}, {'经济型': '聚优出租'}, {'经济型': '腾飞出行'}, {'经济型': '迪尔出行'}, {'经济型': '阳光出行'}, {'经济型': '鞍马出行'}, {'经济型': '鞍马聚的新出租'}, {'经济型': '风韵出行'}, {'经济型': '首汽约车'}]","[{'经济型': '南京出租'}, {'经济型': '聚优出租'}, {'经济型': '鞍马聚的新出租'}]","[{'经济型': '南京出租'}, {'经济型': '聚优出租'}, {'经济型': '鞍马聚的新出租'}]",1,1.0,1.0,1
叫辆特价拼车从酒店到西湖景区，价格不超过30元。,"[{'六座': '六座专车'}, {'快速': '出租车'}, {'快速': '曹操出行'}, {'快速': '滴滴优享'}, {'快速': '滴滴特快'}, {'快速': '滴滴轻享'}, {'拼车': '极速拼车'}, {'拼车': '特价拼车'}, {'推荐': '滴滴快车'}, {'推荐': '特快出租车'}, {'推荐': '特惠快车'}, {'推荐': '花小猪正价版'}, {'特价': '惊喜特价'}, {'特价': '花小猪外接版'}, {'舒适': '滴滴专车'}, {'舒适': '滴滴豪华车'}]",[{'拼车': '特价拼车'}],[{'拼车': '特价拼车'}],1,1.0,1.0,1
在滴滴约个车去维也纳酒店，选经济车型。,"[{'六座': '六座专车'}, {'快速': '出租车'}, {'快速': '曹操出行'}, {'快速': '滴滴特快'}, {'快速': '滴滴轻享'}, {'拼车': '极速拼车'}, {'拼车': '特价拼车'}, {'推荐': '滴滴快车'}, {'推荐': '特惠快车'}, {'推荐': '花小猪正价版'}, {'特价': '惊喜特价'}, {'特价': '特惠快车'}, {'特价': '花小猪外接版'}, {'舒适': '滴滴专车'}, {'舒适': '滴滴豪华车'}]",[],"[{'拼车': '特价拼车'}, {'推荐': '特惠快车'}, {'特价': '惊喜特价'}, {'特价': '特惠快车'}, {'特价': '花小猪外接版'}]",0,0.0,0.0,0
要到体育馆东门用滴滴喊特快出租车,"[{'六座': '六座专车'}, {'快速': '出租车'}, {'快速': '宽敞好车'}, {'快速': '方舟行'}, {'快速': '曹操出行'}, {'快速': '武汉新出租'}, {'快速': '滴滴优享'}, {'快速': '滴滴快车'}, {'快速': '滴滴特快'}, {'快速': '滴滴轻享'}, {'快速': '长沙新出租'}, {'拼车': '极速拼车'}, {'拼车': '特价拼车'}, {'推荐': '滴滴快车'}, {'推荐': '滴滴特快'}, {'推荐': '特快出租车'}, {'推荐': '特惠快车'}, {'推荐': '花小猪正价版'}, {'特价': '惊喜特价'}, {'特价': '花小猪外接版'}, {'舒适': '滴滴专车'}, {'舒适': '滴滴豪华车'}]","[{'快速': '出租车'}, {'快速': '武汉新出租'}, {'快速': '长沙新出租'}, {'推荐': '特快出租车'}]","[{'快速': '出租车'}, {'快速': '武汉新出租'}, {'快速': '长沙新出租'}, {'推荐': '特快出租车'}]",1,1.0,1.0,1
用特惠快车去深圳北站，预估车费不超过28元。,"[{'六座': '六座专车'}, {'快速': '出租车'}, {'快速': '曹操出行'}, {'快速': '滴滴特快'}, {'快速': '滴滴轻享'}, {'拼车': '特价拼车'}, {'推荐': '滴滴快车'}, {'推荐': '特惠快车'}, {'推荐': '花小猪正价版'}, {'特价': '惊喜特价'}, {'特价': '花小猪外接版'}, {'舒适': '滴滴专车'}]",[{'推荐': '特惠快车'}],[{'推荐': '特惠快车'}],1,1.0,1.0,1
用特价拼车从扬州瘦西湖到泰州机场，费用不超过100元。,"[{'六座': '六座专车'}, {'六座': '六座豪华车'}, {'快速': '出租车'}, {'快速': '曹操出行'}, {'快速': '滴滴特快'}, {'快速': '滴滴轻享'}, {'拼车': '极速拼车'}, {'拼车': '特价拼车'}, {'推荐': '滴滴快车'}, {'推荐': '特惠快车'}, {'推荐': '花小猪正价版'}, {'特价': '惊喜特价'}, {'特价': '花小猪外接版'}, {'舒适': '滴滴专车'}]",[{'拼车': '特价拼车'}],[{'拼车': '特价拼车'}],1,1.0,1.0,1
打个滴滴专车到博大公园，舒适型56元。,"[{'六座': '六座专车'}, {'快速': '出租车'}, {'快速': '曹操出行'}, {'快速': '滴滴特快'}, {'快速': '滴滴轻享'}, {'拼车': '特价拼车'}, {'推荐': '滴滴快车'}, {'推荐': '特快出租车'}, {'推荐': '特惠快车'}, {'推荐': '花小猪正价版'}, {'特价': '惊喜特价'}, {'特价': '花小猪外接版'}, {'舒适': '滴滴专车'}]",[{'舒适': '滴滴专车'}],[{'舒适': '滴滴专车'}],1,1.0,1.0,1
从太原小店区到晋源区，超过80就算了。,"[{'六座': '六座专车'}, {'出租': '出租车'}, {'快速': '滴滴快车'}, {'快速': '特快出租车'}, {'拼车': '极速拼车'}, {'拼车': '特价拼车'}, {'特价': '特惠快车'}, {'特价': '花小猪外接版'}, {'特价拼车': '特价拼车'}, {'特快车': '特快车'}, {'特惠快车': '特惠快车'}, {'经济': '365约车'}, {'经济': '聚优出租'}, {'舒适出发': '滴滴专车'}, {'舒适出发': '滴滴豪华车'}]",[],[],1,1.0,1.0,1
用特惠快车去顺德欢乐海岸PLUS，预算不超过47元。,"[{'六座': '六座专车'}, {'六座': '六座豪华车'}, {'快速': '出租车'}, {'快速': '曹操出行'}, {'快速': '滴滴轻享'}, {'拼车': '极速拼车'}, {'拼车': '特价拼车'}, {'推荐': '滴滴快车'}, {'推荐': '特惠快车'}, {'推荐': '花小猪正价版'}, {'特价': '惊喜特价'}, {'特价': '特惠快车'}, {'特价': '花小猪外接版'}, {'舒适': '滴滴专车'}, {'舒适': '滴滴豪华车'}]","[{'推荐': '特惠快车'}, {'特价': '特惠快车'}]","[{'推荐': '特惠快车'}, {'特价': '特惠快车'}]",1,1.0,1.0,1
拼车从拉萨市区到柳梧新区，价格越低越好。,"[{'六座': '六座专车'}, {'出租': '出租车'}, {'快速': '滴滴快车'}, {'快速': '特快出租车'}, {'拼车': '极速拼车'}, {'拼车': '特价拼车'}, {'特价': '特惠快车'}, {'特价': '花小猪外接版'}, {'特价拼车': '特价拼车'}, {'特快车': '特快车'}, {'特惠快车': '特惠快车'}, {'经济': '365约车'}, {'经济': '聚优出租'}, {'舒适出发': '滴滴专车'}, {'舒适出发': '滴滴豪华车'}]","[{'拼车': '极速拼车'}, {'拼车': '特价拼车'}, {'特价拼车': '特价拼车'}]","[{'拼车': '极速拼车'}, {'拼车': '特价拼车'}, {'特价拼车': '特价拼车'}]",1,1.0,1.0,1
从呼和浩特市区到包头市，希望拼车，75以内。,"[{'六座': '六座专车'}, {'出租': '出租车'}, {'快速': '滴滴快车'}, {'快速': '特快出租车'}, {'拼车': '极速拼车'}, {'拼车': '特价拼车'}, {'特价': '特惠快车'}, {'特价': '花小猪外接版'}, {'特价拼车': '特价拼车'}, {'特快车': '特快车'}, {'特惠快车': '特惠快车'}, {'经济': '365约车'}, {'经济': '聚优出租'}, {'舒适出发': '滴滴专车'}, {'舒适出发': '滴滴豪华车'}]","[{'拼车': '极速拼车'}, {'拼车': '特价拼车'}, {'特价拼车': '特价拼车'}]","[{'拼车': '极速拼车'}, {'拼车': '特价拼车'}, {'特价拼车': '特价拼车'}]",1,1.0,1.0,1
选特价拼车或特惠快车去大梅沙滨海公园，价格不超过79元。,"[{'六座': '六座专车'}, {'快速': '出租车'}, {'快速': '曹操出行'}, {'快速': '滴滴优享'}, {'快速': '滴滴特快'}, {'快速': '滴滴轻享'}, {'拼车': '极速拼车'}, {'拼车': '特价拼车'}, {'推荐': '滴滴快车'}, {'推荐': '特快出租车'}, {'推荐': '特惠快车'}, {'推荐': '花小猪正价版'}, {'特价': '惊喜特价'}, {'特价': '花小猪外接版'}, {'舒适': '滴滴专车'}]","[{'拼车': '特价拼车'}, {'推荐': '特惠快车'}]","[{'拼车': '特价拼车'}, {'推荐': '特惠快车'}]",1,1.0,1.0,1
用特价拼车到禄口机场，控制费用。,"[{'六座': '六座专车'}, {'快速': '出租车'}, {'快速': '曹操出行'}, {'快速': '滴滴特快'}, {'快速': '滴滴轻享'}, {'拼车': '极速拼车'}, {'拼车': '特价拼车'}, {'推荐': '滴滴快车'}, {'推荐': '特惠快车'}, {'推荐': '花小猪正价版'}, {'特价': '花小猪外接版'}, {'舒适': '滴滴专车'}, {'舒适': '滴滴豪华车'}]",[{'拼车': '特价拼车'}],[{'拼车': '特价拼车'}],1,1.0,1.0,1
打特惠快车去创业花园。,"[{'': '极速拼车'}, {'': '特惠快车'}, {'优享型': 'AA出行'}, {'优享型': '享道出行'}, {'优享型': '全民GO'}, {'优享型': '斑马快跑'}, {'优享型': '星徽出行'}, {'优享型': '曹操出行'}, {'优享型': '火箭出行'}, {'优享型': '阳光出行'}, {'优享型': '首汽约车'}, {'经济型': '365约车'}, {'经济型': '5U出行'}, {'经济型': '900出行'}, {'经济型': 'AA出行'}, {'经济型': '东潮出行'}, {'经济型': '中军出行'}, {'经济型': '全民GO'}, {'经济型': '北京新出租'}, {'经济型': '如祺出行'}, {'经济型': '妥妥E行'}, {'经济型': '旗妙出行'}, {'经济型': '曹操出行'}, {'经济型': '深圳出租'}, {'经济型': '神州专车'}, {'经济型': '飞嘀打车'}]",[{'': '特惠快车'}],[{'': '特惠快车'}],1,1.0,1.0,1
从我家打车去公司，有没有四分钟内能赶过来的。,"[{'六座': '六座专车'}, {'出租': '出租车'}, {'快速': '滴滴快车'}, {'快速': '特快出租车'}, {'拼车': '极速拼车'}, {'拼车': '特价拼车'}, {'特价': '特惠快车'}, {'特价': '花小猪外接版'}, {'特价拼车': '特价拼车'}, {'特快车': '特快车'}, {'特惠快车': '特惠快车'}, {'经济': '365约车'}, {'经济': '聚优出租'}, {'舒适出发': '滴滴专车'}, {'舒适出发': '滴滴豪华车'}]",[],[],1,1.0,1.0,1
叫特惠快车去新莲大厦，车费要高于100元。,"[{'': '极速拼车'}, {'': '特惠快车'}, {'优享型': '东潮出行'}, {'优享型': '中交出行'}, {'优享型': '及时用车'}, {'优享型': '旗妙出行'}, {'优享型': '火箭出行'}, {'优享型': '环旅出行'}, {'优享型': '腾飞出行'}, {'优享型': '阳光出行'}, {'优享型': '飞嘀打车'}, {'经济型': '5U出行'}, {'经济型': '900出行'}, {'经济型': 'AA出行'}, {'经济型': 'T3出行'}, {'经济型': '东潮出行'}, {'经济型': '中军出行'}, {'经济型': '享道出行'}, {'经济型': '全民GO'}, {'经济型': '北京新出租'}, {'经济型': '北京的士'}, {'经济型': '及时用车'}, {'经济型': '如祺出行'}, {'经济型': '妥妥E行'}, {'经济型': '旗妙出行'}, {'经济型': '有序出行'}, {'经济型': '神州专车'}, {'经济型': '聚的新出租'}, {'经济型': '腾飞出行'}, {'经济型': '阳光出行'}, {'经济型': '飞嘀打车'}, {'经济型': '首汽约车'}]",[{'': '特惠快车'}],[{'': '特惠快车'}],1,1.0,1.0,1
打个特惠快车去龙华简上村69栋，价格不超过28元。,"[{'六座': '六座专车'}, {'六座': '六座豪华车'}, {'快速': '出租车'}, {'快速': '曹操出行'}, {'快速': '滴滴轻享'}, {'拼车': '极速拼车'}, {'拼车': '特价拼车'}, {'推荐': '滴滴快车'}, {'推荐': '特快出租车'}, {'推荐': '特惠快车'}, {'推荐': '花小猪正价版'}, {'特价': '惊喜特价'}, {'特价': '特惠快车'}, {'特价': '花小猪外接版'}, {'舒适': '滴滴专车'}, {'舒适': '滴滴豪华车'}]","[{'推荐': '特惠快车'}, {'特价': '特惠快车'}]","[{'推荐': '特惠快车'}, {'特价': '特惠快车'}]",1,1.0,1.0,1
去民治地铁口，专车，不要拼车。,"[{'六座': '六座专车'}, {'六座': '六座豪华车'}, {'快速': '出租车'}, {'快速': '曹操出行'}, {'快速': '滴滴特快'}, {'快速': '滴滴轻享'}, {'拼车': '极速拼车'}, {'拼车': '特价拼车'}, {'推荐': '滴滴快车'}, {'推荐': '特快出租车'}, {'推荐': '特惠快车'}, {'推荐': '花小猪正价版'}, {'特价': '花小猪外接版'}, {'舒适': '滴滴专车'}]","[{'六座': '六座专车'}, {'舒适': '滴滴专车'}]","[{'六座': '六座专车'}, {'舒适': '滴滴专车'}]",1,1.0,1.0,1
预约特价拼车或惊喜特价从解放碑到江北机场，预算30元内。,"[{'六座': '六座专车'}, {'六座': '六座豪华车'}, {'快速': '出租车'}, {'快速': '曹操出行'}, {'快速': '滴滴特快'}, {'快速': '滴滴轻享'}, {'拼车': '特价拼车'}, {'推荐': '滴滴快车'}, {'推荐': '特快出租车'}, {'推荐': '特惠快车'}, {'推荐': '花小猪正价版'}, {'特价': '惊喜特价'}, {'特价': '花小猪外接版'}, {'舒适': '滴滴专车'}, {'舒适': '滴滴豪华车'}]","[{'拼车': '特价拼车'}, {'特价': '惊喜特价'}]","[{'拼车': '特价拼车'}, {'特价': '惊喜特价'}]",1,1.0,1.0,1
叫辆车去玄武湖公园，不要拼车。,"[{'六座': '六座专车'}, {'出租': '出租车'}, {'快速': '滴滴快车'}, {'快速': '特快出租车'}, {'拼车': '极速拼车'}, {'拼车': '特价拼车'}, {'特价': '特惠快车'}, {'特价': '花小猪外接版'}, {'特价拼车': '特价拼车'}, {'特快车': '特快车'}, {'特惠快车': '特惠快车'}, {'经济': '365约车'}, {'经济': '聚优出租'}, {'舒适出发': '滴滴专车'}, {'舒适出发': '滴滴豪华车'}]","[{'六座': '六座专车'}, {'出租': '出租车'}, {'快速': '滴滴快车'}, {'快速': '特快出租车'}, {'特价': '特惠快车'}, {'特价': '花小猪外接版'}, {'特快车': '特快车'}, {'特惠快车': '特惠快车'}, {'经济': '365约车'}, {'经济': '聚优出租'}, {'舒适出发': '滴滴专车'}, {'舒适出发': '滴滴豪华车'}]","[{'六座': '六座专车'}, {'出租': '出租车'}, {'快速': '滴滴快车'}, {'快速': '特快出租车'}, {'特价': '特惠快车'}, {'特价': '花小猪外接版'}, {'特快车': '特快车'}, {'特惠快车': '特惠快车'}, {'经济': '365约车'}, {'经济': '聚优出租'}, {'舒适出发': '滴滴专车'}, {'舒适出发': '滴滴豪华车'}]",1,1.0,1.0,1
用六座专车从超市回家，费用控制在100元以内。,"[{'六座': '六座专车'}, {'快速': '出租车'}, {'快速': '曹操出行'}, {'快速': '滴滴特快'}, {'快速': '滴滴轻享'}, {'拼车': '特价拼车'}, {'推荐': '滴滴快车'}, {'推荐': '特快出租车'}, {'推荐': '特惠快车'}, {'推荐': '花小猪正价版'}, {'特价': '惊喜特价'}, {'特价': '花小猪外接版'}, {'舒适': '滴滴专车'}]",[{'六座': '六座专车'}],[{'六座': '六座专车'}],1,1.0,1.0,1
太原迎泽公园到武宿机场，选特快出租车，要师傅经验丰富。,"[{'六座': '六座专车'}, {'六座': '六座豪华车'}, {'快速': '出租车'}, {'快速': '曹操出行'}, {'快速': '滴滴特快'}, {'快速': '滴滴轻享'}, {'拼车': '极速拼车'}, {'拼车': '特价拼车'}, {'推荐': '滴滴快车'}, {'推荐': '特惠快车'}, {'推荐': '花小猪正价版'}, {'特价': '惊喜特价'}, {'特价': '特惠快车'}, {'特价': '花小猪外接版'}, {'舒适': '滴滴专车'}, {'舒适': '滴滴豪华车'}]",[{'快速': '出租车'}],[{'快速': '出租车'}],1,1.0,1.0,1
打车去深圳北站，选上所有的车型,"[{'': '极速拼车'}, {'': '特惠快车'}, {'优享型': 'T3出行'}, {'优享型': '东潮出行'}, {'优享型': '中交出行'}, {'优享型': '享道出行'}, {'优享型': '全民GO'}, {'优享型': '及时用车'}, {'优享型': '妥妥E行'}, {'优享型': '斑马快跑'}, {'优享型': '曹操出行'}, {'优享型': '神州专车'}, {'优享型': '阳光出行'}, {'优享型': '飞嘀打车'}, {'优享型': '首汽约车'}, {'经济型': '5U出行'}, {'经济型': 'T3出行'}, {'经济型': '东潮出行'}, {'经济型': '中交出行'}, {'经济型': '中军出行'}, {'经济型': '享道出行'}, {'经济型': '全民GO'}, {'经济型': '及时用车'}, {'经济型': '如祺出行'}, {'经济型': '妥妥E行'}, {'经济型': '斑马快跑'}, {'经济型': '曹操出行'}, {'经济型': '深圳出租'}, {'经济型': '神州专车'}, {'经济型': '聚的新出租'}, {'经济型': '阳光出行'}, {'经济型': '飞嘀打车'}, {'经济型': '首汽约车'}]",[{'all': 'all'}],[{'all': 'all'}],1,1.0,1.0,1
用首汽约车叫辆专车到元芬地铁站，走最优路线。,"[{'六座': '六座专车'}, {'快速': '出租车'}, {'快速': '曹操出行'}, {'快速': '滴滴特快'}, {'快速': '滴滴轻享'}, {'拼车': '极速拼车'}, {'拼车': '特价拼车'}, {'推荐': '滴滴快车'}, {'推荐': '特惠快车'}, {'推荐': '花小猪正价版'}, {'特价': '惊喜特价'}, {'特价': '特惠快车'}, {'特价': '花小猪外接版'}, {'舒适': '滴滴专车'}]","[{'六座': '六座专车'}, {'舒适': '滴滴专车'}]","[{'六座': '六座专车'}, {'舒适': '滴滴专车'}]",1,1.0,1.0,1
从深圳湾公园用滴滴叫个特惠快车到宝安机场，费用不超过80元。,"[{'六座': '六座专车'}, {'快速': '出租车'}, {'快速': '曹操出行'}, {'快速': '滴滴特快'}, {'快速': '滴滴轻享'}, {'拼车': '特价拼车'}, {'推荐': '滴滴快车'}, {'推荐': '特惠快车'}, {'推荐': '花小猪正价版'}, {'特价': '惊喜特价'}, {'特价': '花小猪外接版'}, {'舒适': '滴滴专车'}]",[{'推荐': '特惠快车'}],[{'推荐': '特惠快车'}],1,1.0,1.0,1
选腾飞出行、六座商务车到香雪海，费用80元以上。,"[{'': '极速拼车'}, {'': '特惠快车'}, {'优享型': 'AA出行'}, {'优享型': '中交出行'}, {'优享型': '享道出行'}, {'优享型': '及时用车'}, {'优享型': '斑马快跑'}, {'优享型': '旗妙出行'}, {'优享型': '环旅出行'}, {'优享型': '阳光出行'}, {'经济型': 'T3出行'}, {'经济型': '中交出行'}, {'经济型': '全民GO'}, {'经济型': '北京新出租'}, {'经济型': '北京的士'}, {'经济型': '如祺出行'}, {'经济型': '妥妥E行'}, {'经济型': '斑马快跑'}, {'经济型': '旗妙出行'}, {'经济型': '曹操出行'}, {'经济型': '深圳出租'}, {'经济型': '神州专车'}, {'经济型': '聚的新出租'}, {'经济型': '腾飞出行'}, {'经济型': '阳光出行'}, {'经济型': '飞嘀打车'}, {'经济型': '首汽约车'}]",[{'经济型': '腾飞出行'}],[{'经济型': '腾飞出行'}],1,1.0,1.0,1
在滴滴预约舒适型的车到上海南站，费用不限，立即出发。,"[{'六座': '六座专车'}, {'六座': '六座豪华车'}, {'快速': '出租车'}, {'快速': '宽敞好车'}, {'快速': '方舟行'}, {'快速': '曹操出行'}, {'快速': '武汉新出租'}, {'快速': '滴滴优享'}, {'快速': '滴滴快车'}, {'快速': '滴滴特快'}, {'快速': '滴滴轻享'}, {'快速': '长沙新出租'}, {'拼车': '极速拼车'}, {'拼车': '滴滴小巴'}, {'拼车': '特价拼车'}, {'推荐': '滴滴快车'}, {'推荐': '特快出租车'}, {'推荐': '特惠快车'}, {'推荐': '花小猪正价版'}, {'特价': '惊喜特价'}, {'特价': '特惠快车'}, {'特价': '花小猪外接版'}, {'舒适': '滴滴专车'}]",[{'舒适': '滴滴专车'}],[{'舒适': '滴滴专车'}],1,1.0,1.0,1
到溁湾镇，商务车最便宜。,"[{'': '极速拼车'}, {'': '特惠快车'}, {'优享型': 'AA出行'}, {'优享型': '全民GO'}, {'优享型': '及时用车'}, {'优享型': '环旅出行'}, {'优享型': '神州专车'}, {'优享型': '阳光出行'}, {'优享型': '飞嘀打车'}, {'优享型': '首汽约车'}, {'经济型': '365约车'}, {'经济型': 'AA出行'}, {'经济型': 'T3出行'}, {'经济型': '中军出行'}, {'经济型': '北京新出租'}, {'经济型': '如祺出行'}, {'经济型': '斑马快跑'}, {'经济型': '曹操出行'}, {'经济型': '深圳出租'}, {'经济型': '聚的新出租'}, {'经济型': '腾飞出行'}, {'经济型': '阳光出行'}, {'经济型': '飞嘀打车'}]",[],[],1,1.0,1.0,1
打个特价拼车去深圳会展中心，费用不超过30元。,"[{'六座': '六座专车'}, {'六座': '六座豪华车'}, {'快速': '出租车'}, {'快速': '曹操出行'}, {'快速': '滴滴优享'}, {'快速': '滴滴特快'}, {'快速': '滴滴轻享'}, {'拼车': '特价拼车'}, {'推荐': '滴滴快车'}, {'推荐': '特快出租车'}, {'推荐': '特惠快车'}, {'推荐': '花小猪正价版'}, {'特价': '惊喜特价'}, {'特价': '特惠快车'}, {'特价': '花小猪外接版'}, {'舒适': '滴滴专车'}, {'舒适': '滴滴豪华车'}]",[{'拼车': '特价拼车'}],[{'拼车': '特价拼车'}],1,1.0,1.0,1
去创业花园，不接受中交出行。,"[{'六座': '六座专车'}, {'快速': '出租车'}, {'快速': '曹操出行'}, {'快速': '滴滴轻享'}, {'拼车': '极速拼车'}, {'拼车': '特价拼车'}, {'推荐': '滴滴快车'}, {'推荐': '特快出租车'}, {'推荐': '特惠快车'}, {'推荐': '花小猪正价版'}, {'特价': '惊喜特价'}, {'特价': '花小猪外接版'}, {'舒适': '滴滴专车'}, {'舒适': '滴滴豪华车'}]","[{'六座': '六座专车'}, {'快速': '出租车'}, {'快速': '曹操出行'}, {'快速': '滴滴轻享'}, {'拼车': '极速拼车'}, {'拼车': '特价拼车'}, {'推荐': '滴滴快车'}, {'推荐': '特快出租车'}, {'推荐': '特惠快车'}, {'推荐': '花小猪正价版'}, {'特价': '惊喜特价'}, {'特价': '花小猪外接版'}, {'舒适': '滴滴专车'}, {'舒适': '滴滴豪华车'}]","[{'六座': '六座专车'}, {'快速': '出租车'}, {'快速': '曹操出行'}, {'快速': '滴滴轻享'}, {'拼车': '极速拼车'}, {'拼车': '特价拼车'}, {'推荐': '滴滴快车'}, {'推荐': '特快出租车'}, {'推荐': '特惠快车'}, {'推荐': '花小猪正价版'}, {'特价': '惊喜特价'}, {'特价': '花小猪外接版'}, {'舒适': '滴滴专车'}, {'舒适': '滴滴豪华车'}]",1,1.0,1.0,1
打车去夫子庙，全价位车型都选上。,"[{'六座': '六座专车'}, {'六座': '六座豪华车'}, {'快速': '出租车'}, {'快速': '宽敞好车'}, {'快速': '方舟行'}, {'快速': '曹操出行'}, {'快速': '武汉新出租'}, {'快速': '滴滴优享'}, {'快速': '滴滴快车'}, {'快速': '滴滴特快'}, {'快速': '滴滴轻享'}, {'快速': '长沙新出租'}, {'拼车': '极速拼车'}, {'拼车': '滴滴小巴'}, {'拼车': '特价拼车'}, {'推荐': '滴滴快车'}, {'推荐': '特惠快车'}, {'推荐': '花小猪正价版'}, {'特价': '惊喜特价'}, {'特价': '特惠快车'}, {'特价': '花小猪外接版'}, {'舒适': '滴滴专车'}, {'舒适': '滴滴豪华车'}]",[{'all': 'all'}],[{'all': 'all'}],1,1.0,1.0,1
用滴滴叫辆豪华车去高崎机场。,"[{'六座': '六座专车'}, {'六座': '六座豪华车'}, {'快速': '出租车'}, {'快速': '曹操出行'}, {'快速': '滴滴特快'}, {'快速': '滴滴轻享'}, {'拼车': '特价拼车'}, {'推荐': '滴滴快车'}, {'推荐': '特快出租车'}, {'推荐': '特惠快车'}, {'推荐': '花小猪正价版'}, {'特价': '惊喜特价'}, {'特价': '花小猪外接版'}, {'舒适': '滴滴专车'}, {'舒适': '滴滴豪华车'}]","[{'六座': '六座豪华车'}, {'舒适': '滴滴豪华车'}]","[{'六座': '六座豪华车'}, {'舒适': '滴滴豪华车'}]",1,1.0,1.0,1
准备去中山码头，我叫辆经济型车，价格不超过115,"[{'': '极速拼车'}, {'': '特惠快车'}, {'优享型': '中交出行'}, {'优享型': '享道出行'}, {'优享型': '曹操出行'}, {'优享型': '添猫出行'}, {'优享型': '火箭出行'}, {'优享型': '环旅出行'}, {'优享型': '神州专车'}, {'优享型': '阳光出行'}, {'六座商务': '宽敞空间 商务体验'}, {'出租车': '车多应答快'}, {'品质专车': '静音不打扰 整洁无异味'}, {'快速出发': '无'}, {'惠享专车': 'T3出行'}, {'惠享专车': '好车好服务'}, {'拼车': '出租车拼车'}, {'拼车': '特惠快车'}, {'推荐': '推荐专车'}, {'特价出发': '更多特价'}, {'特快车': '超值体验 更快上车'}, {'经济': '首汽约车'}, {'经济型': '365约车'}, {'经济型': '900出行'}, {'经济型': 'J刻出行'}, {'经济型': '享道出行'}, {'经济型': '全民GO'}, {'经济型': '北京新出租'}, {'经济型': '及时用车'}, {'经济型': '国泰出租'}, {'经济型': '奇华出行'}, {'经济型': '如祺出行'}, {'经济型': '斑马快跑'}, {'经济型': '方舟行'}, {'经济型': '旅程出租'}, {'经济型': '旗妙出行'}, {'经济型': '日初出行'}, {'经济型': '星徽出行'}, {'经济型': '渔阳出行'}, {'经济型': '聚的新出租'}, {'经济型': '腾飞出行'}, {'经济型': '阳光出行'}, {'经济型': '飞嘀打车'}, {'经济型': '首汽约车'}, {'豪华型': '车型高端 服务专业'}, {'轻享专车': '静音不打扰 整洁无异味'}]","[{'经济': '首汽约车'}, {'经济型': '365约车'}, {'经济型': '900出行'}, {'经济型': 'J刻出行'}, {'经济型': '享道出行'}, {'经济型': '全民GO'}, {'经济型': '北京新出租'}, {'经济型': '及时用车'}, {'经济型': '国泰出租'}, {'经济型': '奇华出行'}, {'经济型': '如祺出行'}, {'经济型': '斑马快跑'}, {'经济型': '方舟行'}, {'经济型': '旅程出租'}, {'经济型': '旗妙出行'}, {'经济型': '日初出行'}, {'经济型': '星徽出行'}, {'经济型': '渔阳出行'}, {'经济型': '聚的新出租'}, {'经济型': '腾飞出行'}, {'经济型': '阳光出行'}, {'经济型': '飞嘀打车'}, {'经济型': '首汽约车'}]","[{'经济': '首汽约车'}, {'经济型': '365约车'}, {'经济型': '900出行'}, {'经济型': 'J刻出行'}, {'经济型': '享道出行'}, {'经济型': '全民GO'}, {'经济型': '北京新出租'}, {'经济型': '及时用车'}, {'经济型': '国泰出租'}, {'经济型': '奇华出行'}, {'经济型': '如祺出行'}, {'经济型': '斑马快跑'}, {'经济型': '方舟行'}, {'经济型': '旅程出租'}, {'经济型': '旗妙出行'}, {'经济型': '日初出行'}, {'经济型': '星徽出行'}, {'经济型': '渔阳出行'}, {'经济型': '聚的新出租'}, {'经济型': '腾飞出行'}, {'经济型': '阳光出行'}, {'经济型': '飞嘀打车'}, {'经济型': '首汽约车'}]",1,1.0,1.0,1
预约滴滴专车从广州塔到白云机场，选豪华车型也行。,"[{'六座': '六座专车'}, {'六座': '六座豪华车'}, {'快速': '出租车'}, {'快速': '曹操出行'}, {'快速': '滴滴特快'}, {'快速': '滴滴轻享'}, {'拼车': '极速拼车'}, {'拼车': '特价拼车'}, {'推荐': '滴滴快车'}, {'推荐': '特快出租车'}, {'推荐': '特惠快车'}, {'推荐': '花小猪正价版'}, {'特价': '惊喜特价'}, {'特价': '花小猪外接版'}, {'舒适': '滴滴专车'}]","[{'六座': '六座专车'}, {'六座': '六座豪华车'}, {'舒适': '滴滴专车'}]","[{'六座': '六座专车'}, {'六座': '六座豪华车'}, {'舒适': '滴滴专车'}]",1,1.0,1.0,1
叫一辆30以内的专车，从雨花客厅到南京国际博览中心。,"[{'六座': '六座专车'}, {'出租': '出租车'}, {'快速': '滴滴快车'}, {'快速': '特快出租车'}, {'拼车': '极速拼车'}, {'拼车': '特价拼车'}, {'特价': '特惠快车'}, {'特价': '花小猪外接版'}, {'特价拼车': '特价拼车'}, {'特快车': '特快车'}, {'特惠快车': '特惠快车'}, {'经济': '365约车'}, {'经济': '聚优出租'}, {'舒适出发': '滴滴专车'}, {'舒适出发': '滴滴豪华车'}]","[{'六座': '六座专车'}, {'舒适出发': '滴滴专车'}]","[{'六座': '六座专车'}, {'舒适出发': '滴滴专车'}]",1,1.0,1.0,1
打的去家得福北门，经济型车。,"[{'': '极速拼车'}, {'': '特惠快车'}, {'优享型': 'AA出行'}, {'优享型': '东潮出行'}, {'优享型': '中交出行'}, {'优享型': '全民GO'}, {'优享型': '及时用车'}, {'优享型': '斑马快跑'}, {'优享型': '曹操出行'}, {'优享型': '添猫出行'}, {'优享型': '火箭出行'}, {'优享型': '环旅出行'}, {'优享型': '腾飞出行'}, {'优享型': '阳光出行'}, {'优享型': '风韵出行'}, {'优享型': '飞嘀打车'}, {'六座商务': '宽敞空间 商务体验'}, {'出租车': '车多应答快'}, {'品质专车': '静音不打扰 整洁无异味'}, {'快速出发': '无'}, {'惠享专车': '及时用车'}, {'惠享专车': '好车好服务'}, {'拼车': '特惠快车'}, {'推荐': '极速拼车'}, {'特价出发': '更多特价'}, {'特快车': '超值体验 更快上车'}, {'经济': '首汽约车'}, {'经济型': '365约车'}, {'经济型': 'AA出行'}, {'经济型': 'J刻出行'}, {'经济型': '东潮出行'}, {'经济型': '中军出行'}, {'经济型': '北京的士'}, {'经济型': '及时用车'}, {'经济型': '如祺出行'}, {'经济型': '妥妥E行'}, {'经济型': '旗妙出行'}, {'经济型': '添猫出行'}, {'经济型': '渔阳出行'}, {'经济型': '飞嘀打车'}, {'豪华型': '车型高端 服务专业'}, {'轻享专车': '静音不打扰 整洁无异味'}]","[{'': '特惠快车'}, {'拼车': '特惠快车'}, {'特价出发': '更多特价'}, {'经济': '首汽约车'}, {'经济型': '365约车'}, {'经济型': 'AA出行'}, {'经济型': 'J刻出行'}, {'经济型': '东潮出行'}, {'经济型': '中军出行'}, {'经济型': '北京的士'}, {'经济型': '及时用车'}, {'经济型': '如祺出行'}, {'经济型': '妥妥E行'}, {'经济型': '旗妙出行'}, {'经济型': '添猫出行'}, {'经济型': '渔阳出行'}, {'经济型': '飞嘀打车'}]","[{'': '特惠快车'}, {'拼车': '特惠快车'}, {'特价出发': '更多特价'}, {'经济': '首汽约车'}, {'经济型': '365约车'}, {'经济型': 'AA出行'}, {'经济型': 'J刻出行'}, {'经济型': '东潮出行'}, {'经济型': '中军出行'}, {'经济型': '北京的士'}, {'经济型': '及时用车'}, {'经济型': '如祺出行'}, {'经济型': '妥妥E行'}, {'经济型': '旗妙出行'}, {'经济型': '添猫出行'}, {'经济型': '渔阳出行'}, {'经济型': '飞嘀打车'}]",1,1.0,1.0,1
打车去深圳会展中心，打快速车和六座专车,"[{'六座': '六座豪华车'}, {'快速': '出租车'}, {'快速': '如祺出行'}, {'快速': '曹操出行'}, {'快速': '滴滴轻享'}, {'快速': '花小猪正价版'}, {'推荐': '六座专车'}, {'推荐': '宽敞好车'}, {'推荐': '极速拼车'}, {'推荐': '滴滴快车'}, {'推荐': '滴滴特快'}, {'推荐': '特惠快车'}, {'特价': '花小猪外接版'}, {'舒适': '滴滴专车'}, {'舒适': '滴滴豪华车'}]","[{'快速': '出租车'}, {'快速': '如祺出行'}, {'快速': '曹操出行'}, {'快速': '滴滴轻享'}, {'快速': '花小猪正价版'}, {'推荐': '六座专车'}, {'推荐': '滴滴快车'}, {'推荐': '滴滴特快'}, {'推荐': '特惠快车'}]","[{'六座': '六座豪华车'}, {'快速': '出租车'}, {'快速': '如祺出行'}, {'快速': '曹操出行'}, {'快速': '滴滴轻享'}, {'快速': '花小猪正价版'}, {'推荐': '滴滴快车'}, {'推荐': '滴滴特快'}, {'推荐': '特惠快车'}]",0,0.8888888888888888,0.0,0
去银行总部大厦拦特快出租车别上高架,"[{'': '极速拼车'}, {'': '特惠快车'}, {'优享型': 'AA出行'}, {'优享型': 'T3出行'}, {'优享型': '享道出行'}, {'优享型': '添猫出行'}, {'优享型': '火箭出行'}, {'优享型': '环旅出行'}, {'优享型': '神州专车'}, {'优享型': '阳光出行'}, {'优享型': '风韵出行'}, {'优享型': '飞嘀打车'}, {'优享型': '首汽约车'}, {'六座商务': '宽敞空间 商务体验'}, {'出租车': '车多应答快'}, {'品质专车': '静音不打扰 整洁无异味'}, {'快速出发': '无'}, {'惠享专车': '添猫出行'}, {'惠享专车': '阳光出行'}, {'拼车': '出租车拼车'}, {'推荐': '推荐专车'}, {'特价出发': '惊喜特价'}, {'特快车': '超值体验 更快上车'}, {'经济': '首汽约车'}, {'经济型': '5U出行'}, {'经济型': 'AA出行'}, {'经济型': 'K9用车'}, {'经济型': 'T3出行'}, {'经济型': '享道出行'}, {'经济型': '及时用车'}, {'经济型': '奇华出行'}, {'经济型': '如祺出行'}, {'经济型': '妥妥E行'}, {'经济型': '方舟行'}, {'经济型': '旅程出租'}, {'经济型': '曹操出行'}, {'经济型': '神州专车'}, {'经济型': '飞嘀打车'}, {'豪华型': '车型高端 服务专业'}, {'轻享专车': '静音不打扰 整洁无异味'}]","[{'出租车': '车多应答快'}, {'拼车': '出租车拼车'}, {'经济型': '旅程出租'}]","[{'出租车': '车多应答快'}, {'拼车': '出租车拼车'}, {'经济型': '旅程出租'}]",1,1.0,1.0,1
打车去高铁站，勾选特惠快车、曹操出行或快速。,"[{'六座': '六座专车'}, {'快速': '出租车'}, {'快速': '曹操出行'}, {'快速': '滴滴优享'}, {'快速': '滴滴特快'}, {'快速': '滴滴轻享'}, {'拼车': '极速拼车'}, {'拼车': '特价拼车'}, {'推荐': '滴滴快车'}, {'推荐': '特惠快车'}, {'推荐': '花小猪正价版'}, {'特价': '惊喜特价'}, {'特价': '花小猪外接版'}, {'舒适': '滴滴专车'}, {'舒适': '滴滴豪华车'}]","[{'快速': '出租车'}, {'快速': '曹操出行'}, {'快速': '滴滴优享'}, {'快速': '滴滴特快'}, {'快速': '滴滴轻享'}, {'推荐': '特惠快车'}]","[{'快速': '出租车'}, {'快速': '曹操出行'}, {'快速': '滴滴优享'}, {'快速': '滴滴特快'}, {'快速': '滴滴轻享'}, {'推荐': '滴滴快车'}, {'推荐': '特惠快车'}]",1,0.8571428571428571,0.923076923076923,0
打六座商务车型或者腾飞出行去莲花山公园。,"[{'': '极速拼车'}, {'': '特惠快车'}, {'优享型': 'AA出行'}, {'优享型': '东潮出行'}, {'优享型': '中交出行'}, {'优享型': '及时用车'}, {'优享型': '旗妙出行'}, {'优享型': '火箭出行'}, {'优享型': '腾飞出行'}, {'经济型': '365约车'}, {'经济型': 'T3出行'}, {'经济型': '东潮出行'}, {'经济型': '中交出行'}, {'经济型': '中军出行'}, {'经济型': '享道出行'}, {'经济型': '全民GO'}, {'经济型': '北京的士'}, {'经济型': '及时用车'}, {'经济型': '如祺出行'}, {'经济型': '妥妥E行'}, {'经济型': '旗妙出行'}, {'经济型': '星徽出行'}, {'经济型': '深圳出租'}, {'经济型': '飞嘀打车'}, {'经济型': '首汽约车'}]",[{'优享型': '腾飞出行'}],[{'优享型': '腾飞出行'}],1,1.0,1.0,1
用特惠快车和拼车去红山地铁站，费用不超过30元。,"[{'六座': '六座专车'}, {'六座': '六座豪华车'}, {'快速': '出租车'}, {'快速': '曹操出行'}, {'快速': '滴滴优享'}, {'快速': '滴滴特快'}, {'快速': '滴滴轻享'}, {'拼车': '极速拼车'}, {'拼车': '特价拼车'}, {'推荐': '滴滴快车'}, {'推荐': '特惠快车'}, {'推荐': '花小猪正价版'}, {'特价': '惊喜特价'}, {'特价': '花小猪外接版'}, {'舒适': '滴滴专车'}, {'舒适': '滴滴豪华车'}]","[{'拼车': '极速拼车'}, {'拼车': '特价拼车'}, {'推荐': '特惠快车'}]","[{'拼车': '极速拼车'}, {'拼车': '特价拼车'}, {'推荐': '特惠快车'}]",1,1.0,1.0,1
打车到金川开发区，价格大约在70-90元。,"[{'六座': '六座专车'}, {'出租': '出租车'}, {'快速': '滴滴快车'}, {'快速': '特快出租车'}, {'拼车': '极速拼车'}, {'拼车': '特价拼车'}, {'特价': '特惠快车'}, {'特价': '花小猪外接版'}, {'特价拼车': '特价拼车'}, {'特快车': '特快车'}, {'特惠快车': '特惠快车'}, {'经济': '365约车'}, {'经济': '聚优出租'}, {'舒适出发': '滴滴专车'}, {'舒适出发': '滴滴豪华车'}]",[],[],1,1.0,1.0,1
打拼车去南京师范大学,"[{'': '极速拼车'}, {'': '特惠快车'}, {'': '限时优惠，惊喜出发'}, {'优享型': '365约车'}, {'优享型': 'T3出行'}, {'优享型': '享道出行'}, {'优享型': '及时用车'}, {'优享型': '叮叮出行'}, {'优享型': '旅程约车'}, {'优享型': '曹操出行'}, {'优享型': '有滴出行'}, {'优享型': '沛途出行'}, {'优享型': '环旅出行'}, {'优享型': '神州专车'}, {'优享型': '腾飞出行'}, {'优享型': '阳光出行'}, {'优享型': '鞍马出行'}, {'优享型': '风韵出行'}, {'优享型': '首汽约车'}, {'经济型': '365约车'}, {'经济型': '享道出行'}, {'经济型': '南京出租'}, {'经济型': '及时用车'}, {'经济型': '叮叮出行'}, {'经济型': '妥妥E行'}, {'经济型': '旅程约车'}, {'经济型': '有序出行'}, {'经济型': '有滴出行'}, {'经济型': '沛途出行'}, {'经济型': '环旅出行'}, {'经济型': '神州专车'}, {'经济型': '聚优出租'}, {'经济型': '腾飞出行'}, {'经济型': '腾飞新出租'}, {'经济型': '迪尔出行'}, {'经济型': '阳光出行'}, {'经济型': '鞍马出行'}, {'经济型': '鞍马聚的新出租'}, {'经济型': '风韵出行'}, {'经济型': '首汽约车'}]",[{'': '极速拼车'}],[{'': '极速拼车'}],1,1.0,1.0,1
打车去深圳北站，只打20元以内的滴滴快车,"[{'六座': '六座专车'}, {'六座': '六座豪华车'}, {'快速': '曹操出行'}, {'快速': '滴滴轻享'}, {'快速': '花小猪正价版'}, {'推荐': '出租车'}, {'推荐': '如祺出行'}, {'推荐': '宽敞好车'}, {'推荐': '极速拼车'}, {'推荐': '滴滴快车'}, {'推荐': '滴滴特快'}, {'推荐': '特惠快车'}, {'特价': '花小猪外接版'}, {'舒适': '滴滴专车'}, {'舒适': '滴滴豪华车'}]","[{'推荐': '滴滴快车'}, {'推荐': '特惠快车'}]","[{'快速': '曹操出行'}, {'快速': '滴滴轻享'}, {'快速': '花小猪正价版'}, {'推荐': '滴滴快车'}, {'推荐': '特惠快车'}]",1,0.4,0.5714285714285715,0
去深业上城，不要六座。,"[{'六座': '六座专车'}, {'快速': '出租车'}, {'快速': '曹操出行'}, {'快速': '滴滴特快'}, {'快速': '滴滴轻享'}, {'拼车': '极速拼车'}, {'拼车': '特价拼车'}, {'推荐': '滴滴快车'}, {'推荐': '特惠快车'}, {'推荐': '花小猪正价版'}, {'特价': '惊喜特价'}, {'特价': '花小猪外接版'}, {'舒适': '滴滴专车'}]","[{'快速': '出租车'}, {'快速': '曹操出行'}, {'快速': '滴滴特快'}, {'快速': '滴滴轻享'}, {'拼车': '极速拼车'}, {'拼车': '特价拼车'}, {'推荐': '滴滴快车'}, {'推荐': '特惠快车'}, {'推荐': '花小猪正价版'}, {'特价': '惊喜特价'}, {'特价': '花小猪外接版'}, {'舒适': '滴滴专车'}]","[{'快速': '出租车'}, {'快速': '曹操出行'}, {'快速': '滴滴特快'}, {'快速': '滴滴轻享'}, {'拼车': '极速拼车'}, {'拼车': '特价拼车'}, {'推荐': '滴滴快车'}, {'推荐': '特惠快车'}, {'推荐': '花小猪正价版'}, {'特价': '惊喜特价'}, {'特价': '花小猪外接版'}, {'舒适': '滴滴专车'}]",1,1.0,1.0,1
在滴滴叫个舒适出发的车去灵隐寺，选个便宜些的。,"[{'六座': '六座专车'}, {'六座': '六座豪华车'}, {'快速': '出租车'}, {'快速': '宽敞好车'}, {'快速': '方舟行'}, {'快速': '曹操出行'}, {'快速': '滴滴优享'}, {'快速': '滴滴快车'}, {'快速': '滴滴特快'}, {'快速': '滴滴轻享'}, {'快速': '长沙新出租'}, {'拼车': '极速拼车'}, {'拼车': '特价拼车'}, {'推荐': '滴滴快车'}, {'推荐': '滴滴特快'}, {'推荐': '特快出租车'}, {'推荐': '特惠快车'}, {'推荐': '花小猪正价版'}, {'特价': '惊喜特价'}, {'特价': '花小猪外接版'}, {'舒适': '滴滴专车'}]",[{'舒适': '滴滴专车'}],[{'舒适': '滴滴专车'}],1,1.0,1.0,1
拼车去流亭国际机场，费用在60-80元。,"[{'六座': '六座专车'}, {'出租': '出租车'}, {'快速': '滴滴快车'}, {'快速': '特快出租车'}, {'拼车': '极速拼车'}, {'拼车': '特价拼车'}, {'特价': '特惠快车'}, {'特价': '花小猪外接版'}, {'特价拼车': '特价拼车'}, {'特快车': '特快车'}, {'特惠快车': '特惠快车'}, {'经济': '365约车'}, {'经济': '聚优出租'}, {'舒适出发': '滴滴专车'}, {'舒适出发': '滴滴豪华车'}]","[{'拼车': '极速拼车'}, {'拼车': '特价拼车'}, {'特价拼车': '特价拼车'}]","[{'拼车': '极速拼车'}, {'拼车': '特价拼车'}, {'特价拼车': '特价拼车'}]",1,1.0,1.0,1
打车去航海路，勾选所有价位的车。,"[{'六座': '六座专车'}, {'六座': '六座快车'}, {'六座': '六座豪华车'}, {'快速': '出租车'}, {'快速': '宽敞好车'}, {'快速': '方舟行'}, {'快速': '曹操出行'}, {'快速': '滴滴优享'}, {'快速': '滴滴快车'}, {'快速': '滴滴特快'}, {'快速': '滴滴轻享'}, {'快速': '长沙新出租'}, {'拼车': '极速拼车'}, {'拼车': '特价拼车'}, {'推荐': '滴滴快车'}, {'推荐': '特快出租车'}, {'推荐': '特惠快车'}, {'推荐': '花小猪正价版'}, {'特价': '惊喜特价'}, {'特价': '花小猪外接版'}, {'舒适': '滴滴专车'}]",[{'all': 'all'}],[{'all': 'all'}],1,1.0,1.0,1
昆明滇池边到长水机场，需要一辆商务型专车，能装多点行李。,"[{'六座': '六座专车'}, {'六座': '六座豪华车'}, {'快速': '出租车'}, {'快速': '曹操出行'}, {'快速': '滴滴特快'}, {'快速': '滴滴轻享'}, {'拼车': '极速拼车'}, {'拼车': '特价拼车'}, {'推荐': '滴滴快车'}, {'推荐': '特惠快车'}, {'推荐': '花小猪正价版'}, {'特价': '惊喜特价'}, {'特价': '花小猪外接版'}, {'舒适': '滴滴专车'}, {'舒适': '滴滴豪华车'}]",[],[],1,1.0,1.0,1
从五一广场到黄花机场，选特价拼车，价格不超过30元。,"[{'六座': '六座专车'}, {'快速': '出租车'}, {'快速': '曹操出行'}, {'快速': '滴滴特快'}, {'快速': '滴滴轻享'}, {'拼车': '极速拼车'}, {'拼车': '特价拼车'}, {'推荐': '滴滴快车'}, {'推荐': '特快出租车'}, {'推荐': '特惠快车'}, {'推荐': '花小猪正价版'}, {'特价': '惊喜特价'}, {'特价': '花小猪外接版'}, {'舒适': '滴滴专车'}]",[{'拼车': '特价拼车'}],[{'拼车': '特价拼车'}],1,1.0,1.0,1
预约特价拼车和极速拼车两人同行去机场，含高速费，用特惠快车也行。,"[{'六座': '六座专车'}, {'六座': '六座豪华车'}, {'快速': '出租车'}, {'快速': '曹操出行'}, {'快速': '滴滴轻享'}, {'拼车': '极速拼车'}, {'拼车': '特价拼车'}, {'推荐': '滴滴快车'}, {'推荐': '特快出租车'}, {'推荐': '特惠快车'}, {'推荐': '花小猪正价版'}, {'特价': '惊喜特价'}, {'特价': '花小猪外接版'}, {'舒适': '滴滴专车'}, {'舒适': '滴滴豪华车'}]","[{'拼车': '极速拼车'}, {'拼车': '特价拼车'}, {'推荐': '特惠快车'}]","[{'拼车': '极速拼车'}, {'拼车': '特价拼车'}, {'推荐': '特惠快车'}]",1,1.0,1.0,1
100块以内，从银川金凤区打车到吴忠市。,"[{'六座': '六座专车'}, {'出租': '出租车'}, {'快速': '滴滴快车'}, {'快速': '特快出租车'}, {'拼车': '极速拼车'}, {'拼车': '特价拼车'}, {'特价': '特惠快车'}, {'特价': '花小猪外接版'}, {'特价拼车': '特价拼车'}, {'特快车': '特快车'}, {'特惠快车': '特惠快车'}, {'经济': '365约车'}, {'经济': '聚优出租'}, {'舒适出发': '滴滴专车'}, {'舒适出发': '滴滴豪华车'}]",[],[],1,1.0,1.0,1
叫个六座专车从南湖公园到龙嘉机场，带老人小孩需要大空间。,"[{'六座': '六座专车'}, {'六座': '六座豪华车'}, {'快速': '出租车'}, {'快速': '曹操出行'}, {'快速': '滴滴特快'}, {'快速': '滴滴轻享'}, {'拼车': '特价拼车'}, {'推荐': '滴滴快车'}, {'推荐': '特惠快车'}, {'推荐': '花小猪正价版'}, {'特价': '惊喜特价'}, {'特价': '花小猪外接版'}, {'舒适': '滴滴专车'}]",[{'六座': '六座专车'}],[{'六座': '六座专车'}],1,1.0,1.0,1
杭州西湖景区打车去萧山机场，5分钟内能上车的,"[{'六座': '六座专车'}, {'出租': '出租车'}, {'快速': '滴滴快车'}, {'快速': '特快出租车'}, {'拼车': '极速拼车'}, {'拼车': '特价拼车'}, {'特价': '特惠快车'}, {'特价': '花小猪外接版'}, {'特价拼车': '特价拼车'}, {'特快车': '特快车'}, {'特惠快车': '特惠快车'}, {'经济': '365约车'}, {'经济': '聚优出租'}, {'舒适出发': '滴滴专车'}, {'舒适出发': '滴滴豪华车'}]",[],[],1,1.0,1.0,1
用特惠快车去深圳湾公园，价格不超过28元。,"[{'': '极速拼车'}, {'': '特惠快车'}, {'优享型': 'AA出行'}, {'优享型': 'T3出行'}, {'优享型': '东潮出行'}, {'优享型': '及时用车'}, {'优享型': '曹操出行'}, {'优享型': '环旅出行'}, {'优享型': '神州专车'}, {'优享型': '飞嘀打车'}, {'优享型': '首汽约车'}, {'经济型': '365约车'}, {'经济型': 'AA出行'}, {'经济型': 'T3出行'}, {'经济型': '东潮出行'}, {'经济型': '中军出行'}, {'经济型': '享道出行'}, {'经济型': '北京新出租'}, {'经济型': '妥妥E行'}, {'经济型': '旗妙出行'}, {'经济型': '曹操出行'}, {'经济型': '神州专车'}, {'经济型': '腾飞出行'}, {'经济型': '阳光出行'}]",[{'': '特惠快车'}],[{'': '特惠快车'}],1,1.0,1.0,1
用曹操出行去顺德欢乐海岸PLUS，预算不超47元。,"[{'': '极速拼车'}, {'': '特惠快车'}, {'优享型': 'AA出行'}, {'优享型': 'T3出行'}, {'优享型': '东潮出行'}, {'优享型': '享道出行'}, {'优享型': '及时用车'}, {'优享型': '妥妥E行'}, {'优享型': '旗妙出行'}, {'优享型': '曹操出行'}, {'优享型': '神州专车'}, {'优享型': '腾飞出行'}, {'优享型': '阳光出行'}, {'经济型': '5U出行'}, {'经济型': '900出行'}, {'经济型': 'AA出行'}, {'经济型': 'T3出行'}, {'经济型': '中交出行'}, {'经济型': '享道出行'}, {'经济型': '北京新出租'}, {'经济型': '及时用车'}, {'经济型': '如祺出行'}, {'经济型': '妥妥E行'}, {'经济型': '旗妙出行'}, {'经济型': '曹操出行'}, {'经济型': '腾飞出行'}, {'经济型': '飞嘀打车'}]","[{'优享型': '曹操出行'}, {'经济型': '曹操出行'}]","[{'优享型': '曹操出行'}, {'经济型': '曹操出行'}]",1,1.0,1.0,1
叫个特惠快车到奥林匹克公园，预算不超过28元。,"[{'': '极速拼车'}, {'': '特惠快车'}, {'优享型': 'AA出行'}, {'优享型': '东潮出行'}, {'优享型': '中交出行'}, {'优享型': '享道出行'}, {'优享型': '妥妥E行'}, {'优享型': '星徽出行'}, {'优享型': '环旅出行'}, {'优享型': '阳光出行'}, {'优享型': '首汽约车'}, {'经济型': 'AA出行'}, {'经济型': '中军出行'}, {'经济型': '享道出行'}, {'经济型': '全民GO'}, {'经济型': '北京新出租'}, {'经济型': '如祺出行'}, {'经济型': '妥妥E行'}, {'经济型': '旗妙出行'}, {'经济型': '曹操出行'}, {'经济型': '有序出行'}, {'经济型': '深圳出租'}, {'经济型': '腾飞出行'}, {'经济型': '飞嘀打车'}, {'经济型': '首汽约车'}]",[{'': '特惠快车'}],[{'': '特惠快车'}],1,1.0,1.0,1
从迎泽大街到武宿机场，选特价拼车或极速拼车更划算。,"[{'六座': '六座专车'}, {'快速': '出租车'}, {'快速': '曹操出行'}, {'快速': '滴滴优享'}, {'快速': '滴滴特快'}, {'快速': '滴滴轻享'}, {'拼车': '特价拼车'}, {'推荐': '滴滴快车'}, {'推荐': '特惠快车'}, {'推荐': '花小猪正价版'}, {'特价': '惊喜特价'}, {'特价': '花小猪外接版'}, {'舒适': '滴滴专车'}]",[{'拼车': '特价拼车'}],[{'拼车': '特价拼车'}],1,1.0,1.0,1
打车去上芬地铁站，车型选择阳光出行和曹操出行,"[{'': '极速拼车'}, {'': '特惠快车'}, {'优享型': 'T3出行'}, {'优享型': '东潮出行'}, {'优享型': '中交出行'}, {'优享型': '享道出行'}, {'优享型': '全民GO'}, {'优享型': '及时用车'}, {'优享型': '妥妥E行'}, {'优享型': '斑马快跑'}, {'优享型': '曹操出行'}, {'优享型': '神州专车'}, {'优享型': '阳光出行'}, {'优享型': '飞嘀打车'}, {'优享型': '首汽约车'}, {'经济型': '5U出行'}, {'经济型': '900出行'}, {'经济型': 'T3出行'}, {'经济型': '东潮出行'}, {'经济型': '中交出行'}, {'经济型': '中军出行'}, {'经济型': '享道出行'}, {'经济型': '全民GO'}, {'经济型': '及时用车'}, {'经济型': '如祺出行'}, {'经济型': '妥妥E行'}, {'经济型': '斑马快跑'}, {'经济型': '曹操出行'}, {'经济型': '深圳出租'}, {'经济型': '神州专车'}, {'经济型': '聚的新出租'}, {'经济型': '阳光出行'}, {'经济型': '飞嘀打车'}, {'经济型': '首汽约车'}]","[{'优享型': '曹操出行'}, {'优享型': '阳光出行'}, {'经济型': '曹操出行'}, {'经济型': '阳光出行'}]","[{'优享型': '曹操出行'}, {'优享型': '阳光出行'}, {'经济型': '曹操出行'}, {'经济型': '阳光出行'}]",1,1.0,1.0,1
从青岛栈桥到流亭国际机场，价格控制在60-80。,"[{'六座': '六座专车'}, {'出租': '出租车'}, {'快速': '滴滴快车'}, {'快速': '特快出租车'}, {'拼车': '极速拼车'}, {'拼车': '特价拼车'}, {'特价': '特惠快车'}, {'特价': '花小猪外接版'}, {'特价拼车': '特价拼车'}, {'特快车': '特快车'}, {'特惠快车': '特惠快车'}, {'经济': '365约车'}, {'经济': '聚优出租'}, {'舒适出发': '滴滴专车'}, {'舒适出发': '滴滴豪华车'}]",[],[],1,1.0,1.0,1
准备去铜仁梵净山，叫个特价车，预算105内,"[{'': '极速拼车'}, {'': '特惠快车'}, {'优享型': '东潮出行'}, {'优享型': '及时用车'}, {'优享型': '妥妥E行'}, {'优享型': '添猫出行'}, {'优享型': '神州专车'}, {'优享型': '阳光出行'}, {'优享型': '飞嘀打车'}, {'六座商务': '宽敞空间 商务体验'}, {'出租车': '车多应答快'}, {'品质专车': '静音不打扰 整洁无异味'}, {'快速出发': '无'}, {'惠享专车': '添猫出行'}, {'拼车': '特惠快车'}, {'推荐': '极速拼车'}, {'推荐': '特惠快车'}, {'特价出发': '惊喜特价'}, {'特快车': '超值体验 更快上车'}, {'经济': '首汽约车'}, {'经济型': '365约车'}, {'经济型': 'AA出行'}, {'经济型': 'K9用车'}, {'经济型': 'T3出行'}, {'经济型': '东潮出行'}, {'经济型': '中军出行'}, {'经济型': '国泰出租'}, {'经济型': '奇华出行'}, {'经济型': '如祺出行'}, {'经济型': '斑马快跑'}, {'经济型': '旅程出租'}, {'经济型': '日初出行'}, {'经济型': '易至出行'}, {'经济型': '星徽出行'}, {'经济型': '曹操出行'}, {'经济型': '有序出行'}, {'经济型': '添猫出行'}, {'经济型': '神州专车'}, {'经济型': '阳光出行'}, {'经济型': '飞嘀打车'}, {'经济型': '首汽约车'}, {'豪华型': '车型高端 服务专业'}, {'轻享专车': '静音不打扰 整洁无异味'}]","[{'': '特惠快车'}, {'拼车': '特惠快车'}, {'推荐': '特惠快车'}, {'特价出发': '惊喜特价'}]","[{'': '特惠快车'}, {'拼车': '特惠快车'}, {'推荐': '特惠快车'}, {'特价出发': '惊喜特价'}]",1,1.0,1.0,1
