query,可选车型组合,模型输出车型组合,正确车型组合,inference_latency
打个特价拼车去云龙湖，最多15块。,"[{'快速': '滴滴特快'}, {'快速': '滴滴优享'}, {'特价': '花小猪外接版'}, {'特价': '惊喜特价'}, {'推荐': '特快出租车'}, {'六座': '六座豪华车'}, {'快速': '长沙新出租'}, {'推荐': '滴滴特快'}, {'快速': '出租车'}, {'快速': '滴滴轻享'}, {'推荐': '花小猪正价版'}, {'快速': '滴滴快车'}, {'快速': '方舟行'}, {'舒适': '滴滴专车'}, {'六座': '六座专车'}, {'拼车': '特价拼车'}, {'快速': '宽敞好车'}, {'快速': '曹操出行'}, {'特价': '特惠快车'}, {'推荐': '滴滴快车'}, {'推荐': '特惠快车'}]",[{'拼车': '特价拼车'}],[],0.7616915702819824
银川鼓楼到河东机场，需要一辆干净的车。,"[{'六座': '六座专车'}, {'拼车': '极速拼车'}, {'拼车': '特价拼车'}, {'舒适': '滴滴专车'}, {'推荐': '花小猪正价版'}, {'快速': '曹操出行'}, {'快速': '出租车'}, {'推荐': '滴滴快车'}, {'特价': '花小猪外接版'}, {'舒适': '滴滴豪华车'}, {'快速': '滴滴轻享'}, {'特价': '惊喜特价'}, {'推荐': '特惠快车'}]",[],[],0.12485313415527344
叫极速拼车去铁西万达广场，价格不超过31元。,"[{'六座': '六座专车'}, {'快速': '滴滴特快'}, {'六座': '六座豪华车'}, {'拼车': '特价拼车'}, {'拼车': '极速拼车'}, {'舒适': '滴滴专车'}, {'推荐': '花小猪正价版'}, {'推荐': '特惠快车'}, {'快速': '曹操出行'}, {'快速': '出租车'}, {'快速': '滴滴优享'}, {'推荐': '滴滴快车'}, {'特价': '花小猪外接版'}, {'舒适': '滴滴豪华车'}, {'快速': '滴滴轻享'}, {'特价': '惊喜特价'}, {'推荐': '特快出租车'}]",[{'拼车': '极速拼车'}],[{'拼车': '极速拼车'}],0.7313177585601807
打车去七里河区，选拼车。,"[{'经济型': '中交出行'}, {'出租车': 'undefined'}, {'优享型': '曹操出行'}, {'轻享专车': 'undefined'}, {'经济型': '如祺出行'}, {'优享型': '斑马快跑'}, {'优享型': '享道出行'}, {'经济型': 'AA出行'}, {'经济型': '及时用车'}, {'经济型': '365约车'}, {'': '极速拼车'}, {'优享型': '全民GO'}, {'经济型': '5U出行'}, {'经济型': '曹操出行'}, {'优享型': '旗妙出行'}, {'品质专车': 'undefined'}, {'豪华型': 'undefined'}, {'经济型': '斑马快跑'}, {'经济型': '享道出行'}, {'优享型': '腾飞出行'}, {'': '特惠快车'}, {'经济型': '全民GO'}, {'经济型': '聚的新出租'}, {'经济型': 'T3出行'}, {'特快车': 'undefined'}, {'优享型': '首汽约车'}, {'经济型': '中军出行'}, {'优享型': '妥妥E行'}, {'经济型': '旗妙出行'}, {'优享型': '中交出行'}, {'优享型': '神州专车'}, {'经济型': '深圳出租'}, {'经济型': '腾飞出行'}, {'经济型': '首汽约车'}, {'六座商务': 'undefined'}, {'优享型': 'AA出行'}, {'经济型': '有序出行'}]",[{'': '极速拼车'}],[{'': '极速拼车'}],0.6435811519622803
打特惠快车去机场，费用不超100。,"[{'出租车': 'undefined'}, {'经济型': '900出行'}, {'优享型': '曹操出行'}, {'轻享专车': 'undefined'}, {'经济型': '东潮出行'}, {'经济型': '如祺出行'}, {'优享型': '飞嘀打车'}, {'经济型': '神州专车'}, {'经济型': '及时用车'}, {'经济型': 'AA出行'}, {'经济型': '365约车'}, {'': '极速拼车'}, {'经济型': '有序出行'}, {'经济型': '5U出行'}, {'优享型': '全民GO'}, {'优享型': '旗妙出行'}, {'品质专车': 'undefined'}, {'豪华型': 'undefined'}, {'经济型': '飞嘀打车'}, {'经济型': '享道出行'}, {'优享型': '腾飞出行'}, {'': '特惠快车'}, {'特快车': 'undefined'}, {'经济型': '聚的新出租'}, {'经济型': 'T3出行'}, {'经济型': '阳光出行'}, {'优享型': '首汽约车'}, {'优享型': '星徽出行'}, {'优享型': '妥妥E行'}, {'经济型': '旗妙出行'}, {'优享型': '东潮出行'}, {'优享型': '神州专车'}, {'经济型': '深圳出租'}, {'优享型': '及时用车'}, {'六座商务': 'undefined'}, {'经济型': '北京的士'}, {'经济型': '妥妥E行'}]",[{'': '特惠快车'}],[{'': '特惠快车'}],0.7274155616760254
滴滴叫辆出租车去南京夫子庙秦淮河景区，避开限行路段。,"[{'六座': '六座专车'}, {'六座': '六座豪华车'}, {'拼车': '特价拼车'}, {'舒适': '滴滴专车'}, {'推荐': '花小猪正价版'}, {'推荐': '特惠快车'}, {'快速': '曹操出行'}, {'快速': '出租车'}, {'推荐': '滴滴快车'}, {'特价': '花小猪外接版'}, {'舒适': '滴滴豪华车'}, {'快速': '滴滴轻享'}, {'特价': '惊喜特价'}, {'推荐': '特快出租车'}]","[{'快速': '出租车'}, {'推荐': '特快出租车'}]","[{'快速': '出租车'}, {'推荐': '特快出租车'}]",1.017608404159546
从上海虹桥火车站到外滩，叫一辆滴滴豪华车。,"[{'六座': '六座专车'}, {'快速': '滴滴特快'}, {'拼车': '特价拼车'}, {'拼车': '极速拼车'}, {'舒适': '滴滴专车'}, {'推荐': '花小猪正价版'}, {'推荐': '特惠快车'}, {'快速': '曹操出行'}, {'快速': '出租车'}, {'推荐': '滴滴快车'}, {'特价': '花小猪外接版'}, {'快速': '滴滴轻享'}, {'特价': '惊喜特价'}, {'推荐': '特快出租车'}]",[],[],0.12307882308959961
用特惠快车从家到公司，预算不超过30元。,"[{'六座': '六座专车'}, {'快速': '滴滴特快'}, {'拼车': '极速拼车'}, {'拼车': '特价拼车'}, {'舒适': '滴滴专车'}, {'推荐': '花小猪正价版'}, {'快速': '曹操出行'}, {'快速': '出租车'}, {'推荐': '滴滴快车'}, {'特价': '花小猪外接版'}, {'舒适': '滴滴豪华车'}, {'快速': '滴滴轻享'}, {'特价': '惊喜特价'}, {'推荐': '特惠快车'}]",[{'推荐': '特惠快车'}],[{'推荐': '特惠快车'}],0.7321362495422363
打的去机场，不限车型,"[{'快速': '滴滴特快'}, {'快速': '滴滴优享'}, {'特价': '花小猪外接版'}, {'特价': '惊喜特价'}, {'推荐': '特快出租车'}, {'六座': '六座豪华车'}, {'快速': '长沙新出租'}, {'推荐': '滴滴特快'}, {'快速': '出租车'}, {'快速': '滴滴轻享'}, {'拼车': '极速拼车'}, {'推荐': '花小猪正价版'}, {'快速': '滴滴快车'}, {'快速': '方舟行'}, {'舒适': '滴滴专车'}, {'六座': '六座专车'}, {'快速': '武汉新出租'}, {'快速': '丽江新出租'}, {'拼车': '特价拼车'}, {'快速': '宽敞好车'}, {'快速': '曹操出行'}, {'推荐': '滴滴快车'}, {'推荐': '特惠快车'}]",[],[],0.1427927017211914
高德预约六座专车去莲花山附近的深业上城,"[{'经济型': '中交出行'}, {'出租车': 'undefined'}, {'轻享专车': 'undefined'}, {'经济型': '北京新出租'}, {'优享型': '飞嘀打车'}, {'经济型': '神州专车'}, {'经济型': 'AA出行'}, {'经济型': '及时用车'}, {'优享型': '全民GO'}, {'': '极速拼车'}, {'经济型': '有序出行'}, {'优享型': 'T3出行'}, {'优享型': '旗妙出行'}, {'品质专车': 'undefined'}, {'豪华型': 'undefined'}, {'经济型': '飞嘀打车'}, {'经济型': '享道出行'}, {'': '特惠快车'}, {'特快车': 'undefined'}, {'经济型': '中军出行'}, {'优享型': '神州专车'}, {'经济型': '深圳出租'}, {'优享型': '及时用车'}, {'六座商务': 'undefined'}, {'优享型': '火箭出行'}, {'优享型': 'AA出行'}, {'经济型': '妥妥E行'}]",[],[],0.14687681198120117
用特价拼车去南京南站，费用不超过30元。,"[{'六座': '六座专车'}, {'快速': '滴滴特快'}, {'拼车': '特价拼车'}, {'舒适': '滴滴专车'}, {'推荐': '花小猪正价版'}, {'快速': '曹操出行'}, {'快速': '出租车'}, {'快速': '滴滴优享'}, {'推荐': '滴滴快车'}, {'特价': '花小猪外接版'}, {'舒适': '滴滴豪华车'}, {'快速': '滴滴轻享'}, {'推荐': '特惠快车'}]",[{'拼车': '特价拼车'}],[{'拼车': '特价拼车'}],0.7467617988586426
打车到回民区，选商务车。,"[{'经济型': '中交出行'}, {'经济型': '900出行'}, {'出租车': 'undefined'}, {'优享型': '曹操出行'}, {'轻享专车': 'undefined'}, {'经济型': '东潮出行'}, {'经济型': '北京新出租'}, {'经济型': '如祺出行'}, {'优享型': '享道出行'}, {'经济型': 'AA出行'}, {'经济型': '365约车'}, {'': '极速拼车'}, {'优享型': '全民GO'}, {'豪华型': 'undefined'}, {'经济型': '飞嘀打车'}, {'经济型': '享道出行'}, {'': '特惠快车'}, {'特快车': 'undefined'}, {'经济型': '聚的新出租'}, {'经济型': 'T3出行'}, {'经济型': '阳光出行'}, {'优享型': '星徽出行'}, {'经济型': '中军出行'}, {'优享型': '东潮出行'}, {'优享型': '神州专车'}, {'经济型': '深圳出租'}, {'经济型': '首汽约车'}, {'六座商务': 'undefined'}, {'优享型': '火箭出行'}, {'经济型': '星徽出行'}, {'品质专车': 'undefined'}, {'经济型': '有序出行'}]",[{'六座商务': 'undefined'}],[{'六座商务': 'undefined'}],0.6962707042694092
从解放碑到江北机场，打个六座的车。,"[{'六座': '六座专车'}, {'拼车': '特价拼车'}, {'舒适': '滴滴专车'}, {'推荐': '花小猪正价版'}, {'推荐': '特惠快车'}, {'快速': '曹操出行'}, {'快速': '出租车'}, {'推荐': '滴滴快车'}, {'特价': '花小猪外接版'}, {'快速': '滴滴轻享'}, {'特价': '惊喜特价'}, {'推荐': '特快出租车'}]",[{'六座': '六座专车'}],[{'六座': '六座专车'}],0.7899930477142334
叫个舒适型车去中山陵。,"[{'快速': '滴滴特快'}, {'推荐': '宽敞好车'}, {'快速': '滴滴优享'}, {'特价': '花小猪外接版'}, {'特价': '惊喜特价'}, {'推荐': '特快出租车'}, {'六座': '六座豪华车'}, {'快速': '长沙新出租'}, {'推荐': '滴滴特快'}, {'快速': '出租车'}, {'快速': '滴滴轻享'}, {'拼车': '极速拼车'}, {'推荐': '花小猪正价版'}, {'快速': '滴滴快车'}, {'快速': '方舟行'}, {'舒适': '滴滴专车'}, {'六座': '六座专车'}, {'快速': '武汉新出租'}, {'拼车': '特价拼车'}, {'快速': '宽敞好车'}, {'快速': '曹操出行'}, {'特价': '特惠快车'}, {'推荐': '滴滴快车'}, {'舒适': '滴滴豪华车'}, {'推荐': '特惠快车'}]","[{'舒适': '滴滴专车'}, {'舒适': '滴滴豪华车'}]","[{'舒适': '滴滴专车'}, {'舒适': '滴滴豪华车'}]",1.161087989807129
高德叫辆特快出租车去南京医科大学江宁校区，走最优路线。,"[{'出租车': 'undefined'}, {'优享型': '曹操出行'}, {'轻享专车': 'undefined'}, {'经济型': '如祺出行'}, {'经济型': '及时用车'}, {'经济型': '365约车'}, {'': '极速拼车'}, {'优享型': '全民GO'}, {'优享型': '环旅出行'}, {'品质专车': 'undefined'}, {'豪华型': 'undefined'}, {'经济型': '斑马快跑'}, {'': '特惠快车'}, {'特快车': 'undefined'}, {'经济型': '聚的新出租'}, {'经济型': 'T3出行'}, {'经济型': '阳光出行'}, {'优享型': '星徽出行'}, {'优享型': '东潮出行'}, {'优享型': '中交出行'}, {'优享型': '神州专车'}, {'经济型': '深圳出租'}, {'经济型': '腾飞出行'}, {'六座商务': 'undefined'}, {'优享型': '火箭出行'}, {'经济型': '星徽出行'}, {'经济型': '北京的士'}, {'经济型': '妥妥E行'}]","[{'出租车': 'undefined'}, {'经济型': '聚的新出租'}, {'经济型': '深圳出租'}, {'经济型': '北京的士'}]","[{'出租车': 'undefined'}, {'经济型': '聚的新出租'}, {'经济型': '深圳出租'}]",2.1077935695648193
打车去老门东，只要拼车。,"[{'优享型': 'AA出行'}, {'经济型': '中交出行'}, {'经济型': '900出行'}, {'出租车': 'undefined'}, {'优享型': '曹操出行'}, {'轻享专车': 'undefined'}, {'经济型': '东潮出行'}, {'优享型': '飞嘀打车'}, {'优享型': '享道出行'}, {'经济型': 'AA出行'}, {'优享型': '全民GO'}, {'': '极速拼车'}, {'经济型': '有序出行'}, {'优享型': 'T3出行'}, {'经济型': '曹操出行'}, {'优享型': '旗妙出行'}, {'品质专车': 'undefined'}, {'豪华型': 'undefined'}, {'经济型': '飞嘀打车'}, {'经济型': '享道出行'}, {'优享型': '腾飞出行'}, {'': '特惠快车'}, {'特快车': 'undefined'}, {'经济型': '聚的新出租'}, {'优享型': '首汽约车'}, {'经济型': '阳光出行'}, {'优享型': '星徽出行'}, {'经济型': '中军出行'}, {'优享型': '妥妥E行'}, {'优享型': '中交出行'}, {'经济型': '腾飞出行'}, {'经济型': '首汽约车'}, {'优享型': '及时用车'}, {'六座商务': 'undefined'}, {'经济型': '北京的士'}, {'经济型': '妥妥E行'}]",[{'': '极速拼车'}],[{'': '极速拼车'}],0.6444551944732666
叫辆滴滴专车去婚礼现场，要车内整洁，尽快到达。,"[{'六座': '六座专车'}, {'快速': '滴滴特快'}, {'六座': '六座豪华车'}, {'拼车': '极速拼车'}, {'拼车': '特价拼车'}, {'舒适': '滴滴专车'}, {'推荐': '花小猪正价版'}, {'快速': '曹操出行'}, {'快速': '出租车'}, {'推荐': '滴滴快车'}, {'特价': '花小猪外接版'}, {'舒适': '滴滴豪华车'}, {'快速': '滴滴轻享'}, {'特价': '惊喜特价'}, {'推荐': '特惠快车'}]","[{'六座': '六座专车'}, {'舒适': '滴滴专车'}]","[{'六座': '六座专车'}, {'舒适': '滴滴专车'}]",1.2905526161193848
打的去鼓楼急诊，车型不限。,"[{'经济型': '橄榄新出租'}, {'优享型': 'AA出行'}, {'优享型': '曹操出行'}, {'经济型': '北京新出租'}, {'优享型': '飞嘀打车'}, {'经济型': '神州专车'}, {'经济型': 'J刻出行'}, {'优享型': '斑马快跑'}, {'经济型': '方舟行'}, {'优享型': '享道出行'}, {'豪华型': '车型高端 服务专业'}, {'': '极速拼车'}, {'优享型': 'T3出行'}, {'经济型': '5U出行'}, {'优享型': '阳光出行'}, {'品质专车': '静音不打扰 整洁无异味'}, {'优享型': '环旅出行'}, {'经济型': '曹操出行'}, {'惠享专车': '及时用车'}, {'豪华型': 'undefined'}, {'经济型': '斑马快跑'}, {'经济型': '飞嘀打车'}, {'快速出发': '无'}, {'轻享专车': '静音不打扰 整洁无异味'}, {'出租车': '车多应答快'}, {'': '特惠快车'}, {'经济型': '全民GO'}, {'特价出发': '更多特价'}, {'经济型': '渔阳出行'}, {'特快车': '超值体验 更快上车'}, {'推荐': '极速拼车'}, {'优享型': '妥妥E行'}, {'经济型': '旗妙出行'}, {'优享型': '东潮出行'}, {'经济': '首汽约车'}, {'经济型': 'K9用车'}, {'拼车': '出租车拼车'}, {'经济型': '腾飞出行'}, {'六座商务': '宽敞空间 商务体验'}, {'优享型': '及时用车'}, {'优享型': '火箭出行'}, {'经济型': '星徽出行'}, {'特价出发': '惊喜特价'}, {'经济型': '北京的士'}, {'经济型': '有序出行'}]",[],[],0.1724247932434082
打车去大梅沙，不接受特惠快车。,"[{'六座': '六座专车'}, {'拼车': '极速拼车'}, {'拼车': '特价拼车'}, {'舒适': '滴滴专车'}, {'推荐': '花小猪正价版'}, {'快速': '曹操出行'}, {'快速': '出租车'}, {'特价': '特惠快车'}, {'推荐': '滴滴快车'}, {'特价': '花小猪外接版'}, {'舒适': '滴滴豪华车'}, {'快速': '滴滴轻享'}, {'特价': '惊喜特价'}, {'推荐': '特惠快车'}]","[{'六座': '六座专车'}, {'拼车': '极速拼车'}, {'拼车': '特价拼车'}, {'舒适': '滴滴专车'}, {'推荐': '花小猪正价版'}, {'快速': '曹操出行'}, {'快速': '出租车'}, {'推荐': '滴滴快车'}, {'特价': '花小猪外接版'}, {'舒适': '滴滴豪华车'}, {'快速': '滴滴轻享'}, {'特价': '惊喜特价'}]","[{'六座': '六座专车'}, {'拼车': '极速拼车'}, {'拼车': '特价拼车'}, {'舒适': '滴滴专车'}, {'推荐': '花小猪正价版'}, {'快速': '曹操出行'}, {'快速': '出租车'}, {'推荐': '滴滴快车'}, {'特价': '花小猪外接版'}, {'舒适': '滴滴豪华车'}, {'快速': '滴滴轻享'}, {'特价': '惊喜特价'}]",6.431158542633057
叫辆六座专车从星海广场到周水子机场，行李较多。,"[{'六座': '六座专车'}, {'快速': '滴滴特快'}, {'拼车': '特价拼车'}, {'舒适': '滴滴专车'}, {'推荐': '花小猪正价版'}, {'推荐': '特惠快车'}, {'快速': '曹操出行'}, {'快速': '出租车'}, {'推荐': '滴滴快车'}, {'特价': '花小猪外接版'}, {'舒适': '滴滴豪华车'}, {'快速': '滴滴轻享'}, {'推荐': '特快出租车'}]",[{'六座': '六座专车'}],[{'六座': '六座专车'}],0.7721564769744873
拼个车去东四，预算30元内。,"[{'优享型': '优e出行特选'}, {'经济型': '中交出行'}, {'经济型': '900出行'}, {'优享型': '曹操出行'}, {'经济型': '东潮出行'}, {'经济型': '国泰出租'}, {'经济型': '神州专车'}, {'特价出发': '更多特价'}, {'经济型': 'AA出行'}, {'经济型': '及时用车'}, {'豪华型': '车型高端 服务专业'}, {'优享型': '全民GO'}, {'': '极速拼车'}, {'优享型': 'T3出行'}, {'优享型': '阳光出行'}, {'品质专车': '静音不打扰 整洁无异味'}, {'优享型': '环旅出行'}, {'豪华型': 'undefined'}, {'经济型': '飞嘀打车'}, {'快速出发': '无'}, {'轻享专车': '静音不打扰 整洁无异味'}, {'经济型': '享道出行'}, {'经济型': '旅程出租'}, {'出租车': '车多应答快'}, {'惠享专车': '曹操出行'}, {'': '特惠快车'}, {'经济型': '全民GO'}, {'经济型': '聚的新出租'}, {'经济型': 'T3出行'}, {'经济型': '渔阳出行'}, {'经济型': '阳光出行'}, {'经济型': '易至出行'}, {'特快车': '超值体验 更快上车'}, {'经济型': '中军出行'}, {'优享型': '首汽约车'}, {'优享型': '星徽出行'}, {'优享型': '妥妥E行'}, {'经济型': '旗妙出行'}, {'优享型': '中交出行'}, {'经济': '首汽约车'}, {'经济型': 'K9用车'}, {'拼车': '出租车拼车'}, {'惠享专车': 'T3出行'}, {'经济型': '首汽约车'}, {'六座商务': '宽敞空间 商务体验'}, {'优享型': '及时用车'}, {'优享型': 'AA出行'}, {'推荐': '特惠快车'}]","[{'': '极速拼车'}, {'拼车': '出租车拼车'}]","[{'': '极速拼车'}, {'拼车': '出租车拼车'}]",1.1785595417022705
拼个车去天安门东站。,"[{'快速': '滴滴特快'}, {'快速': '滴滴优享'}, {'特价': '花小猪外接版'}, {'特价': '惊喜特价'}, {'推荐': '特快出租车'}, {'六座': '六座豪华车'}, {'快速': '长沙新出租'}, {'推荐': '滴滴特快'}, {'快速': '出租车'}, {'快速': '滴滴轻享'}, {'拼车': '极速拼车'}, {'推荐': '花小猪正价版'}, {'快速': '滴滴快车'}, {'快速': '方舟行'}, {'舒适': '滴滴专车'}, {'六座': '六座专车'}, {'快速': '武汉新出租'}, {'拼车': '特价拼车'}, {'快速': '宽敞好车'}, {'快速': '曹操出行'}, {'特价': '特惠快车'}, {'推荐': '滴滴快车'}, {'舒适': '滴滴豪华车'}, {'推荐': '特惠快车'}]","[{'拼车': '极速拼车'}, {'拼车': '特价拼车'}]","[{'拼车': '极速拼车'}, {'拼车': '特价拼车'}]",1.2719171047210693
打的去奥体，车型不限,"[{'经济型': '900出行'}, {'经济型': '北京新出租'}, {'经济型': '国泰出租'}, {'经济型': '如祺出行'}, {'优享型': '享道出行'}, {'推荐': '特惠快车'}, {'经济型': '及时用车'}, {'经济型': 'AA出行'}, {'豪华型': '车型高端 服务专业'}, {'经济型': '365约车'}, {'': '极速拼车'}, {'优享型': '全民GO'}, {'优享型': '阳光出行'}, {'品质专车': '静音不打扰 整洁无异味'}, {'优享型': '环旅出行'}, {'豪华型': 'undefined'}, {'经济型': '斑马快跑'}, {'快速出发': '无'}, {'轻享专车': '静音不打扰 整洁无异味'}, {'优享型': '风韵出行'}, {'出租车': '车多应答快'}, {'': '特惠快车'}, {'优享型': '首汽约车'}, {'经济型': '聚的新出租'}, {'经济型': 'T3出行'}, {'经济型': '渔阳出行'}, {'特快车': '超值体验 更快上车'}, {'经济型': '易至出行'}, {'优享型': '星徽出行'}, {'特价出发': '更多特价'}, {'推荐': '极速拼车'}, {'经济型': '旗妙出行'}, {'优享型': '东潮出行'}, {'优享型': '中交出行'}, {'经济': '首汽约车'}, {'经济型': 'K9用车'}, {'拼车': '出租车拼车'}, {'优享型': '神州专车'}, {'惠享专车': 'T3出行'}, {'经济型': '深圳出租'}, {'经济型': '首汽约车'}, {'六座商务': '宽敞空间 商务体验'}, {'优享型': '及时用车'}, {'经济型': '奇华出行'}, {'特价出发': '惊喜特价'}, {'优享型': 'AA出行'}, {'经济型': '有序出行'}]",[],[],0.17093920707702637
打车去会展中心，别用曹操出行。,"[{'经济型': '中交出行'}, {'经济型': '900出行'}, {'出租车': 'undefined'}, {'优享型': '曹操出行'}, {'轻享专车': 'undefined'}, {'经济型': '北京新出租'}, {'优享型': '飞嘀打车'}, {'经济型': 'AA出行'}, {'经济型': '365约车'}, {'': '极速拼车'}, {'优享型': '全民GO'}, {'优享型': '环旅出行'}, {'经济型': '曹操出行'}, {'优享型': '旗妙出行'}, {'品质专车': 'undefined'}, {'豪华型': 'undefined'}, {'': '特惠快车'}, {'经济型': '全民GO'}, {'经济型': '聚的新出租'}, {'经济型': 'T3出行'}, {'经济型': '阳光出行'}, {'特快车': 'undefined'}, {'经济型': '中军出行'}, {'经济型': '旗妙出行'}, {'优享型': '中交出行'}, {'经济型': '深圳出租'}, {'六座商务': 'undefined'}, {'优享型': 'AA出行'}, {'经济型': '妥妥E行'}]","[{'经济型': '中交出行'}, {'经济型': '900出行'}, {'出租车': 'undefined'}, {'轻享专车': 'undefined'}, {'经济型': '北京新出租'}, {'优享型': '飞嘀打车'}, {'经济型': 'AA出行'}, {'经济型': '365约车'}, {'': '极速拼车'}, {'优享型': '全民GO'}, {'优享型': '环旅出行'}, {'优享型': '旗妙出行'}, {'品质专车': 'undefined'}, {'豪华型': 'undefined'}, {'': '特惠快车'}, {'经济型': '全民GO'}, {'经济型': '聚的新出租'}, {'经济型': 'T3出行'}, {'经济型': '阳光出行'}, {'特快车': 'undefined'}, {'经济型': '中军出行'}, {'经济型': '旗妙出行'}, {'优享型': '中交出行'}, {'经济型': '深圳出租'}, {'六座商务': 'undefined'}, {'优享型': 'AA出行'}, {'经济型': '妥妥E行'}]","[{'经济型': '中交出行'}, {'经济型': '900出行'}, {'出租车': 'undefined'}, {'轻享专车': 'undefined'}, {'经济型': '北京新出租'}, {'优享型': '飞嘀打车'}, {'经济型': 'AA出行'}, {'经济型': '365约车'}, {'': '极速拼车'}, {'优享型': '全民GO'}, {'优享型': '环旅出行'}, {'优享型': '旗妙出行'}, {'品质专车': 'undefined'}, {'豪华型': 'undefined'}, {'': '特惠快车'}, {'经济型': '全民GO'}, {'经济型': '聚的新出租'}, {'经济型': 'T3出行'}, {'经济型': '阳光出行'}, {'特快车': 'undefined'}, {'经济型': '中军出行'}, {'经济型': '旗妙出行'}, {'优享型': '中交出行'}, {'经济型': '深圳出租'}, {'六座商务': 'undefined'}, {'优享型': 'AA出行'}, {'经济型': '妥妥E行'}]",14.450566530227661
从上海外滩用滴滴叫个特惠快车到浦东机场。,"[{'六座': '六座专车'}, {'快速': '滴滴特快'}, {'拼车': '极速拼车'}, {'拼车': '特价拼车'}, {'舒适': '滴滴专车'}, {'推荐': '花小猪正价版'}, {'快速': '曹操出行'}, {'快速': '出租车'}, {'推荐': '滴滴快车'}, {'特价': '花小猪外接版'}, {'舒适': '滴滴豪华车'}, {'快速': '滴滴轻享'}, {'特价': '惊喜特价'}, {'推荐': '特惠快车'}]",[{'推荐': '特惠快车'}],[{'推荐': '特惠快车'}],0.7200069427490234
拼个车去大剧院，用滴滴，预算三十元以内。,"[{'快速': '滴滴特快'}, {'快速': '滴滴优享'}, {'特价': '花小猪外接版'}, {'特价': '惊喜特价'}, {'六座': '六座豪华车'}, {'快速': '长沙新出租'}, {'快速': '出租车'}, {'快速': '滴滴轻享'}, {'拼车': '滴滴小巴'}, {'拼车': '极速拼车'}, {'推荐': '花小猪正价版'}, {'快速': '滴滴快车'}, {'快速': '方舟行'}, {'舒适': '滴滴专车'}, {'六座': '六座专车'}, {'快速': '武汉新出租'}, {'拼车': '特价拼车'}, {'快速': '宽敞好车'}, {'快速': '曹操出行'}, {'特价': '特惠快车'}, {'推荐': '滴滴快车'}, {'舒适': '滴滴豪华车'}, {'推荐': '特惠快车'}]","[{'拼车': '滴滴小巴'}, {'拼车': '极速拼车'}, {'拼车': '特价拼车'}]","[{'拼车': '滴滴小巴'}, {'拼车': '极速拼车'}, {'拼车': '特价拼车'}]",1.8185408115386963
拉萨布达拉宫到贡嘎机场，找辆舒适型专车，路上慢慢开。,"[{'六座': '六座专车'}, {'六座': '六座豪华车'}, {'拼车': '特价拼车'}, {'舒适': '滴滴专车'}, {'推荐': '花小猪正价版'}, {'快速': '曹操出行'}, {'快速': '出租车'}, {'特价': '花小猪外接版'}, {'快速': '滴滴轻享'}, {'特价': '惊喜特价'}, {'推荐': '特惠快车'}]",[{'舒适': '滴滴专车'}],"[{'六座': '六座专车'}, {'舒适': '滴滴专车'}]",0.6481626033782959
试试特价拼车或惊喜特价到黄花机场，价格低一些。,"[{'六座': '六座专车'}, {'拼车': '特价拼车'}, {'拼车': '极速拼车'}, {'舒适': '滴滴专车'}, {'推荐': '花小猪正价版'}, {'推荐': '特惠快车'}, {'快速': '曹操出行'}, {'快速': '出租车'}, {'特价': '特惠快车'}, {'推荐': '滴滴快车'}, {'特价': '花小猪外接版'}, {'舒适': '滴滴豪华车'}, {'快速': '滴滴轻享'}, {'特价': '惊喜特价'}, {'推荐': '特快出租车'}]","[{'拼车': '特价拼车'}, {'特价': '惊喜特价'}]","[{'拼车': '特价拼车'}, {'特价': '惊喜特价'}]",1.1156718730926514
打车去南京站，选特价拼车或特惠快车，别超60。,"[{'优享型': 'AA出行'}, {'经济型': '中交出行'}, {'出租车': 'undefined'}, {'轻享专车': 'undefined'}, {'经济型': '东潮出行'}, {'优享型': '斑马快跑'}, {'优享型': '享道出行'}, {'经济型': '及时用车'}, {'优享型': '全民GO'}, {'': '极速拼车'}, {'经济型': '有序出行'}, {'优享型': '阳光出行'}, {'优享型': '环旅出行'}, {'经济型': '曹操出行'}, {'优享型': '旗妙出行'}, {'品质专车': 'undefined'}, {'豪华型': 'undefined'}, {'经济型': '斑马快跑'}, {'经济型': '飞嘀打车'}, {'优享型': '风韵出行'}, {'': '特惠快车'}, {'经济型': '全民GO'}, {'经济型': '聚的新出租'}, {'特快车': 'undefined'}, {'经济型': '阳光出行'}, {'经济型': '中军出行'}, {'优享型': '妥妥E行'}, {'优享型': '中交出行'}, {'经济型': '腾飞出行'}, {'经济型': '首汽约车'}, {'优享型': '及时用车'}, {'六座商务': 'undefined'}, {'经济型': '北京的士'}, {'经济型': '妥妥E行'}]",[{'': '特惠快车'}],[{'': '特惠快车'}],0.6894264221191406
打车到南京博览中心，选特惠快车、曹操出行或拼车，50元内。,"[{'六座': '六座专车'}, {'快速': '滴滴特快'}, {'六座': '六座豪华车'}, {'推荐': '滴滴特快'}, {'拼车': '特价拼车'}, {'舒适': '滴滴专车'}, {'推荐': '花小猪正价版'}, {'推荐': '特惠快车'}, {'快速': '曹操出行'}, {'快速': '出租车'}, {'推荐': '滴滴快车'}, {'特价': '花小猪外接版'}, {'舒适': '滴滴豪华车'}, {'快速': '滴滴轻享'}, {'特价': '惊喜特价'}, {'推荐': '特快出租车'}]","[{'拼车': '特价拼车'}, {'推荐': '特惠快车'}, {'快速': '曹操出行'}]","[{'拼车': '特价拼车'}, {'推荐': '特惠快车'}, {'快速': '曹操出行'}]",1.6631150245666504
叫个舒适出发的车去天坛，便宜点的。,"[{'快速': '滴滴特快'}, {'快速': '滴滴优享'}, {'特价': '花小猪外接版'}, {'特价': '惊喜特价'}, {'推荐': '特快出租车'}, {'六座': '六座豪华车'}, {'快速': '长沙新出租'}, {'推荐': '滴滴特快'}, {'快速': '出租车'}, {'快速': '滴滴轻享'}, {'拼车': '极速拼车'}, {'推荐': '花小猪正价版'}, {'快速': '滴滴快车'}, {'快速': '方舟行'}, {'舒适': '滴滴专车'}, {'六座': '六座专车'}, {'快速': '武汉新出租'}, {'拼车': '特价拼车'}, {'快速': '宽敞好车'}, {'快速': '曹操出行'}, {'推荐': '滴滴快车'}, {'舒适': '滴滴豪华车'}, {'六座': '六座快车'}, {'推荐': '特惠快车'}]","[{'舒适': '滴滴专车'}, {'舒适': '滴滴豪华车'}]","[{'舒适': '滴滴专车'}, {'舒适': '滴滴豪华车'}]",1.15971040725708
叫个特价拼车去星海广场，要最便宜的。,"[{'快速': '滴滴特快'}, {'快速': '滴滴优享'}, {'特价': '花小猪外接版'}, {'六座': '六座豪华车'}, {'特价': '惊喜特价'}, {'推荐': '特快出租车'}, {'推荐': '滴滴特快'}, {'快速': '出租车'}, {'快速': '滴滴轻享'}, {'拼车': '极速拼车'}, {'推荐': '花小猪正价版'}, {'快速': '滴滴快车'}, {'舒适': '滴滴专车'}, {'六座': '六座专车'}, {'拼车': '特价拼车'}, {'快速': '曹操出行'}, {'推荐': '滴滴快车'}, {'舒适': '滴滴豪华车'}, {'六座': '六座快车'}, {'推荐': '特惠快车'}]",[{'拼车': '特价拼车'}],[],0.7319672107696533
打个特惠快车、特价拼车或曹操出行去白塔机场，价格不超过80元。,"[{'六座': '六座专车'}, {'快速': '滴滴特快'}, {'六座': '六座豪华车'}, {'拼车': '特价拼车'}, {'舒适': '滴滴专车'}, {'推荐': '花小猪正价版'}, {'快速': '曹操出行'}, {'快速': '出租车'}, {'特价': '特惠快车'}, {'推荐': '滴滴快车'}, {'特价': '花小猪外接版'}, {'舒适': '滴滴豪华车'}, {'快速': '滴滴轻享'}, {'特价': '惊喜特价'}, {'推荐': '特惠快车'}]","[{'拼车': '特价拼车'}, {'快速': '曹操出行'}, {'特价': '特惠快车'}, {'推荐': '特惠快车'}]","[{'拼车': '特价拼车'}, {'快速': '曹操出行'}, {'特价': '特惠快车'}, {'推荐': '特惠快车'}]",2.2249646186828613
打车去郑州站，勾选所有车型。,"[{'经济型': '中交出行'}, {'经济型': '900出行'}, {'经济型': '如祺出行'}, {'优享型': '飞嘀打车'}, {'经济型': '方舟行'}, {'优享型': '享道出行'}, {'经济型': 'AA出行'}, {'经济型': '及时用车'}, {'豪华型': '车型高端 服务专业'}, {'优享型': '全民GO'}, {'': '极速拼车'}, {'惠享专车': '神州专车'}, {'经济型': '5U出行'}, {'品质专车': '静音不打扰 整洁无异味'}, {'优享型': '环旅出行'}, {'经济型': '曹操出行'}, {'优享型': '旗妙出行'}, {'豪华型': 'undefined'}, {'经济型': '飞嘀打车'}, {'快速出发': '无'}, {'轻享专车': '静音不打扰 整洁无异味'}, {'经济型': '享道出行'}, {'优享型': '风韵出行'}, {'经济型': '旅程出租'}, {'优享型': '腾飞出行'}, {'出租车': '车多应答快'}, {'': '特惠快车'}, {'经济型': '全民GO'}, {'优享型': '首汽约车'}, {'经济型': '渔阳出行'}, {'经济型': '阳光出行'}, {'特快车': '超值体验 更快上车'}, {'经济型': '易至出行'}, {'推荐': '极速拼车'}, {'经济': '首汽约车'}, {'优享型': '神州专车'}, {'经济型': '腾飞出行'}, {'经济型': '首汽约车'}, {'六座商务': '宽敞空间 商务体验'}, {'优享型': '及时用车'}, {'经济型': '奇华出行'}, {'拼车': '特惠快车'}, {'经济型': '星徽出行'}, {'特价出发': '惊喜特价'}, {'经济型': '北京的士'}]",[{'all': 'all'}],[{'all': 'all'}],0.5828087329864502
打的去金源东大道，要经济型。,"[{'快速': '滴滴特快'}, {'快速': '滴滴优享'}, {'特价': '花小猪外接版'}, {'特价': '惊喜特价'}, {'推荐': '特快出租车'}, {'六座': '六座豪华车'}, {'推荐': '滴滴特快'}, {'快速': '出租车'}, {'快速': '滴滴轻享'}, {'拼车': '极速拼车'}, {'推荐': '花小猪正价版'}, {'快速': '滴滴快车'}, {'快速': '方舟行'}, {'舒适': '滴滴专车'}, {'六座': '六座专车'}, {'拼车': '特价拼车'}, {'快速': '宽敞好车'}, {'快速': '曹操出行'}, {'推荐': '滴滴快车'}, {'舒适': '滴滴豪华车'}, {'推荐': '特惠快车'}]",[],"[{'特价': '花小猪外接版'}, {'特价': '惊喜特价'}, {'拼车': '特价拼车'}, {'推荐': '特惠快车'}]",0.14201760292053223
打车去梅林关，只打特快车不要拼车。,"[{'六座': '六座专车'}, {'快速': '滴滴特快'}, {'六座': '六座豪华车'}, {'拼车': '特价拼车'}, {'舒适': '滴滴专车'}, {'推荐': '花小猪正价版'}, {'推荐': '特惠快车'}, {'快速': '曹操出行'}, {'快速': '出租车'}, {'快速': '滴滴优享'}, {'快速': '滴滴快车'}, {'推荐': '滴滴快车'}, {'特价': '花小猪外接版'}, {'舒适': '滴滴豪华车'}, {'快速': '滴滴轻享'}, {'特价': '惊喜特价'}, {'推荐': '特快出租车'}]","[{'快速': '滴滴特快'}, {'推荐': '特惠快车'}, {'快速': '曹操出行'}, {'快速': '出租车'}, {'快速': '滴滴优享'}, {'快速': '滴滴快车'}, {'推荐': '滴滴快车'}, {'快速': '滴滴轻享'}, {'推荐': '特快出租车'}]","[{'快速': '滴滴特快'}, {'推荐': '特惠快车'}, {'快速': '曹操出行'}, {'快速': '出租车'}, {'快速': '滴滴优享'}, {'快速': '滴滴快车'}, {'推荐': '滴滴快车'}, {'快速': '滴滴轻享'}, {'推荐': '特快出租车'}]",4.327299118041992
从夫子庙到禄口机场，约个极速拼车，费用控制在30元以内。,"[{'六座': '六座专车'}, {'快速': '滴滴特快'}, {'六座': '六座豪华车'}, {'拼车': '极速拼车'}, {'拼车': '特价拼车'}, {'舒适': '滴滴专车'}, {'推荐': '花小猪正价版'}, {'快速': '曹操出行'}, {'快速': '出租车'}, {'推荐': '滴滴快车'}, {'特价': '花小猪外接版'}, {'舒适': '滴滴豪华车'}, {'快速': '滴滴轻享'}, {'特价': '惊喜特价'}, {'推荐': '特惠快车'}]",[{'拼车': '极速拼车'}],[{'拼车': '极速拼车'}],0.7214925289154053
打车到南中环街，拼车好评。,"[{'六座': '六座专车'}, {'快速': '滴滴特快'}, {'拼车': '极速拼车'}, {'拼车': '特价拼车'}, {'舒适': '滴滴专车'}, {'推荐': '花小猪正价版'}, {'快速': '曹操出行'}, {'快速': '出租车'}, {'推荐': '滴滴快车'}, {'特价': '花小猪外接版'}, {'快速': '滴滴轻享'}, {'特价': '惊喜特价'}, {'推荐': '特惠快车'}]","[{'拼车': '极速拼车'}, {'拼车': '特价拼车'}]","[{'拼车': '极速拼车'}, {'拼车': '特价拼车'}]",1.2477641105651855
打车到山南，拼车特价。,"[{'六座': '六座专车'}, {'拼车': '特价拼车'}, {'舒适': '滴滴专车'}, {'推荐': '花小猪正价版'}, {'推荐': '特惠快车'}, {'快速': '曹操出行'}, {'快速': '出租车'}, {'推荐': '滴滴快车'}, {'特价': '花小猪外接版'}, {'快速': '滴滴轻享'}, {'特价': '惊喜特价'}, {'推荐': '特快出租车'}]",[{'拼车': '特价拼车'}],[{'拼车': '特价拼车'}],0.7132658958435059
西安钟楼到咸阳国际机场，需要一辆商务车，七座的那种。,"[{'六座': '六座专车'}, {'六座': '六座豪华车'}, {'拼车': '特价拼车'}, {'舒适': '滴滴专车'}, {'推荐': '花小猪正价版'}, {'快速': '曹操出行'}, {'快速': '出租车'}, {'推荐': '滴滴快车'}, {'特价': '花小猪外接版'}, {'特价': '惊喜特价'}, {'推荐': '特惠快车'}]",[],[],0.12219834327697754
高德预约六座专车到南京朱三家龙虾总店，选经济路线费用控制在百元内。,"[{'经济型': '中交出行'}, {'出租车': 'undefined'}, {'优享型': '曹操出行'}, {'轻享专车': 'undefined'}, {'经济型': '北京新出租'}, {'经济型': '如祺出行'}, {'优享型': '飞嘀打车'}, {'经济型': '神州专车'}, {'优享型': '斑马快跑'}, {'经济型': '及时用车'}, {'经济型': '365约车'}, {'': '极速拼车'}, {'优享型': '环旅出行'}, {'品质专车': 'undefined'}, {'豪华型': 'undefined'}, {'经济型': '飞嘀打车'}, {'': '特惠快车'}, {'经济型': '全民GO'}, {'经济型': '聚的新出租'}, {'经济型': 'T3出行'}, {'特快车': 'undefined'}, {'优享型': '妥妥E行'}, {'优享型': '中交出行'}, {'经济型': '深圳出租'}, {'经济型': '腾飞出行'}, {'经济型': '首汽约车'}, {'六座商务': 'undefined'}, {'经济型': '星徽出行'}, {'优享型': 'AA出行'}, {'经济型': '有序出行'}]",[],[],0.14997482299804688
打车去外滩，所有车型都选上。,"[{'快速': '滴滴特快'}, {'快速': '滴滴优享'}, {'特价': '花小猪外接版'}, {'特价': '惊喜特价'}, {'推荐': '特快出租车'}, {'六座': '六座豪华车'}, {'推荐': '滴滴特快'}, {'快速': '出租车'}, {'快速': '滴滴轻享'}, {'拼车': '极速拼车'}, {'推荐': '花小猪正价版'}, {'快速': '滴滴快车'}, {'快速': '方舟行'}, {'舒适': '滴滴专车'}, {'六座': '六座专车'}, {'拼车': '特价拼车'}, {'快速': '宽敞好车'}, {'快速': '曹操出行'}, {'推荐': '滴滴快车'}, {'六座': '六座快车'}, {'推荐': '特惠快车'}]",[{'all': 'all'}],[{'all': 'all'}],0.5587947368621826
打车去钟楼，选豪华车。,"[{'出租车': 'undefined'}, {'经济型': '900出行'}, {'轻享专车': 'undefined'}, {'经济型': '东潮出行'}, {'经济型': '北京新出租'}, {'经济型': '如祺出行'}, {'优享型': '飞嘀打车'}, {'经济型': '神州专车'}, {'优享型': '享道出行'}, {'经济型': 'AA出行'}, {'经济型': '365约车'}, {'': '极速拼车'}, {'经济型': '5U出行'}, {'经济型': '曹操出行'}, {'品质专车': 'undefined'}, {'豪华型': 'undefined'}, {'经济型': '飞嘀打车'}, {'优享型': '风韵出行'}, {'优享型': '腾飞出行'}, {'': '特惠快车'}, {'经济型': '全民GO'}, {'特快车': 'undefined'}, {'经济型': 'T3出行'}, {'优享型': '首汽约车'}, {'优享型': '星徽出行'}, {'经济型': '中军出行'}, {'优享型': '妥妥E行'}, {'经济型': '旗妙出行'}, {'优享型': '中交出行'}, {'经济型': '深圳出租'}, {'经济型': '首汽约车'}, {'六座商务': 'undefined'}, {'优享型': '火箭出行'}, {'经济型': '北京的士'}, {'经济型': '有序出行'}]",[{'豪华型': 'undefined'}],[{'豪华型': 'undefined'}],0.628718376159668
龙嘉机场商务车，预算100内。,"[{'六座': '六座专车'}, {'快速': '滴滴特快'}, {'拼车': '特价拼车'}, {'舒适': '滴滴专车'}, {'推荐': '花小猪正价版'}, {'推荐': '特惠快车'}, {'快速': '曹操出行'}, {'快速': '出租车'}, {'推荐': '滴滴快车'}, {'特价': '花小猪外接版'}, {'快速': '滴滴轻享'}, {'推荐': '特快出租车'}]",[],[],0.12434935569763184
打车去羊山公园，勾选六座商务或腾飞出行。,"[{'出租车': 'undefined'}, {'经济型': '900出行'}, {'轻享专车': 'undefined'}, {'经济型': '东潮出行'}, {'经济型': '如祺出行'}, {'优享型': '飞嘀打车'}, {'优享型': '斑马快跑'}, {'优享型': '享道出行'}, {'经济型': 'AA出行'}, {'经济型': '及时用车'}, {'经济型': '365约车'}, {'': '极速拼车'}, {'经济型': '5U出行'}, {'优享型': '阳光出行'}, {'优享型': '环旅出行'}, {'豪华型': 'undefined'}, {'经济型': '飞嘀打车'}, {'优享型': '风韵出行'}, {'优享型': '腾飞出行'}, {'': '特惠快车'}, {'特快车': 'undefined'}, {'优享型': '首汽约车'}, {'经济型': 'T3出行'}, {'经济型': '阳光出行'}, {'优享型': '星徽出行'}, {'经济型': '中军出行'}, {'优享型': '妥妥E行'}, {'经济型': '旗妙出行'}, {'优享型': '东潮出行'}, {'优享型': '神州专车'}, {'经济型': '首汽约车'}, {'六座商务': 'undefined'}, {'经济型': '星徽出行'}, {'品质专车': 'undefined'}]","[{'优享型': '腾飞出行'}, {'六座商务': 'undefined'}]","[{'优享型': '腾飞出行'}, {'六座商务': 'undefined'}]",1.2520122528076172
用滴滴专车从青岛五四广场到流亭机场，选最快路线。,"[{'六座': '六座专车'}, {'六座': '六座豪华车'}, {'拼车': '极速拼车'}, {'拼车': '特价拼车'}, {'舒适': '滴滴专车'}, {'推荐': '花小猪正价版'}, {'快速': '曹操出行'}, {'快速': '出租车'}, {'推荐': '滴滴快车'}, {'特价': '花小猪外接版'}, {'舒适': '滴滴豪华车'}, {'快速': '滴滴轻享'}, {'特价': '惊喜特价'}, {'推荐': '特惠快车'}]","[{'六座': '六座专车'}, {'舒适': '滴滴专车'}]","[{'六座': '六座专车'}, {'舒适': '滴滴专车'}]",1.251103401184082
打车去吕梁，商务车最便宜。,"[{'六座': '六座专车'}, {'快速': '滴滴特快'}, {'六座': '六座豪华车'}, {'拼车': '极速拼车'}, {'拼车': '特价拼车'}, {'舒适': '滴滴专车'}, {'推荐': '花小猪正价版'}, {'快速': '曹操出行'}, {'快速': '出租车'}, {'推荐': '滴滴快车'}, {'特价': '花小猪外接版'}, {'舒适': '滴滴豪华车'}, {'快速': '滴滴轻享'}, {'特价': '惊喜特价'}, {'推荐': '特惠快车'}]",[],[],0.12381577491760254
我要到逍遥津，什么车都可以，只要价格不超25元。,"[{'经济型': '中交出行'}, {'出租车': 'undefined'}, {'优享型': '曹操出行'}, {'轻享专车': 'undefined'}, {'经济型': '北京新出租'}, {'经济型': '东潮出行'}, {'经济型': '如祺出行'}, {'优享型': '飞嘀打车'}, {'经济型': '神州专车'}, {'经济型': '妥妥E行'}, {'经济型': '及时用车'}, {'经济型': 'AA出行'}, {'经济型': '365约车'}, {'': '极速拼车'}, {'优享型': '全民GO'}, {'经济型': '5U出行'}, {'优享型': 'T3出行'}, {'优享型': '环旅出行'}, {'优享型': '旗妙出行'}, {'品质专车': 'undefined'}, {'豪华型': 'undefined'}, {'经济型': '飞嘀打车'}, {'优享型': '腾飞出行'}, {'': '特惠快车'}, {'特快车': 'undefined'}, {'经济型': 'T3出行'}, {'经济型': '阳光出行'}, {'优享型': '星徽出行'}, {'经济型': '中军出行'}, {'优享型': '神州专车'}, {'经济型': '首汽约车'}, {'优享型': '及时用车'}, {'六座商务': 'undefined'}, {'经济型': '星徽出行'}, {'经济型': '北京的士'}, {'经济型': '有序出行'}]",[],[],0.1585071086883545
打车去天龙寺，特惠快车、叮叮或拼车，不超60。,"[{'优享型': 'AA出行'}, {'经济型': '中交出行'}, {'经济型': '900出行'}, {'出租车': 'undefined'}, {'轻享专车': 'undefined'}, {'经济型': '北京新出租'}, {'经济型': '东潮出行'}, {'经济型': '如祺出行'}, {'优享型': '飞嘀打车'}, {'经济型': '神州专车'}, {'经济型': 'AA出行'}, {'经济型': '365约车'}, {'': '极速拼车'}, {'优享型': '全民GO'}, {'优享型': '阳光出行'}, {'经济型': '曹操出行'}, {'优享型': '旗妙出行'}, {'品质专车': 'undefined'}, {'豪华型': 'undefined'}, {'经济型': '斑马快跑'}, {'优享型': '风韵出行'}, {'': '特惠快车'}, {'经济型': '全民GO'}, {'经济型': '聚的新出租'}, {'经济型': 'T3出行'}, {'经济型': '阳光出行'}, {'特快车': 'undefined'}, {'优享型': '首汽约车'}, {'经济型': '中军出行'}, {'优享型': '妥妥E行'}, {'经济型': '旗妙出行'}, {'优享型': '中交出行'}, {'优享型': '神州专车'}, {'经济型': '深圳出租'}, {'经济型': '腾飞出行'}, {'经济型': '首汽约车'}, {'六座商务': 'undefined'}, {'优享型': '火箭出行'}, {'经济型': '星徽出行'}, {'经济型': '北京的士'}]","[{'': '极速拼车'}, {'': '特惠快车'}]","[{'': '极速拼车'}, {'': '特惠快车'}]",1.1185061931610107
从夫子庙到禄口机场选特价拼车，要新能源车更省钱。,"[{'六座': '六座专车'}, {'快速': '滴滴特快'}, {'六座': '六座豪华车'}, {'拼车': '极速拼车'}, {'拼车': '特价拼车'}, {'舒适': '滴滴专车'}, {'推荐': '花小猪正价版'}, {'快速': '曹操出行'}, {'快速': '出租车'}, {'推荐': '滴滴快车'}, {'特价': '花小猪外接版'}, {'舒适': '滴滴豪华车'}, {'快速': '滴滴轻享'}, {'特价': '惊喜特价'}, {'推荐': '特惠快车'}]",[{'拼车': '特价拼车'}],[{'拼车': '特价拼车'}],0.7209951877593994
两人去新街口，选特价里的惊喜特价。,"[{'六座': '六座专车'}, {'快速': '滴滴特快'}, {'拼车': '特价拼车'}, {'舒适': '滴滴专车'}, {'推荐': '花小猪正价版'}, {'快速': '曹操出行'}, {'快速': '出租车'}, {'推荐': '滴滴快车'}, {'特价': '花小猪外接版'}, {'快速': '滴滴轻享'}, {'特价': '惊喜特价'}, {'推荐': '特惠快车'}]",[{'特价': '惊喜特价'}],[{'特价': '惊喜特价'}],0.6028242111206055
叫一辆六座专车去机场，行李较多需要大空间。,"[{'六座': '六座专车'}, {'六座': '六座豪华车'}, {'拼车': '特价拼车'}, {'拼车': '极速拼车'}, {'舒适': '滴滴专车'}, {'推荐': '花小猪正价版'}, {'推荐': '特惠快车'}, {'快速': '曹操出行'}, {'快速': '出租车'}, {'推荐': '滴滴快车'}, {'特价': '花小猪外接版'}, {'舒适': '滴滴豪华车'}, {'快速': '滴滴轻享'}, {'特价': '惊喜特价'}, {'推荐': '特快出租车'}]",[{'六座': '六座专车'}],[{'六座': '六座专车'}],0.7806680202484131
从陆家嘴到虹桥火车站，叫个六座专车，需要放行李。,"[{'六座': '六座专车'}, {'拼车': '特价拼车'}, {'拼车': '极速拼车'}, {'舒适': '滴滴专车'}, {'推荐': '花小猪正价版'}, {'推荐': '特惠快车'}, {'快速': '曹操出行'}, {'快速': '出租车'}, {'推荐': '滴滴快车'}, {'特价': '花小猪外接版'}, {'舒适': '滴滴豪华车'}, {'快速': '滴滴轻享'}, {'特价': '惊喜特价'}, {'推荐': '特快出租车'}]",[{'六座': '六座专车'}],[{'六座': '六座专车'}],0.7732605934143066
去西湖，不接受快车。,"[{'经济型': '中交出行'}, {'经济型': '900出行'}, {'出租车': 'undefined'}, {'轻享专车': 'undefined'}, {'经济型': '北京新出租'}, {'经济型': '东潮出行'}, {'优享型': '飞嘀打车'}, {'经济型': '神州专车'}, {'优享型': '斑马快跑'}, {'优享型': '享道出行'}, {'经济型': '及时用车'}, {'经济型': 'AA出行'}, {'经济型': '365约车'}, {'': '极速拼车'}, {'优享型': '环旅出行'}, {'经济型': '曹操出行'}, {'豪华型': 'undefined'}, {'经济型': '斑马快跑'}, {'经济型': '飞嘀打车'}, {'优享型': '风韵出行'}, {'': '特惠快车'}, {'经济型': '全民GO'}, {'经济型': '聚的新出租'}, {'特快车': 'undefined'}, {'经济型': '阳光出行'}, {'经济型': '中军出行'}, {'优享型': '妥妥E行'}, {'经济型': '旗妙出行'}, {'优享型': '东潮出行'}, {'优享型': '中交出行'}, {'经济型': '深圳出租'}, {'经济型': '腾飞出行'}, {'经济型': '首汽约车'}, {'优享型': '及时用车'}, {'六座商务': 'undefined'}, {'品质专车': 'undefined'}]","[{'经济型': '中交出行'}, {'经济型': '900出行'}, {'出租车': 'undefined'}, {'轻享专车': 'undefined'}, {'经济型': '北京新出租'}, {'经济型': '东潮出行'}, {'优享型': '飞嘀打车'}, {'经济型': '神州专车'}, {'优享型': '享道出行'}, {'经济型': '及时用车'}, {'经济型': 'AA出行'}, {'经济型': '365约车'}, {'优享型': '环旅出行'}, {'经济型': '曹操出行'}, {'豪华型': 'undefined'}, {'经济型': '斑马快跑'}, {'经济型': '飞嘀打车'}, {'优享型': '风韵出行'}, {'经济型': '全民GO'}, {'经济型': '聚的新出租'}, {'经济型': '阳光出行'}, {'经济型': '中军出行'}, {'优享型': '妥妥E行'}, {'经济型': '旗妙出行'}, {'优享型': '东潮出行'}, {'优享型': '中交出行'}, {'经济型': '深圳出租'}, {'经济型': '腾飞出行'}, {'经济型': '首汽约车'}, {'优享型': '及时用车'}, {'六座商务': 'undefined'}, {'品质专车': 'undefined'}]","[{'经济型': '中交出行'}, {'经济型': '900出行'}, {'出租车': 'undefined'}, {'轻享专车': 'undefined'}, {'经济型': '北京新出租'}, {'经济型': '东潮出行'}, {'优享型': '飞嘀打车'}, {'经济型': '神州专车'}, {'优享型': '享道出行'}, {'经济型': '及时用车'}, {'经济型': 'AA出行'}, {'经济型': '365约车'}, {'优享型': '环旅出行'}, {'经济型': '曹操出行'}, {'豪华型': 'undefined'}, {'经济型': '飞嘀打车'}, {'优享型': '风韵出行'}, {'经济型': '全民GO'}, {'经济型': '聚的新出租'}, {'经济型': '阳光出行'}, {'经济型': '中军出行'}, {'优享型': '妥妥E行'}, {'经济型': '旗妙出行'}, {'优享型': '东潮出行'}, {'优享型': '中交出行'}, {'经济型': '深圳出租'}, {'经济型': '腾飞出行'}, {'经济型': '首汽约车'}, {'优享型': '及时用车'}, {'六座商务': 'undefined'}, {'品质专车': 'undefined'}]",17.795820713043213
打车去南京大学仙林校区，勾选特惠快车或特价拼车。,"[{'出租车': 'undefined'}, {'优享型': '曹操出行'}, {'轻享专车': 'undefined'}, {'经济型': '北京新出租'}, {'经济型': '如祺出行'}, {'优享型': '飞嘀打车'}, {'经济型': '神州专车'}, {'优享型': '斑马快跑'}, {'优享型': '享道出行'}, {'经济型': '365约车'}, {'': '极速拼车'}, {'优享型': 'T3出行'}, {'优享型': '全民GO'}, {'优享型': '环旅出行'}, {'经济型': '曹操出行'}, {'优享型': '旗妙出行'}, {'品质专车': 'undefined'}, {'豪华型': 'undefined'}, {'经济型': '飞嘀打车'}, {'优享型': '风韵出行'}, {'优享型': '腾飞出行'}, {'': '特惠快车'}, {'经济型': '全民GO'}, {'特快车': 'undefined'}, {'经济型': 'T3出行'}, {'经济型': '阳光出行'}, {'优享型': '首汽约车'}, {'优享型': '星徽出行'}, {'优享型': '东潮出行'}, {'经济型': '腾飞出行'}, {'经济型': '首汽约车'}, {'优享型': '及时用车'}, {'六座商务': 'undefined'}, {'经济型': '星徽出行'}, {'经济型': '北京的士'}]",[{'': '特惠快车'}],[{'': '特惠快车'}],0.72538161277771
打车去大梅沙，不要超79元。,"[{'出租车': 'undefined'}, {'经济型': '900出行'}, {'优享型': '曹操出行'}, {'轻享专车': 'undefined'}, {'经济型': '北京新出租'}, {'经济型': '如祺出行'}, {'优享型': '飞嘀打车'}, {'经济型': '神州专车'}, {'优享型': '斑马快跑'}, {'经济型': '及时用车'}, {'经济型': 'AA出行'}, {'经济型': '365约车'}, {'': '极速拼车'}, {'优享型': '阳光出行'}, {'优享型': '环旅出行'}, {'经济型': '曹操出行'}, {'优享型': '旗妙出行'}, {'品质专车': 'undefined'}, {'豪华型': 'undefined'}, {'经济型': '斑马快跑'}, {'经济型': '飞嘀打车'}, {'经济型': '享道出行'}, {'': '特惠快车'}, {'特快车': 'undefined'}, {'经济型': '聚的新出租'}, {'经济型': 'T3出行'}, {'优享型': '首汽约车'}, {'优享型': '星徽出行'}, {'优享型': '妥妥E行'}, {'优享型': '神州专车'}, {'经济型': '首汽约车'}, {'优享型': '及时用车'}, {'六座商务': 'undefined'}, {'优享型': 'AA出行'}, {'经济型': '妥妥E行'}]",[],[],0.16518616676330566
打个舒适型的车去西湖，便宜点的车型。,"[{'快速': '滴滴特快'}, {'快速': '滴滴优享'}, {'特价': '花小猪外接版'}, {'特价': '惊喜特价'}, {'推荐': '特快出租车'}, {'六座': '六座豪华车'}, {'快速': '长沙新出租'}, {'快速': '出租车'}, {'快速': '滴滴轻享'}, {'拼车': '滴滴小巴'}, {'拼车': '极速拼车'}, {'推荐': '花小猪正价版'}, {'快速': '滴滴快车'}, {'快速': '方舟行'}, {'舒适': '滴滴专车'}, {'六座': '六座专车'}, {'快速': '武汉新出租'}, {'拼车': '特价拼车'}, {'快速': '宽敞好车'}, {'快速': '曹操出行'}, {'推荐': '滴滴快车'}, {'舒适': '滴滴豪华车'}, {'推荐': '特惠快车'}]","[{'舒适': '滴滴专车'}, {'舒适': '滴滴豪华车'}]","[{'舒适': '滴滴专车'}, {'舒适': '滴滴豪华车'}]",1.1594810485839844
预约滴滴豪华车从广州塔到白云机场，优先派车。,"[{'六座': '六座专车'}, {'快速': '滴滴特快'}, {'六座': '六座豪华车'}, {'拼车': '极速拼车'}, {'拼车': '特价拼车'}, {'舒适': '滴滴专车'}, {'推荐': '花小猪正价版'}, {'快速': '曹操出行'}, {'快速': '出租车'}, {'推荐': '滴滴快车'}, {'特价': '花小猪外接版'}, {'舒适': '滴滴豪华车'}, {'快速': '滴滴轻享'}, {'特价': '惊喜特价'}, {'推荐': '特惠快车'}]","[{'六座': '六座豪华车'}, {'舒适': '滴滴豪华车'}]","[{'六座': '六座豪华车'}, {'舒适': '滴滴专车'}, {'舒适': '滴滴豪华车'}]",1.2710847854614258
打车去南京林业大学，勾选特快出租车、曹操出行或极速拼车。,"[{'六座': '六座专车'}, {'快速': '滴滴特快'}, {'六座': '六座豪华车'}, {'拼车': '特价拼车'}, {'拼车': '极速拼车'}, {'舒适': '滴滴专车'}, {'推荐': '花小猪正价版'}, {'推荐': '特惠快车'}, {'快速': '曹操出行'}, {'快速': '出租车'}, {'推荐': '滴滴快车'}, {'特价': '花小猪外接版'}, {'舒适': '滴滴豪华车'}, {'快速': '滴滴轻享'}, {'特价': '惊喜特价'}, {'推荐': '特快出租车'}]","[{'拼车': '极速拼车'}, {'快速': '曹操出行'}, {'快速': '出租车'}, {'推荐': '特快出租车'}]","[{'拼车': '极速拼车'}, {'快速': '曹操出行'}, {'快速': '出租车'}, {'推荐': '特快出租车'}]",1.995835542678833
打车去小梅沙，拼车不考虑,"[{'六座': '六座专车'}, {'快速': '滴滴特快'}, {'拼车': '极速拼车'}, {'拼车': '特价拼车'}, {'舒适': '滴滴专车'}, {'推荐': '花小猪正价版'}, {'快速': '曹操出行'}, {'快速': '出租车'}, {'推荐': '滴滴快车'}, {'特价': '花小猪外接版'}, {'舒适': '滴滴豪华车'}, {'快速': '滴滴轻享'}, {'特价': '惊喜特价'}, {'推荐': '特惠快车'}]","[{'六座': '六座专车'}, {'快速': '滴滴特快'}, {'舒适': '滴滴专车'}, {'推荐': '花小猪正价版'}, {'快速': '曹操出行'}, {'快速': '出租车'}, {'推荐': '滴滴快车'}, {'特价': '花小猪外接版'}, {'舒适': '滴滴豪华车'}, {'快速': '滴滴轻享'}, {'特价': '惊喜特价'}, {'推荐': '特惠快车'}]","[{'六座': '六座专车'}, {'快速': '滴滴特快'}, {'舒适': '滴滴专车'}, {'推荐': '花小猪正价版'}, {'快速': '曹操出行'}, {'快速': '出租车'}, {'推荐': '滴滴快车'}, {'特价': '花小猪外接版'}, {'舒适': '滴滴豪华车'}, {'快速': '滴滴轻享'}, {'特价': '惊喜特价'}, {'推荐': '特惠快车'}]",6.259571552276611
拼个车到户部巷，二十元以内。,"[{'经济型': '橄榄新出租'}, {'优享型': 'AA出行'}, {'优享型': '优e出行特选'}, {'经济型': '中交出行'}, {'经济型': '国泰出租'}, {'优享型': '飞嘀打车'}, {'优享型': '享道出行'}, {'经济型': '及时用车'}, {'豪华型': '车型高端 服务专业'}, {'优享型': '全民GO'}, {'': '极速拼车'}, {'品质专车': '静音不打扰 整洁无异味'}, {'优享型': '环旅出行'}, {'经济型': '添猫出行'}, {'经济型': '曹操出行'}, {'豪华型': 'undefined'}, {'经济型': '斑马快跑'}, {'经济型': '飞嘀打车'}, {'快速出发': '无'}, {'轻享专车': '静音不打扰 整洁无异味'}, {'优享型': '风韵出行'}, {'经济型': '旅程出租'}, {'优享型': '腾飞出行'}, {'出租车': '车多应答快'}, {'': '特惠快车'}, {'经济型': '聚的新出租'}, {'经济型': 'T3出行'}, {'经济型': '阳光出行'}, {'特快车': '超值体验 更快上车'}, {'推荐': '极速拼车'}, {'惠享专车': '好车好服务'}, {'经济': '首汽约车'}, {'惠享专车': '阳光出行'}, {'优享型': '神州专车'}, {'经济型': '深圳出租'}, {'六座商务': '宽敞空间 商务体验'}, {'优享型': '及时用车'}, {'拼车': '特惠快车'}, {'特价出发': '惊喜特价'}, {'经济型': '北京的士'}, {'经济型': '妥妥E行'}]","[{'': '极速拼车'}, {'推荐': '极速拼车'}]","[{'推荐': '极速拼车'}, {'拼车': '特惠快车'}]",1.1287224292755127
青岛五四广场到流亭机场，希望尽快安排一辆车。,"[{'六座': '六座专车'}, {'快速': '滴滴特快'}, {'六座': '六座豪华车'}, {'拼车': '极速拼车'}, {'拼车': '特价拼车'}, {'舒适': '滴滴专车'}, {'推荐': '花小猪正价版'}, {'快速': '曹操出行'}, {'快速': '出租车'}, {'特价': '特惠快车'}, {'快速': '滴滴优享'}, {'推荐': '滴滴快车'}, {'特价': '花小猪外接版'}, {'快速': '滴滴轻享'}, {'特价': '惊喜特价'}, {'推荐': '特惠快车'}]",[],[],0.1257176399230957
要个特惠快车去禄口机场，不能超30元。,"[{'优享型': 'AA出行'}, {'经济型': '中交出行'}, {'出租车': 'undefined'}, {'优享型': '曹操出行'}, {'轻享专车': 'undefined'}, {'经济型': '北京新出租'}, {'经济型': '东潮出行'}, {'经济型': '如祺出行'}, {'经济型': '神州专车'}, {'优享型': '斑马快跑'}, {'经济型': 'AA出行'}, {'经济型': '365约车'}, {'': '极速拼车'}, {'优享型': '全民GO'}, {'优享型': '环旅出行'}, {'经济型': '曹操出行'}, {'品质专车': 'undefined'}, {'豪华型': 'undefined'}, {'经济型': '斑马快跑'}, {'经济型': '飞嘀打车'}, {'': '特惠快车'}, {'特快车': 'undefined'}, {'经济型': '阳光出行'}, {'优享型': '中交出行'}, {'经济型': '首汽约车'}, {'六座商务': 'undefined'}, {'优享型': '火箭出行'}, {'经济型': '北京的士'}, {'经济型': '妥妥E行'}]",[{'': '特惠快车'}],[{'': '特惠快车'}],0.6858294010162354
从南邮打车到南财，限拼车。,"[{'经济型': '中交出行'}, {'经济型': '900出行'}, {'出租车': 'undefined'}, {'优享型': '曹操出行'}, {'轻享专车': 'undefined'}, {'经济型': '东潮出行'}, {'经济型': '如祺出行'}, {'优享型': '飞嘀打车'}, {'优享型': '享道出行'}, {'经济型': 'AA出行'}, {'经济型': '及时用车'}, {'': '极速拼车'}, {'经济型': '有序出行'}, {'经济型': '5U出行'}, {'优享型': 'T3出行'}, {'优享型': '阳光出行'}, {'优享型': '环旅出行'}, {'经济型': '曹操出行'}, {'优享型': '旗妙出行'}, {'品质专车': 'undefined'}, {'豪华型': 'undefined'}, {'经济型': '斑马快跑'}, {'经济型': '飞嘀打车'}, {'优享型': '风韵出行'}, {'': '特惠快车'}, {'特快车': 'undefined'}, {'经济型': '聚的新出租'}, {'经济型': '阳光出行'}, {'优享型': '星徽出行'}, {'经济型': '中军出行'}, {'优享型': '妥妥E行'}, {'优享型': '东潮出行'}, {'优享型': '神州专车'}, {'经济型': '腾飞出行'}, {'经济型': '首汽约车'}, {'优享型': '及时用车'}, {'六座商务': 'undefined'}, {'优享型': '火箭出行'}, {'经济型': '北京的士'}, {'经济型': '妥妥E行'}]",[{'': '极速拼车'}],[{'': '极速拼车'}],0.6451399326324463
用高德打的去杭州东站，要100元以内。,"[{'经济型': '900出行'}, {'经济型': '北京新出租'}, {'经济型': '国泰出租'}, {'经济型': '日初出行'}, {'经济型': '方舟行'}, {'优享型': '享道出行'}, {'经济型': 'AA出行'}, {'豪华型': '车型高端 服务专业'}, {'优享型': '全民GO'}, {'': '极速拼车'}, {'品质专车': '静音不打扰 整洁无异味'}, {'经济型': '曹操出行'}, {'惠享专车': '及时用车'}, {'优享型': '旗妙出行'}, {'豪华型': 'undefined'}, {'快速出发': '无'}, {'轻享专车': '静音不打扰 整洁无异味'}, {'经济型': '享道出行'}, {'优享型': '风韵出行'}, {'经济型': '旅程出租'}, {'出租车': '车多应答快'}, {'': '特惠快车'}, {'优享型': '首汽约车'}, {'经济型': '聚的新出租'}, {'经济型': '渔阳出行'}, {'经济型': '阳光出行'}, {'特快车': '超值体验 更快上车'}, {'经济型': '易至出行'}, {'推荐': '极速拼车'}, {'经济型': '中军出行'}, {'优享型': '东潮出行'}, {'经济': '首汽约车'}, {'六座商务': '宽敞空间 商务体验'}, {'拼车': '特惠快车'}, {'优享型': '火箭出行'}, {'推荐': '推荐专车'}, {'特价出发': '惊喜特价'}, {'经济型': '有序出行'}]",[],[],0.1633014678955078
费用控制在80元以内，选曹操出行或极速拼车。,"[{'六座': '六座专车'}, {'快速': '滴滴特快'}, {'拼车': '极速拼车'}, {'拼车': '特价拼车'}, {'舒适': '滴滴专车'}, {'推荐': '花小猪正价版'}, {'快速': '曹操出行'}, {'快速': '出租车'}, {'特价': '特惠快车'}, {'推荐': '滴滴快车'}, {'特价': '花小猪外接版'}, {'舒适': '滴滴豪华车'}, {'快速': '滴滴轻享'}, {'特价': '惊喜特价'}, {'推荐': '特惠快车'}]","[{'拼车': '极速拼车'}, {'快速': '曹操出行'}]","[{'拼车': '极速拼车'}, {'快速': '曹操出行'}]",1.1406900882720947
打车到新街口，不超过20，不要拼车。,"[{'优享型': 'AA出行'}, {'经济型': '中交出行'}, {'出租车': 'undefined'}, {'优享型': '曹操出行'}, {'轻享专车': 'undefined'}, {'经济型': '东潮出行'}, {'经济型': '神州专车'}, {'经济型': '妥妥E行'}, {'优享型': '享道出行'}, {'经济型': 'AA出行'}, {'经济型': '365约车'}, {'': '极速拼车'}, {'优享型': '全民GO'}, {'经济型': '5U出行'}, {'优享型': 'T3出行'}, {'优享型': '旗妙出行'}, {'品质专车': 'undefined'}, {'豪华型': 'undefined'}, {'经济型': '斑马快跑'}, {'经济型': '飞嘀打车'}, {'优享型': '风韵出行'}, {'': '特惠快车'}, {'特快车': 'undefined'}, {'经济型': '聚的新出租'}, {'经济型': 'T3出行'}, {'经济型': '阳光出行'}, {'经济型': '中军出行'}, {'优享型': '东潮出行'}, {'优享型': '神州专车'}, {'经济型': '深圳出租'}, {'优享型': '及时用车'}, {'六座商务': 'undefined'}, {'优享型': '火箭出行'}, {'经济型': '星徽出行'}, {'经济型': '北京的士'}, {'经济型': '有序出行'}]","[{'优享型': 'AA出行'}, {'经济型': '中交出行'}, {'出租车': 'undefined'}, {'优享型': '曹操出行'}, {'轻享专车': 'undefined'}, {'经济型': '东潮出行'}, {'经济型': '神州专车'}, {'经济型': '妥妥E行'}, {'优享型': '享道出行'}, {'经济型': 'AA出行'}, {'经济型': '365约车'}, {'优享型': '全民GO'}, {'经济型': '5U出行'}, {'优享型': 'T3出行'}, {'优享型': '旗妙出行'}, {'品质专车': 'undefined'}, {'豪华型': 'undefined'}, {'经济型': '斑马快跑'}, {'经济型': '飞嘀打车'}, {'优享型': '风韵出行'}, {'': '特惠快车'}, {'特快车': 'undefined'}, {'经济型': '聚的新出租'}, {'经济型': 'T3出行'}, {'经济型': '阳光出行'}, {'经济型': '中军出行'}, {'优享型': '东潮出行'}, {'优享型': '神州专车'}, {'经济型': '深圳出租'}, {'优享型': '及时用车'}, {'六座商务': 'undefined'}, {'优享型': '火箭出行'}, {'经济型': '星徽出行'}, {'经济型': '北京的士'}, {'经济型': '有序出行'}]","[{'优享型': 'AA出行'}, {'经济型': '中交出行'}, {'出租车': 'undefined'}, {'优享型': '曹操出行'}, {'轻享专车': 'undefined'}, {'经济型': '东潮出行'}, {'经济型': '神州专车'}, {'经济型': '妥妥E行'}, {'优享型': '享道出行'}, {'经济型': 'AA出行'}, {'经济型': '365约车'}, {'优享型': '全民GO'}, {'经济型': '5U出行'}, {'优享型': 'T3出行'}, {'优享型': '旗妙出行'}, {'品质专车': 'undefined'}, {'豪华型': 'undefined'}, {'经济型': '斑马快跑'}, {'经济型': '飞嘀打车'}, {'优享型': '风韵出行'}, {'': '特惠快车'}, {'特快车': 'undefined'}, {'经济型': '聚的新出租'}, {'经济型': 'T3出行'}, {'经济型': '阳光出行'}, {'经济型': '中军出行'}, {'优享型': '东潮出行'}, {'优享型': '神州专车'}, {'经济型': '深圳出租'}, {'优享型': '及时用车'}, {'六座商务': 'undefined'}, {'优享型': '火箭出行'}, {'经济型': '星徽出行'}, {'经济型': '北京的士'}, {'经济型': '有序出行'}]",18.74316668510437
从北京西站到首都国际机场，选特价拼车或极速拼车，预算控制在100元以内。,"[{'六座': '六座专车'}, {'拼车': '特价拼车'}, {'舒适': '滴滴专车'}, {'推荐': '花小猪正价版'}, {'推荐': '特惠快车'}, {'快速': '曹操出行'}, {'快速': '出租车'}, {'特价': '特惠快车'}, {'推荐': '滴滴快车'}, {'特价': '花小猪外接版'}, {'舒适': '滴滴豪华车'}, {'快速': '滴滴轻享'}, {'特价': '惊喜特价'}, {'推荐': '特快出租车'}]",[{'拼车': '特价拼车'}],[{'拼车': '特价拼车'}],0.7403368949890137
叫六座专车去民乐。,"[{'六座': '六座专车'}, {'快速': '滴滴特快'}, {'拼车': '特价拼车'}, {'舒适': '滴滴专车'}, {'推荐': '花小猪正价版'}, {'快速': '曹操出行'}, {'快速': '出租车'}, {'推荐': '滴滴快车'}, {'特价': '花小猪外接版'}, {'舒适': '滴滴豪华车'}, {'快速': '滴滴轻享'}, {'特价': '惊喜特价'}, {'推荐': '特惠快车'}]",[{'六座': '六座专车'}],[{'六座': '六座专车'}],0.7731924057006836
预约9点接机，选特惠快车、曹操或特价拼车。,"[{'六座': '六座专车'}, {'六座': '六座豪华车'}, {'拼车': '特价拼车'}, {'舒适': '滴滴专车'}, {'推荐': '花小猪正价版'}, {'快速': '曹操出行'}, {'快速': '出租车'}, {'推荐': '滴滴快车'}, {'特价': '花小猪外接版'}, {'快速': '滴滴轻享'}, {'特价': '惊喜特价'}, {'推荐': '特惠快车'}]","[{'拼车': '特价拼车'}, {'快速': '曹操出行'}, {'推荐': '特惠快车'}]","[{'拼车': '特价拼车'}, {'快速': '曹操出行'}, {'推荐': '特惠快车'}]",1.6723277568817139
从虹桥火车站到外滩，预约滴滴豪华车，优先派单。,"[{'六座': '六座专车'}, {'六座': '六座豪华车'}, {'拼车': '特价拼车'}, {'拼车': '极速拼车'}, {'舒适': '滴滴专车'}, {'推荐': '花小猪正价版'}, {'推荐': '特惠快车'}, {'快速': '曹操出行'}, {'快速': '出租车'}, {'特价': '特惠快车'}, {'推荐': '滴滴快车'}, {'特价': '花小猪外接版'}, {'舒适': '滴滴豪华车'}, {'快速': '滴滴轻享'}, {'特价': '惊喜特价'}, {'推荐': '特快出租车'}]","[{'六座': '六座豪华车'}, {'舒适': '滴滴豪华车'}]","[{'六座': '六座豪华车'}, {'舒适': '滴滴豪华车'}]",1.2524535655975342
打车去卓越后海，不要拼车。,"[{'经济型': '中交出行'}, {'出租车': 'undefined'}, {'优享型': '曹操出行'}, {'轻享专车': 'undefined'}, {'经济型': '北京新出租'}, {'经济型': '如祺出行'}, {'优享型': '享道出行'}, {'经济型': 'AA出行'}, {'': '极速拼车'}, {'优享型': 'T3出行'}, {'品质专车': 'undefined'}, {'豪华型': 'undefined'}, {'经济型': '飞嘀打车'}, {'': '特惠快车'}, {'经济型': '全民GO'}, {'特快车': 'undefined'}, {'经济型': '阳光出行'}, {'优享型': '妥妥E行'}, {'优享型': '东潮出行'}, {'经济型': '深圳出租'}, {'经济型': '腾飞出行'}, {'经济型': '首汽约车'}, {'优享型': '及时用车'}, {'六座商务': 'undefined'}, {'经济型': '北京的士'}, {'经济型': '妥妥E行'}]","[{'经济型': '中交出行'}, {'出租车': 'undefined'}, {'优享型': '曹操出行'}, {'轻享专车': 'undefined'}, {'经济型': '北京新出租'}, {'经济型': '如祺出行'}, {'优享型': '享道出行'}, {'经济型': 'AA出行'}, {'优享型': 'T3出行'}, {'品质专车': 'undefined'}, {'豪华型': 'undefined'}, {'经济型': '飞嘀打车'}, {'': '特惠快车'}, {'经济型': '全民GO'}, {'特快车': 'undefined'}, {'经济型': '阳光出行'}, {'优享型': '妥妥E行'}, {'优享型': '东潮出行'}, {'经济型': '深圳出租'}, {'经济型': '腾飞出行'}, {'经济型': '首汽约车'}, {'优享型': '及时用车'}, {'六座商务': 'undefined'}, {'经济型': '北京的士'}, {'经济型': '妥妥E行'}]","[{'经济型': '中交出行'}, {'出租车': 'undefined'}, {'优享型': '曹操出行'}, {'轻享专车': 'undefined'}, {'经济型': '北京新出租'}, {'经济型': '如祺出行'}, {'优享型': '享道出行'}, {'经济型': 'AA出行'}, {'优享型': 'T3出行'}, {'品质专车': 'undefined'}, {'豪华型': 'undefined'}, {'经济型': '飞嘀打车'}, {'': '特惠快车'}, {'经济型': '全民GO'}, {'特快车': 'undefined'}, {'经济型': '阳光出行'}, {'优享型': '妥妥E行'}, {'优享型': '东潮出行'}, {'经济型': '深圳出租'}, {'经济型': '腾飞出行'}, {'经济型': '首汽约车'}, {'优享型': '及时用车'}, {'六座商务': 'undefined'}, {'经济型': '北京的士'}, {'经济型': '妥妥E行'}]",13.147775411605835
从滇池畔到长水机场，要辆滴滴专车，平稳不颠簸。,"[{'六座': '六座专车'}, {'快速': '滴滴特快'}, {'拼车': '极速拼车'}, {'拼车': '特价拼车'}, {'舒适': '滴滴专车'}, {'推荐': '花小猪正价版'}, {'快速': '曹操出行'}, {'快速': '出租车'}, {'推荐': '滴滴快车'}, {'特价': '花小猪外接版'}, {'快速': '滴滴轻享'}, {'特价': '惊喜特价'}, {'推荐': '特惠快车'}]","[{'六座': '六座专车'}, {'舒适': '滴滴专车'}]","[{'六座': '六座专车'}, {'舒适': '滴滴专车'}]",1.2510688304901123
拼个车去总统府，最多20块钱。,"[{'快速': '滴滴特快'}, {'快速': '滴滴优享'}, {'特价': '花小猪外接版'}, {'特价': '惊喜特价'}, {'推荐': '特快出租车'}, {'六座': '六座豪华车'}, {'快速': '长沙新出租'}, {'快速': '出租车'}, {'快速': '滴滴轻享'}, {'拼车': '极速拼车'}, {'推荐': '花小猪正价版'}, {'快速': '滴滴快车'}, {'快速': '方舟行'}, {'舒适': '滴滴专车'}, {'六座': '六座专车'}, {'快速': '武汉新出租'}, {'拼车': '特价拼车'}, {'快速': '宽敞好车'}, {'快速': '曹操出行'}, {'特价': '特惠快车'}, {'推荐': '滴滴快车'}, {'舒适': '滴滴豪华车'}, {'推荐': '特惠快车'}]","[{'拼车': '极速拼车'}, {'拼车': '特价拼车'}]","[{'拼车': '极速拼车'}, {'拼车': '特价拼车'}]",1.2615244388580322
用特价拼车或曹操出行到市中心的万象城，预算50元以内。,"[{'六座': '六座专车'}, {'快速': '滴滴特快'}, {'拼车': '特价拼车'}, {'拼车': '极速拼车'}, {'舒适': '滴滴专车'}, {'推荐': '花小猪正价版'}, {'推荐': '特惠快车'}, {'快速': '曹操出行'}, {'快速': '出租车'}, {'快速': '滴滴优享'}, {'推荐': '滴滴快车'}, {'特价': '花小猪外接版'}, {'快速': '滴滴轻享'}, {'特价': '惊喜特价'}, {'推荐': '特快出租车'}]","[{'拼车': '特价拼车'}, {'快速': '曹操出行'}]","[{'拼车': '特价拼车'}, {'快速': '曹操出行'}]",1.1474695205688477
在杭州西湖边上打车去萧山机场，希望是经济车型。,"[{'六座': '六座专车'}, {'快速': '滴滴特快'}, {'拼车': '特价拼车'}, {'舒适': '滴滴专车'}, {'推荐': '花小猪正价版'}, {'快速': '曹操出行'}, {'快速': '出租车'}, {'特价': '特惠快车'}, {'推荐': '滴滴快车'}, {'特价': '花小猪外接版'}, {'快速': '滴滴轻享'}, {'特价': '惊喜特价'}, {'推荐': '特惠快车'}]",[],[],0.12662029266357422
用特价拼车从天山天池回乌鲁木齐红山公园，总价不超过200元。,"[{'六座': '六座专车'}, {'快速': '滴滴特快'}, {'六座': '六座豪华车'}, {'拼车': '特价拼车'}, {'拼车': '极速拼车'}, {'舒适': '滴滴专车'}, {'推荐': '花小猪正价版'}, {'推荐': '特惠快车'}, {'快速': '曹操出行'}, {'快速': '出租车'}, {'特价': '特惠快车'}, {'推荐': '滴滴快车'}, {'特价': '花小猪外接版'}, {'舒适': '滴滴豪华车'}, {'快速': '滴滴轻享'}, {'特价': '惊喜特价'}, {'推荐': '特快出租车'}]",[{'拼车': '特价拼车'}],[{'拼车': '特价拼车'}],0.7365026473999023
从南宁青秀山到吴圩机场，约辆滴滴豪华车，要老司机。,"[{'六座': '六座专车'}, {'快速': '滴滴特快'}, {'拼车': '极速拼车'}, {'拼车': '特价拼车'}, {'舒适': '滴滴专车'}, {'推荐': '花小猪正价版'}, {'快速': '曹操出行'}, {'快速': '出租车'}, {'推荐': '滴滴快车'}, {'特价': '花小猪外接版'}, {'舒适': '滴滴豪华车'}, {'快速': '滴滴轻享'}, {'特价': '惊喜特价'}, {'推荐': '特惠快车'}]",[{'舒适': '滴滴豪华车'}],[{'舒适': '滴滴豪华车'}],0.6479847431182861
到宝安机场，120内专车。,"[{'六座': '六座专车'}, {'快速': '滴滴特快'}, {'拼车': '极速拼车'}, {'拼车': '特价拼车'}, {'舒适': '滴滴专车'}, {'推荐': '花小猪正价版'}, {'快速': '曹操出行'}, {'快速': '出租车'}, {'推荐': '滴滴快车'}, {'特价': '花小猪外接版'}, {'快速': '滴滴轻享'}, {'特价': '惊喜特价'}, {'推荐': '特惠快车'}]","[{'六座': '六座专车'}, {'舒适': '滴滴专车'}]","[{'六座': '六座专车'}, {'舒适': '滴滴专车'}]",1.235541820526123
在滴滴叫辆六座专车从济南泉城广场到遥墙机场，适合带全家出行。,"[{'六座': '六座专车'}, {'快速': '滴滴特快'}, {'拼车': '特价拼车'}, {'舒适': '滴滴专车'}, {'推荐': '花小猪正价版'}, {'推荐': '特惠快车'}, {'快速': '曹操出行'}, {'快速': '出租车'}, {'快速': '滴滴优享'}, {'推荐': '滴滴快车'}, {'特价': '花小猪外接版'}, {'快速': '滴滴轻享'}, {'特价': '惊喜特价'}, {'推荐': '特快出租车'}]",[{'六座': '六座专车'}],[{'六座': '六座专车'}],0.7689459323883057
预约六座商务或特价拼车去南京河西万达。,"[{'出租车': 'undefined'}, {'经济型': '900出行'}, {'轻享专车': 'undefined'}, {'经济型': '东潮出行'}, {'经济型': '北京新出租'}, {'经济型': '如祺出行'}, {'优享型': '飞嘀打车'}, {'经济型': 'AA出行'}, {'优享型': '全民GO'}, {'': '极速拼车'}, {'优享型': '阳光出行'}, {'经济型': '曹操出行'}, {'豪华型': 'undefined'}, {'经济型': '飞嘀打车'}, {'经济型': '斑马快跑'}, {'经济型': '享道出行'}, {'优享型': '腾飞出行'}, {'': '特惠快车'}, {'特快车': 'undefined'}, {'经济型': '聚的新出租'}, {'优享型': '星徽出行'}, {'经济型': '旗妙出行'}, {'优享型': '神州专车'}, {'经济型': '深圳出租'}, {'经济型': '首汽约车'}, {'优享型': '及时用车'}, {'六座商务': 'undefined'}, {'优享型': '火箭出行'}, {'经济型': '星徽出行'}, {'品质专车': 'undefined'}, {'经济型': '有序出行'}]","[{'': '极速拼车'}, {'六座商务': 'undefined'}]",[{'六座商务': 'undefined'}],1.077216625213623
打车到天山区，商务车。,"[{'优享型': 'AA出行'}, {'出租车': 'undefined'}, {'优享型': '曹操出行'}, {'轻享专车': 'undefined'}, {'经济型': '北京新出租'}, {'经济型': '如祺出行'}, {'经济型': '神州专车'}, {'优享型': '斑马快跑'}, {'优享型': '享道出行'}, {'经济型': '365约车'}, {'': '极速拼车'}, {'优享型': '全民GO'}, {'优享型': '环旅出行'}, {'品质专车': 'undefined'}, {'豪华型': 'undefined'}, {'经济型': '斑马快跑'}, {'经济型': '飞嘀打车'}, {'经济型': '享道出行'}, {'优享型': '风韵出行'}, {'': '特惠快车'}, {'特快车': 'undefined'}, {'经济型': '聚的新出租'}, {'优享型': '首汽约车'}, {'经济型': '中军出行'}, {'优享型': '妥妥E行'}, {'经济型': '旗妙出行'}, {'优享型': '中交出行'}, {'优享型': '神州专车'}, {'经济型': '腾飞出行'}, {'经济型': '首汽约车'}, {'优享型': '及时用车'}, {'六座商务': 'undefined'}, {'经济型': '星徽出行'}, {'经济型': '北京的士'}]",[{'六座商务': 'undefined'}],[{'六座商务': 'undefined'}],0.6832423210144043
打车去龙岗大道，不要拼车，35元内。,"[{'六座': '六座专车'}, {'快速': '滴滴特快'}, {'拼车': '特价拼车'}, {'拼车': '极速拼车'}, {'舒适': '滴滴专车'}, {'推荐': '花小猪正价版'}, {'推荐': '特惠快车'}, {'快速': '曹操出行'}, {'快速': '出租车'}, {'推荐': '滴滴快车'}, {'特价': '花小猪外接版'}, {'快速': '滴滴轻享'}, {'特价': '惊喜特价'}, {'推荐': '特快出租车'}]","[{'六座': '六座专车'}, {'快速': '滴滴特快'}, {'舒适': '滴滴专车'}, {'推荐': '花小猪正价版'}, {'推荐': '特惠快车'}, {'快速': '曹操出行'}, {'快速': '出租车'}, {'推荐': '滴滴快车'}, {'特价': '花小猪外接版'}, {'快速': '滴滴轻享'}, {'特价': '惊喜特价'}, {'推荐': '特快出租车'}]","[{'六座': '六座专车'}, {'快速': '滴滴特快'}, {'舒适': '滴滴专车'}, {'推荐': '花小猪正价版'}, {'推荐': '特惠快车'}, {'快速': '曹操出行'}, {'快速': '出租车'}, {'推荐': '滴滴快车'}, {'特价': '花小猪外接版'}, {'快速': '滴滴轻享'}, {'特价': '惊喜特价'}, {'推荐': '特快出租车'}]",6.1121461391448975
厦门鼓浪屿码头到高崎机场，经济车型就可以，记得按时来接我。,"[{'六座': '六座专车'}, {'快速': '滴滴特快'}, {'六座': '六座豪华车'}, {'拼车': '特价拼车'}, {'舒适': '滴滴专车'}, {'推荐': '花小猪正价版'}, {'推荐': '特惠快车'}, {'快速': '曹操出行'}, {'快速': '出租车'}, {'推荐': '滴滴快车'}, {'特价': '花小猪外接版'}, {'舒适': '滴滴豪华车'}, {'快速': '滴滴轻享'}, {'特价': '惊喜特价'}, {'推荐': '特快出租车'}]","[{'拼车': '特价拼车'}, {'推荐': '特惠快车'}, {'特价': '花小猪外接版'}, {'特价': '惊喜特价'}]",[],2.304243326187134
用滴滴专车从呼和浩特火车站到白塔机场，预算不超过60元。,"[{'六座': '六座专车'}, {'快速': '滴滴特快'}, {'拼车': '特价拼车'}, {'舒适': '滴滴专车'}, {'推荐': '花小猪正价版'}, {'快速': '曹操出行'}, {'快速': '出租车'}, {'推荐': '滴滴快车'}, {'特价': '花小猪外接版'}, {'舒适': '滴滴豪华车'}, {'快速': '滴滴轻享'}, {'特价': '惊喜特价'}, {'推荐': '特惠快车'}]","[{'六座': '六座专车'}, {'舒适': '滴滴专车'}]","[{'六座': '六座专车'}, {'舒适': '滴滴专车'}]",1.2509002685546875
预约六座专车从光谷广场到天河机场。,"[{'六座': '六座专车'}, {'快速': '滴滴特快'}, {'推荐': '滴滴特快'}, {'拼车': '特价拼车'}, {'舒适': '滴滴专车'}, {'推荐': '花小猪正价版'}, {'推荐': '特惠快车'}, {'快速': '曹操出行'}, {'快速': '出租车'}, {'快速': '滴滴优享'}, {'推荐': '滴滴快车'}, {'特价': '花小猪外接版'}, {'快速': '滴滴轻享'}, {'特价': '惊喜特价'}, {'推荐': '特快出租车'}]",[{'六座': '六座专车'}],[{'六座': '六座专车'}],0.7641336917877197
如祺出行叫辆专车到上芬地铁站，走最优路线。,"[{'六座': '六座专车'}, {'快速': '滴滴特快'}, {'六座': '六座豪华车'}, {'拼车': '特价拼车'}, {'舒适': '滴滴专车'}, {'推荐': '花小猪正价版'}, {'推荐': '特惠快车'}, {'快速': '曹操出行'}, {'快速': '出租车'}, {'推荐': '滴滴快车'}, {'特价': '花小猪外接版'}, {'快速': '滴滴轻享'}, {'特价': '惊喜特价'}, {'推荐': '特快出租车'}]","[{'六座': '六座专车'}, {'舒适': '滴滴专车'}]","[{'六座': '六座专车'}, {'舒适': '滴滴专车'}]",1.25118088722229
叫个特价拼车去萧山机场，选经济车型也行。,"[{'六座': '六座专车'}, {'快速': '滴滴特快'}, {'拼车': '极速拼车'}, {'拼车': '特价拼车'}, {'舒适': '滴滴专车'}, {'推荐': '花小猪正价版'}, {'快速': '曹操出行'}, {'快速': '出租车'}, {'推荐': '滴滴快车'}, {'特价': '花小猪外接版'}, {'快速': '滴滴轻享'}, {'特价': '惊喜特价'}, {'推荐': '特惠快车'}]","[{'拼车': '特价拼车'}, {'特价': '花小猪外接版'}, {'特价': '惊喜特价'}, {'推荐': '特惠快车'}]","[{'拼车': '特价拼车'}, {'特价': '花小猪外接版'}, {'特价': '惊喜特价'}, {'推荐': '特惠快车'}]",2.2963528633117676
叫辆特惠快车到三江学院，不要拼车。,"[{'六座': '六座专车'}, {'快速': '滴滴特快'}, {'六座': '六座豪华车'}, {'拼车': '极速拼车'}, {'拼车': '特价拼车'}, {'舒适': '滴滴专车'}, {'推荐': '花小猪正价版'}, {'快速': '曹操出行'}, {'快速': '出租车'}, {'快速': '滴滴优享'}, {'推荐': '滴滴快车'}, {'特价': '花小猪外接版'}, {'舒适': '滴滴豪华车'}, {'快速': '滴滴轻享'}, {'特价': '惊喜特价'}, {'推荐': '特惠快车'}]",[{'推荐': '特惠快车'}],[{'推荐': '特惠快车'}],0.7065017223358154
去莲花山公园，不用曹操出行。,"[{'六座': '六座专车'}, {'快速': '滴滴特快'}, {'拼车': '极速拼车'}, {'拼车': '特价拼车'}, {'舒适': '滴滴专车'}, {'推荐': '花小猪正价版'}, {'快速': '曹操出行'}, {'快速': '出租车'}, {'快速': '滴滴优享'}, {'特价': '花小猪外接版'}, {'舒适': '滴滴豪华车'}, {'快速': '滴滴轻享'}, {'特价': '惊喜特价'}, {'推荐': '特惠快车'}]","[{'六座': '六座专车'}, {'快速': '滴滴特快'}, {'拼车': '极速拼车'}, {'拼车': '特价拼车'}, {'舒适': '滴滴专车'}, {'推荐': '花小猪正价版'}, {'快速': '出租车'}, {'快速': '滴滴优享'}, {'特价': '花小猪外接版'}, {'舒适': '滴滴豪华车'}, {'快速': '滴滴轻享'}, {'特价': '惊喜特价'}, {'推荐': '特惠快车'}]","[{'六座': '六座专车'}, {'快速': '滴滴特快'}, {'拼车': '极速拼车'}, {'拼车': '特价拼车'}, {'舒适': '滴滴专车'}, {'推荐': '花小猪正价版'}, {'快速': '出租车'}, {'快速': '滴滴优享'}, {'特价': '花小猪外接版'}, {'舒适': '滴滴豪华车'}, {'快速': '滴滴轻享'}, {'特价': '惊喜特价'}, {'推荐': '特惠快车'}]",6.696197271347046
从汕头小公园到南澳岛，选特惠快车、特价拼车、曹操出行或六座专车都行。,"[{'六座': '六座专车'}, {'拼车': '极速拼车'}, {'拼车': '特价拼车'}, {'舒适': '滴滴专车'}, {'推荐': '花小猪正价版'}, {'快速': '曹操出行'}, {'快速': '出租车'}, {'推荐': '滴滴快车'}, {'特价': '花小猪外接版'}, {'快速': '滴滴轻享'}, {'特价': '惊喜特价'}, {'推荐': '特惠快车'}]","[{'六座': '六座专车'}, {'拼车': '特价拼车'}, {'快速': '曹操出行'}, {'推荐': '特惠快车'}]","[{'六座': '六座专车'}, {'拼车': '特价拼车'}, {'快速': '曹操出行'}, {'推荐': '特惠快车'}]",2.2677652835845947
叫辆特快出租车去拱北口岸，要最快到达。,"[{'六座': '六座专车'}, {'拼车': '极速拼车'}, {'拼车': '特价拼车'}, {'舒适': '滴滴专车'}, {'推荐': '花小猪正价版'}, {'快速': '曹操出行'}, {'快速': '出租车'}, {'推荐': '滴滴快车'}, {'特价': '花小猪外接版'}, {'快速': '滴滴轻享'}, {'特价': '惊喜特价'}, {'推荐': '特惠快车'}]",[{'快速': '出租车'}],[{'快速': '出租车'}],0.5415568351745605
打车到民治地铁口，不能要拼车。,"[{'优享型': 'AA出行'}, {'经济型': '中交出行'}, {'经济型': '900出行'}, {'出租车': 'undefined'}, {'优享型': '曹操出行'}, {'轻享专车': 'undefined'}, {'经济型': '如祺出行'}, {'经济型': '神州专车'}, {'经济型': 'AA出行'}, {'经济型': '365约车'}, {'': '极速拼车'}, {'优享型': '全民GO'}, {'优享型': '阳光出行'}, {'优享型': '环旅出行'}, {'经济型': '曹操出行'}, {'优享型': '旗妙出行'}, {'品质专车': 'undefined'}, {'豪华型': 'undefined'}, {'经济型': '飞嘀打车'}, {'优享型': '风韵出行'}, {'优享型': '腾飞出行'}, {'': '特惠快车'}, {'经济型': '全民GO'}, {'特快车': 'undefined'}, {'优享型': '星徽出行'}, {'经济型': '旗妙出行'}, {'优享型': '东潮出行'}, {'优享型': '神州专车'}, {'经济型': '深圳出租'}, {'经济型': '腾飞出行'}, {'经济型': '首汽约车'}, {'六座商务': 'undefined'}, {'优享型': '火箭出行'}, {'经济型': '星徽出行'}, {'经济型': '北京的士'}, {'经济型': '有序出行'}]","[{'优享型': 'AA出行'}, {'经济型': '中交出行'}, {'经济型': '900出行'}, {'出租车': 'undefined'}, {'优享型': '曹操出行'}, {'轻享专车': 'undefined'}, {'经济型': '如祺出行'}, {'经济型': '神州专车'}, {'经济型': 'AA出行'}, {'经济型': '365约车'}, {'优享型': '全民GO'}, {'优享型': '阳光出行'}, {'优享型': '环旅出行'}, {'经济型': '曹操出行'}, {'优享型': '旗妙出行'}, {'品质专车': 'undefined'}, {'豪华型': 'undefined'}, {'经济型': '飞嘀打车'}, {'优享型': '风韵出行'}, {'优享型': '腾飞出行'}, {'': '特惠快车'}, {'经济型': '全民GO'}, {'特快车': 'undefined'}, {'优享型': '星徽出行'}, {'经济型': '旗妙出行'}, {'优享型': '东潮出行'}, {'优享型': '神州专车'}, {'经济型': '深圳出租'}, {'经济型': '腾飞出行'}, {'经济型': '首汽约车'}, {'六座商务': 'undefined'}, {'优享型': '火箭出行'}, {'经济型': '星徽出行'}, {'经济型': '北京的士'}, {'经济型': '有序出行'}]","[{'优享型': 'AA出行'}, {'经济型': '中交出行'}, {'经济型': '900出行'}, {'出租车': 'undefined'}, {'优享型': '曹操出行'}, {'轻享专车': 'undefined'}, {'经济型': '如祺出行'}, {'经济型': '神州专车'}, {'经济型': 'AA出行'}, {'经济型': '365约车'}, {'优享型': '全民GO'}, {'优享型': '阳光出行'}, {'优享型': '环旅出行'}, {'经济型': '曹操出行'}, {'优享型': '旗妙出行'}, {'品质专车': 'undefined'}, {'豪华型': 'undefined'}, {'经济型': '飞嘀打车'}, {'优享型': '风韵出行'}, {'优享型': '腾飞出行'}, {'': '特惠快车'}, {'经济型': '全民GO'}, {'特快车': 'undefined'}, {'优享型': '星徽出行'}, {'经济型': '旗妙出行'}, {'优享型': '东潮出行'}, {'优享型': '神州专车'}, {'经济型': '深圳出租'}, {'经济型': '腾飞出行'}, {'经济型': '首汽约车'}, {'六座商务': 'undefined'}, {'优享型': '火箭出行'}, {'经济型': '星徽出行'}, {'经济型': '北京的士'}, {'经济型': '有序出行'}]",18.318326234817505
用六座专车或特价拼车从滇池到石林景区，预算86元以内。,"[{'六座': '六座专车'}, {'快速': '滴滴特快'}, {'拼车': '特价拼车'}, {'舒适': '滴滴专车'}, {'推荐': '花小猪正价版'}, {'推荐': '特惠快车'}, {'快速': '曹操出行'}, {'快速': '出租车'}, {'快速': '滴滴优享'}, {'推荐': '滴滴快车'}, {'特价': '花小猪外接版'}, {'舒适': '滴滴豪华车'}, {'快速': '滴滴轻享'}, {'特价': '惊喜特价'}, {'推荐': '特快出租车'}]","[{'六座': '六座专车'}, {'拼车': '特价拼车'}]","[{'六座': '六座专车'}, {'拼车': '特价拼车'}]",1.3343868255615234
从钟楼到兵马俑约个滴滴专车，时间别太赶，选六座或豪华车型也行。,"[{'六座': '六座专车'}, {'快速': '滴滴特快'}, {'拼车': '特价拼车'}, {'舒适': '滴滴专车'}, {'推荐': '花小猪正价版'}, {'快速': '曹操出行'}, {'快速': '出租车'}, {'推荐': '滴滴快车'}, {'特价': '花小猪外接版'}, {'舒适': '滴滴豪华车'}, {'快速': '滴滴轻享'}, {'特价': '惊喜特价'}, {'推荐': '特惠快车'}]","[{'六座': '六座专车'}, {'舒适': '滴滴专车'}, {'舒适': '滴滴豪华车'}]","[{'六座': '六座专车'}, {'舒适': '滴滴专车'}, {'舒适': '滴滴豪华车'}]",1.7203354835510254
叫个特惠快车到深圳北站，要尽快出发。,"[{'六座': '六座专车'}, {'快速': '滴滴特快'}, {'拼车': '特价拼车'}, {'舒适': '滴滴专车'}, {'推荐': '花小猪正价版'}, {'快速': '曹操出行'}, {'快速': '出租车'}, {'特价': '特惠快车'}, {'快速': '滴滴优享'}, {'推荐': '滴滴快车'}, {'特价': '花小猪外接版'}, {'快速': '滴滴轻享'}, {'特价': '惊喜特价'}, {'推荐': '特惠快车'}]","[{'特价': '特惠快车'}, {'推荐': '特惠快车'}]","[{'特价': '特惠快车'}, {'推荐': '特惠快车'}]",1.2471387386322021
从广州塔到天河城，选特价拼车或极速拼车。,"[{'六座': '六座专车'}, {'快速': '滴滴特快'}, {'六座': '六座豪华车'}, {'拼车': '特价拼车'}, {'舒适': '滴滴专车'}, {'推荐': '花小猪正价版'}, {'快速': '曹操出行'}, {'快速': '出租车'}, {'推荐': '滴滴快车'}, {'特价': '花小猪外接版'}, {'舒适': '滴滴豪华车'}, {'快速': '滴滴轻享'}, {'特价': '惊喜特价'}, {'推荐': '特惠快车'}]",[{'拼车': '特价拼车'}],[{'拼车': '特价拼车'}],0.7123184204101562
叫个特快出租车去福田高铁站，20分钟以内到。,"[{'六座': '六座专车'}, {'快速': '滴滴特快'}, {'六座': '六座豪华车'}, {'拼车': '特价拼车'}, {'舒适': '滴滴专车'}, {'推荐': '花小猪正价版'}, {'推荐': '特惠快车'}, {'快速': '曹操出行'}, {'快速': '出租车'}, {'快速': '滴滴优享'}, {'推荐': '滴滴快车'}, {'特价': '花小猪外接版'}, {'快速': '滴滴轻享'}, {'特价': '惊喜特价'}, {'推荐': '特快出租车'}]","[{'快速': '出租车'}, {'推荐': '特快出租车'}]","[{'快速': '出租车'}, {'推荐': '特快出租车'}]",1.0096113681793213
从柳巷到武宿机场，选特价拼车。,"[{'六座': '六座专车'}, {'快速': '滴滴特快'}, {'六座': '六座豪华车'}, {'拼车': '特价拼车'}, {'拼车': '极速拼车'}, {'舒适': '滴滴专车'}, {'推荐': '花小猪正价版'}, {'推荐': '特惠快车'}, {'快速': '曹操出行'}, {'快速': '出租车'}, {'推荐': '滴滴快车'}, {'特价': '花小猪外接版'}, {'快速': '滴滴轻享'}, {'特价': '惊喜特价'}, {'推荐': '特快出租车'}]",[{'拼车': '特价拼车'}],[{'拼车': '特价拼车'}],0.7104465961456299
用滴滴叫辆滴滴专车从厦门鼓浪屿码头到高崎机场。,"[{'六座': '六座专车'}, {'快速': '滴滴特快'}, {'六座': '六座豪华车'}, {'拼车': '特价拼车'}, {'拼车': '极速拼车'}, {'舒适': '滴滴专车'}, {'推荐': '花小猪正价版'}, {'推荐': '特惠快车'}, {'快速': '曹操出行'}, {'快速': '出租车'}, {'推荐': '滴滴快车'}, {'特价': '花小猪外接版'}, {'快速': '滴滴轻享'}, {'特价': '惊喜特价'}, {'推荐': '特快出租车'}]","[{'六座': '六座专车'}, {'舒适': '滴滴专车'}]","[{'六座': '六座专车'}, {'舒适': '滴滴专车'}]",1.2401316165924072
从西湖边到萧山机场，叫个特惠快车或特价拼车，预算30元左右。,"[{'六座': '六座专车'}, {'快速': '滴滴特快'}, {'六座': '六座豪华车'}, {'拼车': '特价拼车'}, {'拼车': '极速拼车'}, {'舒适': '滴滴专车'}, {'推荐': '花小猪正价版'}, {'推荐': '特惠快车'}, {'快速': '曹操出行'}, {'快速': '出租车'}, {'特价': '特惠快车'}, {'推荐': '滴滴快车'}, {'特价': '花小猪外接版'}, {'快速': '滴滴轻享'}, {'特价': '惊喜特价'}, {'推荐': '特快出租车'}]","[{'拼车': '特价拼车'}, {'推荐': '特惠快车'}, {'特价': '特惠快车'}]","[{'拼车': '特价拼车'}, {'推荐': '特惠快车'}, {'特价': '特惠快车'}]",1.7821471691131592
叫个曹操出行到胶东国际机场，要极速到达。,"[{'六座': '六座专车'}, {'六座': '六座豪华车'}, {'拼车': '极速拼车'}, {'拼车': '特价拼车'}, {'舒适': '滴滴专车'}, {'推荐': '花小猪正价版'}, {'快速': '曹操出行'}, {'快速': '出租车'}, {'推荐': '滴滴快车'}, {'特价': '花小猪外接版'}, {'特价': '惊喜特价'}, {'推荐': '特惠快车'}]",[{'快速': '曹操出行'}],[{'快速': '曹操出行'}],0.6151382923126221
从虹桥火车站到外滩，约一辆滴滴豪华车。,"[{'六座': '六座专车'}, {'快速': '滴滴特快'}, {'六座': '六座豪华车'}, {'拼车': '特价拼车'}, {'舒适': '滴滴专车'}, {'推荐': '花小猪正价版'}, {'快速': '曹操出行'}, {'快速': '出租车'}, {'特价': '特惠快车'}, {'快速': '滴滴优享'}, {'特价': '花小猪外接版'}, {'舒适': '滴滴豪华车'}, {'快速': '滴滴轻享'}, {'特价': '惊喜特价'}, {'推荐': '特惠快车'}]","[{'六座': '六座豪华车'}, {'舒适': '滴滴豪华车'}]","[{'六座': '六座豪华车'}, {'舒适': '滴滴豪华车'}]",1.25760817527771
要极速拼车回家，不要出租。,"[{'出租车': 'undefined'}, {'优享型': '曹操出行'}, {'轻享专车': 'undefined'}, {'经济型': '北京新出租'}, {'经济型': '东潮出行'}, {'经济型': '如祺出行'}, {'经济型': '神州专车'}, {'优享型': '斑马快跑'}, {'优享型': '享道出行'}, {'经济型': '及时用车'}, {'经济型': 'AA出行'}, {'经济型': '365约车'}, {'': '极速拼车'}, {'优享型': 'T3出行'}, {'优享型': '阳光出行'}, {'经济型': '曹操出行'}, {'优享型': '旗妙出行'}, {'品质专车': 'undefined'}, {'豪华型': 'undefined'}, {'经济型': '斑马快跑'}, {'经济型': '飞嘀打车'}, {'': '特惠快车'}, {'特快车': 'undefined'}, {'经济型': 'T3出行'}, {'经济型': '阳光出行'}, {'优享型': '星徽出行'}, {'经济型': '中军出行'}, {'优享型': '妥妥E行'}, {'优享型': '神州专车'}, {'六座商务': 'undefined'}, {'优享型': '火箭出行'}, {'经济型': '星徽出行'}, {'经济型': '北京的士'}]",[{'': '极速拼车'}],[{'': '极速拼车'}],0.6290402412414551
哈尔滨中央大街到太平国际机场，安排个舒适车型。,"[{'六座': '六座专车'}, {'六座': '六座豪华车'}, {'拼车': '极速拼车'}, {'拼车': '特价拼车'}, {'舒适': '滴滴专车'}, {'推荐': '花小猪正价版'}, {'快速': '曹操出行'}, {'快速': '出租车'}, {'推荐': '滴滴快车'}, {'特价': '花小猪外接版'}, {'快速': '滴滴轻享'}, {'特价': '惊喜特价'}, {'推荐': '特惠快车'}]",[{'舒适': '滴滴专车'}],[{'舒适': '滴滴专车'}],0.6574916839599609
打车去高铁站，勾选所有车型。,"[{'快速': '滴滴特快'}, {'快速': '滴滴优享'}, {'特价': '花小猪外接版'}, {'特价': '惊喜特价'}, {'推荐': '特快出租车'}, {'六座': '六座豪华车'}, {'快速': '长沙新出租'}, {'快速': '出租车'}, {'快速': '滴滴轻享'}, {'拼车': '滴滴小巴'}, {'拼车': '极速拼车'}, {'推荐': '花小猪正价版'}, {'快速': '滴滴快车'}, {'快速': '方舟行'}, {'舒适': '滴滴专车'}, {'六座': '六座专车'}, {'拼车': '特价拼车'}, {'快速': '宽敞好车'}, {'快速': '曹操出行'}, {'推荐': '滴滴快车'}, {'舒适': '滴滴豪华车'}, {'推荐': '特惠快车'}]",[{'all': 'all'}],[{'all': 'all'}],0.5585944652557373
打车到南京禄口机场，预算70以内。,"[{'出租车': 'undefined'}, {'经济型': '900出行'}, {'轻享专车': 'undefined'}, {'经济型': '东潮出行'}, {'经济型': '北京新出租'}, {'经济型': '神州专车'}, {'优享型': '享道出行'}, {'经济型': 'AA出行'}, {'': '极速拼车'}, {'优享型': 'T3出行'}, {'经济型': '5U出行'}, {'经济型': '曹操出行'}, {'优享型': '旗妙出行'}, {'豪华型': 'undefined'}, {'经济型': '斑马快跑'}, {'经济型': '享道出行'}, {'优享型': '腾飞出行'}, {'': '特惠快车'}, {'特快车': 'undefined'}, {'经济型': '聚的新出租'}, {'优享型': '首汽约车'}, {'优享型': '星徽出行'}, {'经济型': '旗妙出行'}, {'优享型': '中交出行'}, {'经济型': '首汽约车'}, {'优享型': '及时用车'}, {'六座商务': 'undefined'}, {'优享型': '火箭出行'}, {'经济型': '星徽出行'}, {'品质专车': 'undefined'}, {'经济型': '妥妥E行'}]",[],[],0.15725302696228027
叫辆六座专车去南京中山陵景区，走最短路线。,"[{'六座': '六座专车'}, {'快速': '滴滴特快'}, {'拼车': '特价拼车'}, {'舒适': '滴滴专车'}, {'推荐': '花小猪正价版'}, {'快速': '曹操出行'}, {'快速': '出租车'}, {'推荐': '滴滴快车'}, {'特价': '花小猪外接版'}, {'舒适': '滴滴豪华车'}, {'快速': '滴滴轻享'}, {'推荐': '特惠快车'}]",[{'六座': '六座专车'}],[{'六座': '六座专车'}],0.7793209552764893
从公司到客户那里，叫辆滴滴豪华车。,"[{'六座': '六座专车'}, {'拼车': '特价拼车'}, {'舒适': '滴滴专车'}, {'推荐': '花小猪正价版'}, {'快速': '曹操出行'}, {'快速': '出租车'}, {'推荐': '滴滴快车'}, {'特价': '花小猪外接版'}, {'舒适': '滴滴豪华车'}, {'特价': '惊喜特价'}, {'推荐': '特惠快车'}]",[{'舒适': '滴滴豪华车'}],[{'舒适': '滴滴豪华车'}],0.6573119163513184
用滴滴专车从春熙路到双流机场，走机场高速30分钟内到。,"[{'六座': '六座专车'}, {'六座': '六座豪华车'}, {'拼车': '特价拼车'}, {'拼车': '极速拼车'}, {'舒适': '滴滴专车'}, {'推荐': '花小猪正价版'}, {'推荐': '特惠快车'}, {'快速': '曹操出行'}, {'快速': '出租车'}, {'推荐': '滴滴快车'}, {'特价': '花小猪外接版'}, {'舒适': '滴滴豪华车'}, {'特价': '惊喜特价'}, {'推荐': '特快出租车'}]","[{'六座': '六座专车'}, {'舒适': '滴滴专车'}]","[{'六座': '六座专车'}, {'舒适': '滴滴专车'}]",1.251796007156372
从深圳湾口岸打特惠快车或曹操出行到福田高铁站,"[{'六座': '六座专车'}, {'快速': '滴滴特快'}, {'拼车': '特价拼车'}, {'舒适': '滴滴专车'}, {'推荐': '花小猪正价版'}, {'快速': '曹操出行'}, {'快速': '出租车'}, {'推荐': '滴滴快车'}, {'特价': '花小猪外接版'}, {'舒适': '滴滴豪华车'}, {'快速': '滴滴轻享'}, {'特价': '惊喜特价'}, {'推荐': '特惠快车'}]","[{'快速': '曹操出行'}, {'推荐': '特惠快车'}]","[{'快速': '曹操出行'}, {'推荐': '特惠快车'}]",1.1200568675994873
打车到禄口机场，勾选曹操出行、特惠快车或出租车，12分钟内接驾。,"[{'六座': '六座专车'}, {'快速': '滴滴特快'}, {'拼车': '极速拼车'}, {'拼车': '特价拼车'}, {'舒适': '滴滴专车'}, {'推荐': '花小猪正价版'}, {'快速': '曹操出行'}, {'快速': '出租车'}, {'快速': '滴滴优享'}, {'推荐': '滴滴快车'}, {'特价': '花小猪外接版'}, {'舒适': '滴滴豪华车'}, {'快速': '滴滴轻享'}, {'特价': '惊喜特价'}, {'推荐': '特惠快车'}]","[{'快速': '曹操出行'}, {'快速': '出租车'}, {'推荐': '特惠快车'}]","[{'快速': '曹操出行'}, {'快速': '出租车'}, {'推荐': '特惠快车'}]",1.483748197555542
晚上9点到南京南站，选特价拼车、特惠快车或曹操出行。,"[{'经济型': '中交出行'}, {'出租车': 'undefined'}, {'轻享专车': 'undefined'}, {'经济型': '东潮出行'}, {'经济型': '如祺出行'}, {'优享型': '飞嘀打车'}, {'经济型': '365约车'}, {'': '极速拼车'}, {'优享型': '全民GO'}, {'经济型': '5U出行'}, {'优享型': 'T3出行'}, {'优享型': '阳光出行'}, {'优享型': '旗妙出行'}, {'品质专车': 'undefined'}, {'豪华型': 'undefined'}, {'经济型': '飞嘀打车'}, {'经济型': '享道出行'}, {'': '特惠快车'}, {'特快车': 'undefined'}, {'经济型': '阳光出行'}, {'优享型': '星徽出行'}, {'优享型': '妥妥E行'}, {'经济型': '旗妙出行'}, {'经济型': '首汽约车'}, {'优享型': '及时用车'}, {'六座商务': 'undefined'}, {'优享型': '火箭出行'}, {'经济型': '北京的士'}]",[{'': '特惠快车'}],[{'': '特惠快车'}],0.6856791973114014
打车去小店区，商务车90内,"[{'经济型': '中交出行'}, {'经济型': '900出行'}, {'出租车': 'undefined'}, {'轻享专车': 'undefined'}, {'经济型': '东潮出行'}, {'经济型': '北京新出租'}, {'经济型': '如祺出行'}, {'优享型': '飞嘀打车'}, {'经济型': '神州专车'}, {'经济型': 'AA出行'}, {'': '极速拼车'}, {'经济型': '5U出行'}, {'优享型': '环旅出行'}, {'经济型': '曹操出行'}, {'优享型': '旗妙出行'}, {'品质专车': 'undefined'}, {'豪华型': 'undefined'}, {'经济型': '飞嘀打车'}, {'经济型': '享道出行'}, {'优享型': '风韵出行'}, {'优享型': '腾飞出行'}, {'': '特惠快车'}, {'经济型': '全民GO'}, {'经济型': '聚的新出租'}, {'特快车': 'undefined'}, {'经济型': '阳光出行'}, {'经济型': '旗妙出行'}, {'优享型': '东潮出行'}, {'优享型': '中交出行'}, {'经济型': '深圳出租'}, {'经济型': '腾飞出行'}, {'优享型': '及时用车'}, {'六座商务': 'undefined'}, {'优享型': '火箭出行'}, {'经济型': '星徽出行'}, {'优享型': 'AA出行'}]",[{'六座商务': 'undefined'}],[{'六座商务': 'undefined'}],0.6928839683532715
打车去固原，选拼车。,"[{'六座': '六座专车'}, {'快速': '滴滴特快'}, {'推荐': '滴滴特快'}, {'拼车': '特价拼车'}, {'拼车': '极速拼车'}, {'舒适': '滴滴专车'}, {'推荐': '花小猪正价版'}, {'推荐': '特惠快车'}, {'快速': '曹操出行'}, {'快速': '出租车'}, {'特价': '特惠快车'}, {'推荐': '滴滴快车'}, {'特价': '花小猪外接版'}, {'快速': '滴滴轻享'}, {'特价': '惊喜特价'}, {'推荐': '特快出租车'}]","[{'拼车': '特价拼车'}, {'拼车': '极速拼车'}]","[{'拼车': '特价拼车'}, {'拼车': '极速拼车'}]",1.255784034729004
从南宁青秀山到吴圩机场，查下特惠快车、特价拼车和惊喜特价有没有车。,"[{'六座': '六座专车'}, {'快速': '滴滴特快'}, {'拼车': '特价拼车'}, {'舒适': '滴滴专车'}, {'推荐': '花小猪正价版'}, {'推荐': '特惠快车'}, {'快速': '曹操出行'}, {'快速': '出租车'}, {'推荐': '滴滴快车'}, {'特价': '花小猪外接版'}, {'快速': '滴滴轻享'}, {'特价': '惊喜特价'}, {'推荐': '特快出租车'}]","[{'拼车': '特价拼车'}, {'推荐': '特惠快车'}, {'特价': '惊喜特价'}]","[{'拼车': '特价拼车'}, {'推荐': '特惠快车'}, {'特价': '惊喜特价'}]",1.6564569473266602
从滇池到长水机场，要滴滴专车。,"[{'六座': '六座专车'}, {'拼车': '极速拼车'}, {'拼车': '特价拼车'}, {'舒适': '滴滴专车'}, {'推荐': '花小猪正价版'}, {'快速': '曹操出行'}, {'快速': '出租车'}, {'推荐': '滴滴快车'}, {'特价': '花小猪外接版'}, {'舒适': '滴滴豪华车'}, {'快速': '滴滴轻享'}, {'特价': '惊喜特价'}, {'推荐': '特惠快车'}]","[{'六座': '六座专车'}, {'舒适': '滴滴专车'}]","[{'六座': '六座专车'}, {'舒适': '滴滴专车'}]",1.2432613372802734
从深圳湾公园用滴滴叫个特惠快车到宝安机场，费用不超过80元。,"[{'六座': '六座专车'}, {'快速': '滴滴特快'}, {'拼车': '特价拼车'}, {'舒适': '滴滴专车'}, {'推荐': '花小猪正价版'}, {'快速': '曹操出行'}, {'快速': '出租车'}, {'推荐': '滴滴快车'}, {'特价': '花小猪外接版'}, {'快速': '滴滴轻享'}, {'特价': '惊喜特价'}, {'推荐': '特惠快车'}]",[{'推荐': '特惠快车'}],[{'推荐': '特惠快车'}],0.7107446193695068
用特惠快车或特价拼车去咸阳国际机场，1小时内到达，费用不超过30元。,"[{'六座': '六座专车'}, {'快速': '滴滴特快'}, {'六座': '六座豪华车'}, {'拼车': '特价拼车'}, {'舒适': '滴滴专车'}, {'推荐': '花小猪正价版'}, {'快速': '曹操出行'}, {'快速': '出租车'}, {'推荐': '滴滴快车'}, {'特价': '花小猪外接版'}, {'快速': '滴滴轻享'}, {'特价': '惊喜特价'}, {'推荐': '特惠快车'}]","[{'拼车': '特价拼车'}, {'推荐': '特惠快车'}]","[{'拼车': '特价拼车'}, {'推荐': '特惠快车'}]",1.2377395629882812
打车去虹桥机场，勾选所有车型。,"[{'快速': '滴滴特快'}, {'快速': '滴滴优享'}, {'特价': '花小猪外接版'}, {'特价': '惊喜特价'}, {'推荐': '特快出租车'}, {'六座': '六座豪华车'}, {'快速': '长沙新出租'}, {'推荐': '滴滴特快'}, {'快速': '出租车'}, {'快速': '滴滴轻享'}, {'拼车': '极速拼车'}, {'推荐': '花小猪正价版'}, {'快速': '滴滴快车'}, {'快速': '方舟行'}, {'舒适': '滴滴专车'}, {'六座': '六座专车'}, {'快速': '武汉新出租'}, {'拼车': '特价拼车'}, {'快速': '宽敞好车'}, {'快速': '曹操出行'}, {'推荐': '滴滴快车'}, {'舒适': '滴滴豪华车'}, {'推荐': '特惠快车'}]",[{'all': 'all'}],[{'all': 'all'}],0.5587091445922852
打车到南京科技馆，勾选曹操出行、特惠快车或拼车，3分钟内上车。,"[{'六座': '六座专车'}, {'快速': '滴滴特快'}, {'拼车': '特价拼车'}, {'舒适': '滴滴专车'}, {'推荐': '花小猪正价版'}, {'推荐': '特惠快车'}, {'快速': '曹操出行'}, {'快速': '出租车'}, {'推荐': '滴滴快车'}, {'特价': '花小猪外接版'}, {'舒适': '滴滴豪华车'}, {'快速': '滴滴轻享'}, {'推荐': '特快出租车'}]","[{'拼车': '特价拼车'}, {'推荐': '特惠快车'}, {'快速': '曹操出行'}]","[{'拼车': '特价拼车'}, {'推荐': '特惠快车'}, {'快速': '曹操出行'}]",1.651608943939209
打个极速拼车去阅江楼景区东门，25块左右能走吗？,"[{'六座': '六座专车'}, {'拼车': '特价拼车'}, {'舒适': '滴滴专车'}, {'推荐': '花小猪正价版'}, {'快速': '曹操出行'}, {'快速': '出租车'}, {'推荐': '滴滴快车'}, {'特价': '花小猪外接版'}, {'舒适': '滴滴豪华车'}, {'快速': '滴滴轻享'}, {'推荐': '特惠快车'}]",[],[],0.1228322982788086
从中山路步行街到高崎机场，要特惠快车加特价拼车，优先派车。,"[{'六座': '六座专车'}, {'拼车': '极速拼车'}, {'拼车': '特价拼车'}, {'舒适': '滴滴专车'}, {'推荐': '花小猪正价版'}, {'快速': '曹操出行'}, {'快速': '出租车'}, {'推荐': '滴滴快车'}, {'特价': '花小猪外接版'}, {'舒适': '滴滴豪华车'}, {'快速': '滴滴轻享'}, {'推荐': '特惠快车'}]","[{'拼车': '特价拼车'}, {'推荐': '特惠快车'}]","[{'拼车': '特价拼车'}, {'推荐': '特惠快车'}]",1.2400107383728027
叫个曹操出行回家，不能超60。,"[{'六座': '六座专车'}, {'拼车': '特价拼车'}, {'舒适': '滴滴专车'}, {'推荐': '花小猪正价版'}, {'推荐': '特惠快车'}, {'快速': '曹操出行'}, {'快速': '出租车'}, {'推荐': '滴滴快车'}, {'特价': '花小猪外接版'}, {'舒适': '滴滴豪华车'}, {'快速': '滴滴轻享'}, {'特价': '惊喜特价'}, {'推荐': '特快出租车'}]",[{'快速': '曹操出行'}],[{'快速': '曹操出行'}],0.5940258502960205
预约周日7点出发，勾选特惠快车、曹操出行或拼车。,"[{'六座': '六座专车'}, {'快速': '滴滴特快'}, {'六座': '六座豪华车'}, {'拼车': '特价拼车'}, {'舒适': '滴滴专车'}, {'推荐': '花小猪正价版'}, {'快速': '曹操出行'}, {'快速': '出租车'}, {'特价': '特惠快车'}, {'推荐': '滴滴快车'}, {'特价': '花小猪外接版'}, {'舒适': '滴滴豪华车'}, {'快速': '滴滴轻享'}, {'特价': '惊喜特价'}, {'推荐': '特惠快车'}]","[{'拼车': '特价拼车'}, {'快速': '曹操出行'}, {'特价': '特惠快车'}, {'推荐': '特惠快车'}]","[{'拼车': '特价拼车'}, {'快速': '曹操出行'}, {'特价': '特惠快车'}, {'推荐': '特惠快车'}]",2.1932284832000732
打辆滴滴专车去参加朋友聚会。,"[{'六座': '六座专车'}, {'快速': '滴滴特快'}, {'六座': '六座豪华车'}, {'拼车': '极速拼车'}, {'拼车': '特价拼车'}, {'舒适': '滴滴专车'}, {'推荐': '花小猪正价版'}, {'快速': '曹操出行'}, {'快速': '出租车'}, {'快速': '滴滴优享'}, {'特价': '花小猪外接版'}, {'舒适': '滴滴豪华车'}, {'快速': '滴滴轻享'}, {'特价': '惊喜特价'}, {'推荐': '特惠快车'}]","[{'六座': '六座专车'}, {'舒适': '滴滴专车'}]","[{'六座': '六座专车'}, {'舒适': '滴滴专车'}]",1.2489774227142334
打特价拼车去福田，不能超30,"[{'优享型': 'AA出行'}, {'出租车': 'undefined'}, {'轻享专车': 'undefined'}, {'经济型': '东潮出行'}, {'经济型': '如祺出行'}, {'优享型': '飞嘀打车'}, {'经济型': '神州专车'}, {'优享型': '斑马快跑'}, {'经济型': '妥妥E行'}, {'经济型': '及时用车'}, {'经济型': 'AA出行'}, {'优享型': '全民GO'}, {'': '极速拼车'}, {'优享型': '环旅出行'}, {'经济型': '曹操出行'}, {'优享型': '旗妙出行'}, {'品质专车': 'undefined'}, {'豪华型': 'undefined'}, {'优享型': '风韵出行'}, {'': '特惠快车'}, {'经济型': '全民GO'}, {'特快车': 'undefined'}, {'经济型': '阳光出行'}, {'优享型': '星徽出行'}, {'优享型': '妥妥E行'}, {'经济型': '旗妙出行'}, {'优享型': '东潮出行'}, {'优享型': '中交出行'}, {'优享型': '神州专车'}, {'经济型': '腾飞出行'}, {'六座商务': 'undefined'}, {'优享型': '火箭出行'}, {'经济型': '北京的士'}, {'经济型': '有序出行'}]",[{'': '极速拼车'}],[{'': '极速拼车'}],0.6501288414001465
约个特惠快车或曹操出行去万象城，控制在50元以内。,"[{'六座': '六座专车'}, {'快速': '滴滴特快'}, {'六座': '六座豪华车'}, {'拼车': '特价拼车'}, {'舒适': '滴滴专车'}, {'推荐': '花小猪正价版'}, {'快速': '曹操出行'}, {'快速': '出租车'}, {'推荐': '滴滴快车'}, {'特价': '花小猪外接版'}, {'快速': '滴滴轻享'}, {'特价': '惊喜特价'}, {'推荐': '特惠快车'}]","[{'快速': '曹操出行'}, {'推荐': '特惠快车'}]","[{'快速': '曹操出行'}, {'推荐': '特惠快车'}]",1.1273829936981201
到禄口机场拼车，100以内。,"[{'经济型': '中交出行'}, {'经济型': '900出行'}, {'出租车': 'undefined'}, {'优享型': '曹操出行'}, {'轻享专车': 'undefined'}, {'经济型': '东潮出行'}, {'优享型': '飞嘀打车'}, {'经济型': '神州专车'}, {'优享型': '全民GO'}, {'': '极速拼车'}, {'优享型': 'T3出行'}, {'经济型': '5U出行'}, {'优享型': '阳光出行'}, {'优享型': '环旅出行'}, {'品质专车': 'undefined'}, {'豪华型': 'undefined'}, {'经济型': '飞嘀打车'}, {'经济型': '享道出行'}, {'优享型': '腾飞出行'}, {'': '特惠快车'}, {'经济型': '全民GO'}, {'经济型': '聚的新出租'}, {'经济型': 'T3出行'}, {'特快车': 'undefined'}, {'优享型': '星徽出行'}, {'经济型': '旗妙出行'}, {'经济型': '深圳出租'}, {'经济型': '腾飞出行'}, {'优享型': '及时用车'}, {'六座商务': 'undefined'}, {'经济型': '北京的士'}, {'经济型': '妥妥E行'}]",[{'': '极速拼车'}],[{'': '极速拼车'}],0.6337292194366455
叫特价拼车和曹操出行去高铁站，总费用不超过100元。,"[{'六座': '六座专车'}, {'拼车': '特价拼车'}, {'舒适': '滴滴专车'}, {'推荐': '花小猪正价版'}, {'快速': '曹操出行'}, {'快速': '出租车'}, {'推荐': '滴滴快车'}, {'特价': '花小猪外接版'}, {'舒适': '滴滴豪华车'}, {'快速': '滴滴轻享'}, {'特价': '惊喜特价'}, {'推荐': '特惠快车'}]","[{'拼车': '特价拼车'}, {'快速': '曹操出行'}]","[{'拼车': '特价拼车'}, {'快速': '曹操出行'}]",1.1260619163513184
从七里河到临夏州，80内拼车,"[{'六座': '六座专车'}, {'快速': '滴滴特快'}, {'拼车': '特价拼车'}, {'舒适': '滴滴专车'}, {'推荐': '花小猪正价版'}, {'推荐': '特惠快车'}, {'快速': '曹操出行'}, {'快速': '出租车'}, {'推荐': '滴滴快车'}, {'特价': '花小猪外接版'}, {'舒适': '滴滴豪华车'}, {'快速': '滴滴轻享'}, {'特价': '惊喜特价'}, {'推荐': '特快出租车'}]",[{'拼车': '特价拼车'}],[{'拼车': '特价拼车'}],0.7147109508514404
预约特价拼车和花小猪外接版到滨海新区，总价不超过60元。,"[{'六座': '六座专车'}, {'快速': '滴滴特快'}, {'六座': '六座豪华车'}, {'拼车': '特价拼车'}, {'舒适': '滴滴专车'}, {'推荐': '花小猪正价版'}, {'快速': '曹操出行'}, {'快速': '出租车'}, {'特价': '花小猪外接版'}, {'快速': '滴滴轻享'}, {'特价': '惊喜特价'}, {'推荐': '特惠快车'}]","[{'拼车': '特价拼车'}, {'特价': '花小猪外接版'}]","[{'拼车': '特价拼车'}, {'特价': '花小猪外接版'}]",1.3702571392059326
从武汉黄鹤楼打车到天河机场，用高德或者滴滴都可以。,"[{'经济型': '中交出行'}, {'经济型': '900出行'}, {'出租车': 'undefined'}, {'轻享专车': 'undefined'}, {'经济型': '东潮出行'}, {'经济型': '北京新出租'}, {'优享型': '飞嘀打车'}, {'经济型': 'AA出行'}, {'经济型': '及时用车'}, {'优享型': '全民GO'}, {'': '极速拼车'}, {'经济型': '有序出行'}, {'经济型': '5U出行'}, {'优享型': '阳光出行'}, {'经济型': '曹操出行'}, {'豪华型': 'undefined'}, {'经济型': '飞嘀打车'}, {'经济型': '享道出行'}, {'优享型': '风韵出行'}, {'': '特惠快车'}, {'特快车': 'undefined'}, {'优享型': '首汽约车'}, {'经济型': '中军出行'}, {'优享型': '妥妥E行'}, {'优享型': '东潮出行'}, {'优享型': '中交出行'}, {'优享型': '神州专车'}, {'经济型': '深圳出租'}, {'六座商务': 'undefined'}, {'优享型': '火箭出行'}, {'经济型': '星徽出行'}, {'品质专车': 'undefined'}, {'经济型': '妥妥E行'}]",[],[],0.15375947952270508
用滴滴叫辆专车从天津之眼到北京南站。,"[{'六座': '六座专车'}, {'快速': '滴滴特快'}, {'拼车': '特价拼车'}, {'舒适': '滴滴专车'}, {'推荐': '花小猪正价版'}, {'推荐': '特惠快车'}, {'快速': '曹操出行'}, {'快速': '出租车'}, {'推荐': '滴滴快车'}, {'特价': '花小猪外接版'}, {'舒适': '滴滴豪华车'}, {'快速': '滴滴轻享'}, {'特价': '惊喜特价'}, {'推荐': '特快出租车'}]","[{'六座': '六座专车'}, {'舒适': '滴滴专车'}]","[{'六座': '六座专车'}, {'舒适': '滴滴专车'}]",1.24859619140625
预约一辆滴滴专车从陆家嘴到浦东机场，要求安静平稳。,"[{'六座': '六座专车'}, {'快速': '滴滴特快'}, {'六座': '六座豪华车'}, {'拼车': '特价拼车'}, {'拼车': '极速拼车'}, {'舒适': '滴滴专车'}, {'推荐': '花小猪正价版'}, {'推荐': '特惠快车'}, {'快速': '曹操出行'}, {'快速': '出租车'}, {'推荐': '滴滴快车'}, {'特价': '花小猪外接版'}, {'舒适': '滴滴豪华车'}, {'快速': '滴滴轻享'}, {'特价': '惊喜特价'}, {'推荐': '特快出租车'}]","[{'六座': '六座专车'}, {'舒适': '滴滴专车'}]","[{'六座': '六座专车'}, {'舒适': '滴滴专车'}]",1.260211706161499
叫辆惊喜特价去鼓楼医院，两人不拼车，按导航走。,"[{'六座': '六座专车'}, {'六座': '六座豪华车'}, {'拼车': '极速拼车'}, {'拼车': '特价拼车'}, {'舒适': '滴滴专车'}, {'推荐': '花小猪正价版'}, {'快速': '曹操出行'}, {'快速': '出租车'}, {'推荐': '滴滴快车'}, {'特价': '花小猪外接版'}, {'快速': '滴滴轻享'}, {'特价': '惊喜特价'}, {'推荐': '特惠快车'}]",[{'特价': '惊喜特价'}],[{'特价': '惊喜特价'}],0.5916821956634521
从南宁青秀山到吴圩机场，约一辆滴滴专车，车内宽敞可以休息。,"[{'六座': '六座专车'}, {'快速': '滴滴特快'}, {'推荐': '滴滴特快'}, {'拼车': '特价拼车'}, {'拼车': '极速拼车'}, {'舒适': '滴滴专车'}, {'推荐': '花小猪正价版'}, {'推荐': '特惠快车'}, {'快速': '曹操出行'}, {'快速': '出租车'}, {'推荐': '滴滴快车'}, {'特价': '花小猪外接版'}, {'快速': '滴滴轻享'}, {'特价': '惊喜特价'}, {'推荐': '特快出租车'}]","[{'六座': '六座专车'}, {'舒适': '滴滴专车'}]","[{'六座': '六座专车'}, {'舒适': '滴滴专车'}]",1.235051155090332
拼车去玄武湖，选特惠快车、极速拼车或鞍马聚的。,"[{'优享型': 'AA出行'}, {'出租车': 'undefined'}, {'经济型': '900出行'}, {'优享型': '曹操出行'}, {'轻享专车': 'undefined'}, {'经济型': '东潮出行'}, {'经济型': '如祺出行'}, {'经济型': '神州专车'}, {'优享型': '斑马快跑'}, {'优享型': '享道出行'}, {'经济型': 'AA出行'}, {'经济型': '365约车'}, {'': '极速拼车'}, {'优享型': '全民GO'}, {'经济型': '5U出行'}, {'优享型': '阳光出行'}, {'品质专车': 'undefined'}, {'豪华型': 'undefined'}, {'经济型': '斑马快跑'}, {'经济型': '飞嘀打车'}, {'优享型': '风韵出行'}, {'优享型': '腾飞出行'}, {'': '特惠快车'}, {'特快车': 'undefined'}, {'经济型': 'T3出行'}, {'经济型': '阳光出行'}, {'优享型': '星徽出行'}, {'经济型': '中军出行'}, {'优享型': '妥妥E行'}, {'优享型': '东潮出行'}, {'优享型': '神州专车'}, {'经济型': '深圳出租'}, {'经济型': '腾飞出行'}, {'六座商务': 'undefined'}, {'优享型': '火箭出行'}, {'经济型': '星徽出行'}, {'经济型': '北京的士'}, {'经济型': '妥妥E行'}]","[{'': '极速拼车'}, {'': '特惠快车'}]","[{'': '极速拼车'}, {'': '特惠快车'}]",1.0972418785095215
预约惊喜特价21点准时从公司出发，选择最优路线回家。,"[{'六座': '六座专车'}, {'快速': '滴滴特快'}, {'拼车': '特价拼车'}, {'舒适': '滴滴专车'}, {'推荐': '花小猪正价版'}, {'快速': '曹操出行'}, {'快速': '出租车'}, {'推荐': '滴滴快车'}, {'特价': '花小猪外接版'}, {'舒适': '滴滴豪华车'}, {'快速': '滴滴轻享'}, {'特价': '惊喜特价'}, {'推荐': '特惠快车'}]",[{'特价': '惊喜特价'}],[{'特价': '惊喜特价'}],0.5928914546966553
打车去钟楼，允许所有价位车型,"[{'快速': '滴滴特快'}, {'推荐': '宽敞好车'}, {'快速': '滴滴优享'}, {'特价': '花小猪外接版'}, {'六座': '六座豪华车'}, {'推荐': '特快出租车'}, {'推荐': '滴滴特快'}, {'快速': '出租车'}, {'快速': '滴滴轻享'}, {'拼车': '滴滴小巴'}, {'拼车': '极速拼车'}, {'推荐': '花小猪正价版'}, {'快速': '滴滴快车'}, {'快速': '方舟行'}, {'舒适': '滴滴专车'}, {'六座': '六座专车'}, {'拼车': '特价拼车'}, {'快速': '宽敞好车'}, {'快速': '曹操出行'}, {'推荐': '滴滴快车'}, {'舒适': '滴滴豪华车'}, {'推荐': '特惠快车'}]",[{'all': 'all'}],[{'all': 'all'}],0.5517518520355225
去红山地铁站，不要超过20块,"[{'经济型': '中交出行'}, {'经济型': '900出行'}, {'出租车': 'undefined'}, {'优享型': '曹操出行'}, {'轻享专车': 'undefined'}, {'经济型': '北京新出租'}, {'经济型': '如祺出行'}, {'经济型': '神州专车'}, {'优享型': '斑马快跑'}, {'经济型': '及时用车'}, {'经济型': 'AA出行'}, {'经济型': '365约车'}, {'': '极速拼车'}, {'经济型': '5U出行'}, {'优享型': '阳光出行'}, {'经济型': '曹操出行'}, {'优享型': '旗妙出行'}, {'品质专车': 'undefined'}, {'豪华型': 'undefined'}, {'经济型': '飞嘀打车'}, {'优享型': '风韵出行'}, {'': '特惠快车'}, {'经济型': '全民GO'}, {'特快车': 'undefined'}, {'优享型': '首汽约车'}, {'经济型': '阳光出行'}, {'优享型': '星徽出行'}, {'经济型': '旗妙出行'}, {'优享型': '中交出行'}, {'优享型': '神州专车'}, {'经济型': '深圳出租'}, {'优享型': '及时用车'}, {'六座商务': 'undefined'}, {'优享型': '火箭出行'}, {'优享型': 'AA出行'}]",[],[],0.15789175033569336
打车去南京一院，特惠快车、拼车或曹操出行。,"[{'六座': '六座专车'}, {'快速': '滴滴特快'}, {'六座': '六座豪华车'}, {'拼车': '极速拼车'}, {'拼车': '特价拼车'}, {'舒适': '滴滴专车'}, {'推荐': '花小猪正价版'}, {'快速': '曹操出行'}, {'快速': '出租车'}, {'推荐': '滴滴快车'}, {'特价': '花小猪外接版'}, {'快速': '滴滴轻享'}, {'特价': '惊喜特价'}, {'推荐': '特惠快车'}]","[{'拼车': '极速拼车'}, {'拼车': '特价拼车'}, {'快速': '曹操出行'}, {'推荐': '特惠快车'}]","[{'拼车': '极速拼车'}, {'拼车': '特价拼车'}, {'快速': '曹操出行'}, {'推荐': '特惠快车'}]",2.1665799617767334
从黄鹤楼到天河机场，预约滴滴豪华车。,"[{'六座': '六座专车'}, {'快速': '滴滴特快'}, {'六座': '六座豪华车'}, {'拼车': '特价拼车'}, {'舒适': '滴滴专车'}, {'推荐': '花小猪正价版'}, {'推荐': '特惠快车'}, {'快速': '曹操出行'}, {'快速': '出租车'}, {'推荐': '滴滴快车'}, {'特价': '花小猪外接版'}, {'快速': '滴滴轻享'}, {'特价': '惊喜特价'}, {'推荐': '特快出租车'}]",[{'六座': '六座豪华车'}],[{'六座': '六座豪华车'}],0.7699096202850342
从星海广场到周水子机场，查下特惠快车、特价拼车和曹操出行哪个更省钱。,"[{'六座': '六座专车'}, {'快速': '滴滴特快'}, {'拼车': '极速拼车'}, {'拼车': '特价拼车'}, {'舒适': '滴滴专车'}, {'推荐': '花小猪正价版'}, {'快速': '曹操出行'}, {'快速': '出租车'}, {'快速': '滴滴优享'}, {'特价': '花小猪外接版'}, {'舒适': '滴滴豪华车'}, {'快速': '滴滴轻享'}, {'特价': '惊喜特价'}, {'推荐': '特惠快车'}]","[{'拼车': '特价拼车'}, {'快速': '曹操出行'}, {'推荐': '特惠快车'}]","[{'拼车': '特价拼车'}, {'快速': '曹操出行'}, {'推荐': '特惠快车'}]",1.6693544387817383
打个特价拼车或特惠快车去正定机场，费用不超过60元。,"[{'六座': '六座专车'}, {'六座': '六座豪华车'}, {'拼车': '特价拼车'}, {'拼车': '极速拼车'}, {'舒适': '滴滴专车'}, {'推荐': '花小猪正价版'}, {'推荐': '特惠快车'}, {'快速': '曹操出行'}, {'快速': '出租车'}, {'推荐': '滴滴快车'}, {'特价': '花小猪外接版'}, {'快速': '滴滴轻享'}, {'特价': '惊喜特价'}, {'推荐': '特快出租车'}]","[{'拼车': '特价拼车'}, {'推荐': '特惠快车'}]","[{'拼车': '特价拼车'}, {'推荐': '特惠快车'}]",1.247596263885498
预约一辆滴滴专车从长沙橘子洲头到黄花国际机场，要车内安静且车龄三年内。,"[{'六座': '六座专车'}, {'快速': '滴滴特快'}, {'拼车': '特价拼车'}, {'舒适': '滴滴专车'}, {'推荐': '花小猪正价版'}, {'快速': '曹操出行'}, {'快速': '出租车'}, {'推荐': '滴滴快车'}, {'特价': '花小猪外接版'}, {'舒适': '滴滴豪华车'}, {'快速': '滴滴轻享'}, {'六座': '六座豪华车'}, {'推荐': '特惠快车'}]","[{'六座': '六座专车'}, {'舒适': '滴滴专车'}]",[],1.2398097515106201
用特惠快车或特价拼车去最近的万达广场，预算30元以内。,"[{'六座': '六座专车'}, {'快速': '滴滴特快'}, {'拼车': '特价拼车'}, {'舒适': '滴滴专车'}, {'推荐': '花小猪正价版'}, {'快速': '曹操出行'}, {'快速': '出租车'}, {'特价': '特惠快车'}, {'快速': '滴滴优享'}, {'特价': '花小猪外接版'}, {'快速': '滴滴轻享'}, {'特价': '惊喜特价'}, {'推荐': '特惠快车'}]","[{'拼车': '特价拼车'}, {'特价': '特惠快车'}, {'推荐': '特惠快车'}]","[{'拼车': '特价拼车'}, {'特价': '特惠快车'}, {'推荐': '特惠快车'}]",1.7681784629821777
用特惠快车或特价拼车去双流机场，费用控制在60元以内。,"[{'六座': '六座专车'}, {'快速': '滴滴特快'}, {'六座': '六座豪华车'}, {'拼车': '特价拼车'}, {'舒适': '滴滴专车'}, {'推荐': '花小猪正价版'}, {'快速': '曹操出行'}, {'快速': '出租车'}, {'特价': '特惠快车'}, {'快速': '滴滴优享'}, {'特价': '花小猪外接版'}, {'舒适': '滴滴豪华车'}, {'快速': '滴滴轻享'}, {'特价': '惊喜特价'}, {'推荐': '特惠快车'}]","[{'拼车': '特价拼车'}, {'特价': '特惠快车'}, {'推荐': '特惠快车'}]","[{'拼车': '特价拼车'}, {'特价': '特惠快车'}, {'推荐': '特惠快车'}]",1.7626533508300781
打车去三里屯，允许所有类型的车型。,"[{'六座': '六座专车'}, {'快速': '滴滴特快'}, {'快速': '方舟行'}, {'拼车': '特价拼车'}, {'快速': '宽敞好车'}, {'舒适': '滴滴专车'}, {'推荐': '花小猪正价版'}, {'推荐': '特惠快车'}, {'快速': '曹操出行'}, {'快速': '出租车'}, {'快速': '滴滴优享'}, {'快速': '滴滴快车'}, {'推荐': '滴滴快车'}, {'特价': '花小猪外接版'}, {'舒适': '滴滴豪华车'}, {'快速': '滴滴轻享'}, {'特价': '惊喜特价'}, {'推荐': '特快出租车'}]",[{'all': 'all'}],[{'all': 'all'}],0.5424098968505859
从宁波天一阁到东钱湖景区，选特价拼车。,"[{'六座': '六座专车'}, {'快速': '滴滴特快'}, {'六座': '六座豪华车'}, {'拼车': '特价拼车'}, {'舒适': '滴滴专车'}, {'推荐': '花小猪正价版'}, {'快速': '曹操出行'}, {'快速': '出租车'}, {'特价': '特惠快车'}, {'快速': '滴滴优享'}, {'推荐': '滴滴快车'}, {'特价': '花小猪外接版'}, {'快速': '滴滴轻享'}, {'特价': '惊喜特价'}, {'推荐': '特惠快车'}]",[{'拼车': '特价拼车'}],[{'拼车': '特价拼车'}],0.7108397483825684
找个可以舒适出发车去二七纪念堂。,"[{'经济型': '橄榄新出租'}, {'优享型': '优e出行特选'}, {'经济型': '北京新出租'}, {'经济型': '如祺出行'}, {'优享型': '飞嘀打车'}, {'经济型': '神州专车'}, {'优享型': '享道出行'}, {'豪华型': '车型高端 服务专业'}, {'经济型': '365约车'}, {'': '极速拼车'}, {'优享型': '全民GO'}, {'品质专车': '静音不打扰 整洁无异味'}, {'经济型': '添猫出行'}, {'经济型': '曹操出行'}, {'优享型': '旗妙出行'}, {'豪华型': 'undefined'}, {'经济型': '飞嘀打车'}, {'快速出发': '无'}, {'轻享专车': '静音不打扰 整洁无异味'}, {'推荐': '推荐专车'}, {'优享型': '风韵出行'}, {'经济型': '旅程出租'}, {'优享型': '腾飞出行'}, {'出租车': '车多应答快'}, {'惠享专车': '添猫出行'}, {'惠享专车': '曹操出行'}, {'': '特惠快车'}, {'特快车': '超值体验 更快上车'}, {'经济型': '中军出行'}, {'优享型': '东潮出行'}, {'优享型': '中交出行'}, {'经济': '首汽约车'}, {'经济型': '腾飞出行'}, {'经济型': '首汽约车'}, {'六座商务': '宽敞空间 商务体验'}, {'优享型': '及时用车'}, {'经济型': '奇华出行'}, {'拼车': '特惠快车'}, {'经济型': '星徽出行'}, {'特价出发': '更多特价'}, {'推荐': '特惠快车'}]",[],[],0.16390585899353027
打车去明基医院，勾选特惠快车、特价拼车。,"[{'六座': '六座专车'}, {'快速': '滴滴特快'}, {'六座': '六座豪华车'}, {'拼车': '特价拼车'}, {'舒适': '滴滴专车'}, {'推荐': '花小猪正价版'}, {'推荐': '特惠快车'}, {'快速': '曹操出行'}, {'快速': '出租车'}, {'推荐': '滴滴快车'}, {'特价': '花小猪外接版'}, {'快速': '滴滴轻享'}, {'特价': '惊喜特价'}, {'推荐': '特快出租车'}]","[{'拼车': '特价拼车'}, {'推荐': '特惠快车'}]","[{'拼车': '特价拼车'}, {'推荐': '特惠快车'}]",1.2417187690734863
用滴滴专车从深圳湾体育中心到宝安机场，费用不超过120元。,"[{'六座': '六座专车'}, {'快速': '滴滴特快'}, {'拼车': '特价拼车'}, {'舒适': '滴滴专车'}, {'推荐': '花小猪正价版'}, {'推荐': '特惠快车'}, {'快速': '曹操出行'}, {'快速': '出租车'}, {'推荐': '滴滴快车'}, {'特价': '花小猪外接版'}, {'舒适': '滴滴豪华车'}, {'快速': '滴滴轻享'}, {'推荐': '特快出租车'}]","[{'六座': '六座专车'}, {'舒适': '滴滴专车'}]","[{'六座': '六座专车'}, {'舒适': '滴滴专车'}]",1.264317274093628
用滴滴专车从星海广场到周水子机场，要车内环境安静整洁的。,"[{'六座': '六座专车'}, {'六座': '六座豪华车'}, {'拼车': '特价拼车'}, {'拼车': '极速拼车'}, {'舒适': '滴滴专车'}, {'推荐': '花小猪正价版'}, {'推荐': '特惠快车'}, {'快速': '曹操出行'}, {'快速': '出租车'}, {'推荐': '滴滴快车'}, {'特价': '花小猪外接版'}, {'舒适': '滴滴豪华车'}, {'快速': '滴滴轻享'}, {'特价': '惊喜特价'}, {'推荐': '特快出租车'}]","[{'六座': '六座专车'}, {'舒适': '滴滴专车'}]",[{'舒适': '滴滴专车'}],1.2593481540679932
打车到青铜峡，拼车80内。,"[{'六座': '六座专车'}, {'快速': '滴滴特快'}, {'拼车': '特价拼车'}, {'舒适': '滴滴专车'}, {'推荐': '花小猪正价版'}, {'快速': '曹操出行'}, {'快速': '出租车'}, {'推荐': '滴滴快车'}, {'特价': '花小猪外接版'}, {'快速': '滴滴轻享'}, {'特价': '惊喜特价'}, {'推荐': '特惠快车'}]",[{'拼车': '特价拼车'}],[{'拼车': '特价拼车'}],0.7190587520599365
打车去红山地铁站，不能选拼车,"[{'六座': '六座专车'}, {'快速': '滴滴特快'}, {'拼车': '特价拼车'}, {'舒适': '滴滴专车'}, {'推荐': '花小猪正价版'}, {'推荐': '特惠快车'}, {'快速': '曹操出行'}, {'快速': '出租车'}, {'快速': '滴滴优享'}, {'推荐': '滴滴快车'}, {'特价': '花小猪外接版'}, {'舒适': '滴滴豪华车'}, {'快速': '滴滴轻享'}, {'推荐': '特快出租车'}]","[{'六座': '六座专车'}, {'快速': '滴滴特快'}, {'舒适': '滴滴专车'}, {'推荐': '花小猪正价版'}, {'推荐': '特惠快车'}, {'快速': '曹操出行'}, {'快速': '出租车'}, {'快速': '滴滴优享'}, {'推荐': '滴滴快车'}, {'特价': '花小猪外接版'}, {'舒适': '滴滴豪华车'}, {'快速': '滴滴轻享'}, {'推荐': '特快出租车'}]","[{'六座': '六座专车'}, {'快速': '滴滴特快'}, {'舒适': '滴滴专车'}, {'推荐': '花小猪正价版'}, {'推荐': '特惠快车'}, {'快速': '曹操出行'}, {'快速': '出租车'}, {'快速': '滴滴优享'}, {'推荐': '滴滴快车'}, {'特价': '花小猪外接版'}, {'舒适': '滴滴豪华车'}, {'快速': '滴滴轻享'}, {'推荐': '特快出租车'}]",6.614244699478149
去新城区，商务车出行。,"[{'出租车': 'undefined'}, {'经济型': '900出行'}, {'轻享专车': 'undefined'}, {'经济型': '东潮出行'}, {'优享型': '斑马快跑'}, {'优享型': '享道出行'}, {'经济型': '及时用车'}, {'优享型': '全民GO'}, {'': '极速拼车'}, {'优享型': 'T3出行'}, {'优享型': '环旅出行'}, {'经济型': '曹操出行'}, {'优享型': '旗妙出行'}, {'品质专车': 'undefined'}, {'豪华型': 'undefined'}, {'经济型': '斑马快跑'}, {'优享型': '风韵出行'}, {'': '特惠快车'}, {'经济型': '全民GO'}, {'经济型': '聚的新出租'}, {'经济型': 'T3出行'}, {'特快车': 'undefined'}, {'优享型': '首汽约车'}, {'优享型': '星徽出行'}, {'优享型': '妥妥E行'}, {'经济型': '旗妙出行'}, {'优享型': '东潮出行'}, {'优享型': '中交出行'}, {'优享型': '及时用车'}, {'六座商务': 'undefined'}, {'经济型': '北京的士'}, {'经济型': '有序出行'}]",[{'六座商务': 'undefined'}],[{'六座商务': 'undefined'}],0.6946132183074951
打个特价拼车去萧山机场，价格不超过80元。,"[{'六座': '六座专车'}, {'快速': '滴滴特快'}, {'六座': '六座豪华车'}, {'拼车': '极速拼车'}, {'拼车': '特价拼车'}, {'舒适': '滴滴专车'}, {'推荐': '花小猪正价版'}, {'快速': '曹操出行'}, {'快速': '出租车'}, {'推荐': '滴滴快车'}, {'特价': '花小猪外接版'}, {'舒适': '滴滴豪华车'}, {'快速': '滴滴轻享'}, {'特价': '惊喜特价'}, {'推荐': '特惠快车'}]",[{'拼车': '特价拼车'}],[{'拼车': '特价拼车'}],0.7345302104949951
从橘子洲头到黄花机场，叫个特快出租车，要快。,"[{'六座': '六座专车'}, {'快速': '滴滴特快'}, {'拼车': '特价拼车'}, {'舒适': '滴滴专车'}, {'推荐': '花小猪正价版'}, {'快速': '曹操出行'}, {'快速': '出租车'}, {'快速': '滴滴优享'}, {'推荐': '滴滴快车'}, {'特价': '花小猪外接版'}, {'快速': '滴滴轻享'}, {'特价': '惊喜特价'}, {'推荐': '特惠快车'}]",[{'快速': '出租车'}],[{'快速': '出租车'}],0.5409932136535645
从家附近的地铁站打车去市中心的万象城，预算50元以内。,"[{'六座': '六座专车'}, {'拼车': '特价拼车'}, {'拼车': '极速拼车'}, {'舒适': '滴滴专车'}, {'推荐': '花小猪正价版'}, {'推荐': '特惠快车'}, {'快速': '曹操出行'}, {'快速': '出租车'}, {'推荐': '滴滴快车'}, {'特价': '花小猪外接版'}, {'快速': '滴滴轻享'}, {'特价': '惊喜特价'}, {'推荐': '特快出租车'}]",[],[],0.12732791900634766
打车要特价拼车去森林公园，别超45块。,"[{'快速': '滴滴特快'}, {'推荐': '宽敞好车'}, {'快速': '滴滴优享'}, {'特价': '花小猪外接版'}, {'特价': '惊喜特价'}, {'推荐': '特快出租车'}, {'六座': '六座豪华车'}, {'快速': '长沙新出租'}, {'推荐': '滴滴特快'}, {'快速': '出租车'}, {'快速': '滴滴轻享'}, {'拼车': '极速拼车'}, {'推荐': '花小猪正价版'}, {'快速': '滴滴快车'}, {'快速': '方舟行'}, {'舒适': '滴滴专车'}, {'六座': '六座专车'}, {'快速': '武汉新出租'}, {'拼车': '特价拼车'}, {'快速': '宽敞好车'}, {'快速': '曹操出行'}, {'特价': '特惠快车'}, {'推荐': '滴滴快车'}, {'舒适': '滴滴豪华车'}, {'推荐': '特惠快车'}]",[{'拼车': '特价拼车'}],[],0.7354497909545898
西安钟楼到兵马俑景区，要一辆舒适点的专车，时间不要太赶。,"[{'六座': '六座专车'}, {'快速': '滴滴特快'}, {'拼车': '极速拼车'}, {'拼车': '特价拼车'}, {'舒适': '滴滴专车'}, {'推荐': '花小猪正价版'}, {'快速': '曹操出行'}, {'快速': '出租车'}, {'推荐': '滴滴快车'}, {'特价': '花小猪外接版'}, {'舒适': '滴滴豪华车'}, {'快速': '滴滴轻享'}, {'六座': '六座豪华车'}, {'推荐': '特惠快车'}]",[{'舒适': '滴滴专车'}],[{'舒适': '滴滴专车'}],0.6596136093139648
用滴滴豪华车从广州塔到白云机场，选最快的路线。,"[{'六座': '六座专车'}, {'快速': '滴滴特快'}, {'拼车': '特价拼车'}, {'拼车': '极速拼车'}, {'舒适': '滴滴专车'}, {'推荐': '花小猪正价版'}, {'推荐': '特惠快车'}, {'快速': '曹操出行'}, {'快速': '出租车'}, {'推荐': '滴滴快车'}, {'特价': '花小猪外接版'}, {'舒适': '滴滴豪华车'}, {'快速': '滴滴轻享'}, {'推荐': '特快出租车'}]",[{'舒适': '滴滴豪华车'}],[{'舒适': '滴滴豪华车'}],0.654923677444458
叫个特价拼车去大悦城，费用十五块以内。,"[{'快速': '滴滴特快'}, {'推荐': '宽敞好车'}, {'快速': '滴滴优享'}, {'特价': '花小猪外接版'}, {'特价': '惊喜特价'}, {'推荐': '特快出租车'}, {'六座': '六座豪华车'}, {'快速': '长沙新出租'}, {'推荐': '滴滴特快'}, {'快速': '出租车'}, {'快速': '滴滴轻享'}, {'推荐': '花小猪正价版'}, {'快速': '滴滴快车'}, {'快速': '方舟行'}, {'舒适': '滴滴专车'}, {'六座': '六座专车'}, {'拼车': '特价拼车'}, {'快速': '宽敞好车'}, {'快速': '曹操出行'}, {'推荐': '滴滴快车'}, {'推荐': '特惠快车'}]",[{'拼车': '特价拼车'}],[],0.7319023609161377
用滴滴叫辆豪华车去高崎机场。,"[{'六座': '六座专车'}, {'快速': '滴滴特快'}, {'六座': '六座豪华车'}, {'拼车': '特价拼车'}, {'舒适': '滴滴专车'}, {'推荐': '花小猪正价版'}, {'推荐': '特惠快车'}, {'快速': '曹操出行'}, {'快速': '出租车'}, {'推荐': '滴滴快车'}, {'特价': '花小猪外接版'}, {'舒适': '滴滴豪华车'}, {'快速': '滴滴轻享'}, {'特价': '惊喜特价'}, {'推荐': '特快出租车'}]","[{'六座': '六座豪华车'}, {'舒适': '滴滴豪华车'}]","[{'六座': '六座豪华车'}, {'舒适': '滴滴豪华车'}]",1.2396814823150635
叫辆舒适型的车去圆明园，价格便宜点。,"[{'六座': '六座专车'}, {'快速': '滴滴特快'}, {'六座': '六座豪华车'}, {'快速': '方舟行'}, {'拼车': '极速拼车'}, {'拼车': '特价拼车'}, {'快速': '宽敞好车'}, {'舒适': '滴滴专车'}, {'推荐': '花小猪正价版'}, {'快速': '曹操出行'}, {'快速': '出租车'}, {'快速': '滴滴优享'}, {'快速': '滴滴快车'}, {'特价': '花小猪外接版'}, {'舒适': '滴滴豪华车'}, {'快速': '滴滴轻享'}, {'特价': '惊喜特价'}, {'推荐': '特惠快车'}]","[{'舒适': '滴滴专车'}, {'舒适': '滴滴豪华车'}]","[{'舒适': '滴滴专车'}, {'舒适': '滴滴豪华车'}]",1.135969877243042
打车去高淳老街，选特惠快车、拼车或叮叮出行。,"[{'经济型': '中交出行'}, {'经济型': '900出行'}, {'出租车': 'undefined'}, {'轻享专车': 'undefined'}, {'经济型': '北京新出租'}, {'经济型': '东潮出行'}, {'经济型': '神州专车'}, {'优享型': '享道出行'}, {'经济型': '及时用车'}, {'经济型': '365约车'}, {'': '极速拼车'}, {'优享型': '全民GO'}, {'优享型': '阳光出行'}, {'优享型': 'T3出行'}, {'优享型': '环旅出行'}, {'经济型': '曹操出行'}, {'优享型': '旗妙出行'}, {'品质专车': 'undefined'}, {'豪华型': 'undefined'}, {'经济型': '斑马快跑'}, {'经济型': '飞嘀打车'}, {'优享型': '风韵出行'}, {'优享型': '腾飞出行'}, {'': '特惠快车'}, {'特快车': 'undefined'}, {'经济型': '聚的新出租'}, {'经济型': 'T3出行'}, {'经济型': '阳光出行'}, {'优享型': '东潮出行'}, {'优享型': '神州专车'}, {'经济型': '深圳出租'}, {'经济型': '腾飞出行'}, {'经济型': '首汽约车'}, {'六座商务': 'undefined'}, {'经济型': '星徽出行'}, {'优享型': 'AA出行'}, {'经济型': '妥妥E行'}]","[{'': '极速拼车'}, {'': '特惠快车'}]","[{'': '极速拼车'}, {'': '特惠快车'}]",1.097700834274292
打车去橘子洲，勾选特惠快车或特价拼车。,"[{'出租车': 'undefined'}, {'经济型': '900出行'}, {'轻享专车': 'undefined'}, {'经济型': '如祺出行'}, {'优享型': '飞嘀打车'}, {'经济型': '神州专车'}, {'经济型': 'AA出行'}, {'经济型': '365约车'}, {'': '极速拼车'}, {'经济型': '有序出行'}, {'经济型': '5U出行'}, {'优享型': '全民GO'}, {'优享型': 'T3出行'}, {'优享型': '阳光出行'}, {'豪华型': 'undefined'}, {'经济型': '斑马快跑'}, {'优享型': '风韵出行'}, {'': '特惠快车'}, {'经济型': '全民GO'}, {'经济型': '聚的新出租'}, {'经济型': 'T3出行'}, {'经济型': '阳光出行'}, {'特快车': 'undefined'}, {'优享型': '星徽出行'}, {'优享型': '首汽约车'}, {'经济型': '中军出行'}, {'优享型': '妥妥E行'}, {'经济型': '旗妙出行'}, {'优享型': '东潮出行'}, {'经济型': '深圳出租'}, {'经济型': '首汽约车'}, {'六座商务': 'undefined'}, {'品质专车': 'undefined'}, {'经济型': '妥妥E行'}]",[{'': '特惠快车'}],[{'': '特惠快车'}],0.6947147846221924
从深圳湾口岸打车到福田高铁站，要一辆新能源环保车型。,"[{'六座': '六座专车'}, {'快速': '滴滴特快'}, {'拼车': '特价拼车'}, {'舒适': '滴滴专车'}, {'推荐': '花小猪正价版'}, {'推荐': '特惠快车'}, {'快速': '曹操出行'}, {'快速': '出租车'}, {'推荐': '滴滴快车'}, {'特价': '花小猪外接版'}, {'快速': '滴滴轻享'}, {'特价': '惊喜特价'}, {'推荐': '特快出租车'}]",[],[],0.12324261665344238
用特价拼车去萧山机场，费用控制在30元以内。,"[{'六座': '六座专车'}, {'快速': '滴滴特快'}, {'六座': '六座豪华车'}, {'拼车': '极速拼车'}, {'拼车': '特价拼车'}, {'舒适': '滴滴专车'}, {'推荐': '花小猪正价版'}, {'快速': '曹操出行'}, {'快速': '出租车'}, {'快速': '滴滴优享'}, {'推荐': '滴滴快车'}, {'特价': '花小猪外接版'}, {'快速': '滴滴轻享'}, {'特价': '惊喜特价'}, {'推荐': '特惠快车'}]",[{'拼车': '特价拼车'}],[{'拼车': '特价拼车'}],0.7107439041137695
用滴滴打车去外滩，允许所有价位车型。,"[{'快速': '滴滴特快'}, {'快速': '滴滴优享'}, {'特价': '花小猪外接版'}, {'特价': '惊喜特价'}, {'推荐': '特快出租车'}, {'快速': '长沙新出租'}, {'推荐': '滴滴特快'}, {'快速': '出租车'}, {'快速': '滴滴轻享'}, {'拼车': '极速拼车'}, {'推荐': '花小猪正价版'}, {'快速': '滴滴快车'}, {'快速': '方舟行'}, {'舒适': '滴滴专车'}, {'六座': '六座专车'}, {'拼车': '特价拼车'}, {'快速': '宽敞好车'}, {'快速': '曹操出行'}, {'推荐': '滴滴快车'}, {'推荐': '特惠快车'}]",[{'all': 'all'}],[{'all': 'all'}],0.5559425354003906
从鼓浪屿码头到高崎机场叫个特价拼车，费用控制在30元以内。,"[{'六座': '六座专车'}, {'快速': '滴滴特快'}, {'六座': '六座豪华车'}, {'拼车': '极速拼车'}, {'拼车': '特价拼车'}, {'舒适': '滴滴专车'}, {'推荐': '花小猪正价版'}, {'快速': '曹操出行'}, {'快速': '出租车'}, {'快速': '滴滴优享'}, {'推荐': '滴滴快车'}, {'特价': '花小猪外接版'}, {'舒适': '滴滴豪华车'}, {'快速': '滴滴轻享'}, {'特价': '惊喜特价'}, {'推荐': '特惠快车'}]",[{'拼车': '特价拼车'}],[{'拼车': '特价拼车'}],0.7195076942443848
打车去公司，特惠快车、特价拼车或极速拼车，60元内。,"[{'出租车': 'undefined'}, {'经济型': '900出行'}, {'优享型': '曹操出行'}, {'轻享专车': 'undefined'}, {'经济型': '东潮出行'}, {'经济型': '北京新出租'}, {'经济型': '如祺出行'}, {'优享型': '斑马快跑'}, {'经济型': 'AA出行'}, {'经济型': '及时用车'}, {'': '极速拼车'}, {'经济型': '5U出行'}, {'优享型': '阳光出行'}, {'经济型': '曹操出行'}, {'优享型': '旗妙出行'}, {'豪华型': 'undefined'}, {'经济型': '斑马快跑'}, {'经济型': '飞嘀打车'}, {'优享型': '风韵出行'}, {'优享型': '腾飞出行'}, {'': '特惠快车'}, {'经济型': '全民GO'}, {'特快车': 'undefined'}, {'经济型': 'T3出行'}, {'经济型': '阳光出行'}, {'优享型': '星徽出行'}, {'经济型': '中军出行'}, {'优享型': '中交出行'}, {'优享型': '神州专车'}, {'优享型': '及时用车'}, {'六座商务': 'undefined'}, {'优享型': '火箭出行'}, {'经济型': '星徽出行'}, {'品质专车': 'undefined'}, {'经济型': '妥妥E行'}]","[{'': '极速拼车'}, {'': '特惠快车'}]","[{'': '极速拼车'}, {'': '特惠快车'}]",1.1196517944335938
打车去南京理工大，特惠快车或出租不超过12元。,"[{'经济型': '中交出行'}, {'出租车': 'undefined'}, {'优享型': '曹操出行'}, {'轻享专车': 'undefined'}, {'经济型': '东潮出行'}, {'经济型': '如祺出行'}, {'经济型': '神州专车'}, {'优享型': '斑马快跑'}, {'经济型': 'AA出行'}, {'经济型': '365约车'}, {'': '极速拼车'}, {'经济型': '有序出行'}, {'经济型': '5U出行'}, {'优享型': '全民GO'}, {'经济型': '曹操出行'}, {'品质专车': 'undefined'}, {'豪华型': 'undefined'}, {'经济型': '斑马快跑'}, {'经济型': '享道出行'}, {'': '特惠快车'}, {'特快车': 'undefined'}, {'经济型': '聚的新出租'}, {'优享型': '首汽约车'}, {'优享型': '星徽出行'}, {'经济型': '中军出行'}, {'经济型': '旗妙出行'}, {'优享型': '中交出行'}, {'优享型': '神州专车'}, {'经济型': '腾飞出行'}, {'经济型': '首汽约车'}, {'六座商务': 'undefined'}, {'经济型': '北京的士'}, {'经济型': '妥妥E行'}]","[{'出租车': 'undefined'}, {'': '特惠快车'}]","[{'出租车': 'undefined'}, {'': '特惠快车'}, {'经济型': '聚的新出租'}, {'经济型': '北京的士'}]",1.0462408065795898
水游城到夫子庙，拼车优先。,"[{'六座': '六座专车'}, {'快速': '滴滴特快'}, {'六座': '六座豪华车'}, {'拼车': '特价拼车'}, {'舒适': '滴滴专车'}, {'推荐': '花小猪正价版'}, {'推荐': '特惠快车'}, {'快速': '曹操出行'}, {'快速': '出租车'}, {'推荐': '滴滴快车'}, {'特价': '花小猪外接版'}, {'快速': '滴滴轻享'}, {'特价': '惊喜特价'}, {'推荐': '特快出租车'}]",[{'拼车': '特价拼车'}],[],0.7145524024963379
叫个特价拼车去南站，价格控制在30元以内。,"[{'六座': '六座专车'}, {'六座': '六座豪华车'}, {'拼车': '特价拼车'}, {'舒适': '滴滴专车'}, {'推荐': '花小猪正价版'}, {'快速': '曹操出行'}, {'快速': '出租车'}, {'推荐': '滴滴快车'}, {'特价': '花小猪外接版'}, {'快速': '滴滴轻享'}, {'特价': '惊喜特价'}, {'推荐': '特惠快车'}]",[{'拼车': '特价拼车'}],[{'拼车': '特价拼车'}],0.7124204635620117
苏州金鸡湖到拙政园，用滴滴打个优享吧，不要太贵。,"[{'推荐': '滴滴特快'}, {'拼车': '极速拼车'}, {'舒适': '滴滴专车'}, {'推荐': '花小猪正价版'}, {'推荐': '特惠快车'}, {'快速': '曹操出行'}, {'快速': '出租车'}, {'推荐': '滴滴快车'}, {'特价': '花小猪外接版'}, {'舒适': '滴滴豪华车'}, {'特价': '惊喜特价'}, {'推荐': '特快出租车'}]",[],[],0.12529492378234863
用特惠快车或惊喜特价去周水子机场，选曹操出行或极速拼车也行，尽快出发。,"[{'六座': '六座专车'}, {'六座': '六座豪华车'}, {'拼车': '特价拼车'}, {'拼车': '极速拼车'}, {'舒适': '滴滴专车'}, {'推荐': '花小猪正价版'}, {'推荐': '特惠快车'}, {'快速': '曹操出行'}, {'快速': '出租车'}, {'特价': '特惠快车'}, {'推荐': '滴滴快车'}, {'特价': '花小猪外接版'}, {'舒适': '滴滴豪华车'}, {'快速': '滴滴轻享'}, {'特价': '惊喜特价'}, {'推荐': '特快出租车'}]","[{'拼车': '极速拼车'}, {'推荐': '特惠快车'}, {'快速': '曹操出行'}, {'特价': '特惠快车'}, {'特价': '惊喜特价'}]","[{'拼车': '极速拼车'}, {'推荐': '特惠快车'}, {'快速': '曹操出行'}, {'特价': '特惠快车'}, {'特价': '惊喜特价'}]",2.617274761199951
叫个惊喜特价去太原植物园，价格不超过50元。,"[{'六座': '六座专车'}, {'快速': '滴滴特快'}, {'拼车': '极速拼车'}, {'拼车': '特价拼车'}, {'舒适': '滴滴专车'}, {'推荐': '花小猪正价版'}, {'快速': '曹操出行'}, {'快速': '出租车'}, {'特价': '特惠快车'}, {'快速': '滴滴优享'}, {'特价': '花小猪外接版'}, {'快速': '滴滴轻享'}, {'特价': '惊喜特价'}, {'推荐': '特惠快车'}]",[{'特价': '惊喜特价'}],[{'特价': '惊喜特价'}],0.5986065864562988
叫辆六座商务或专车去夫子庙。,"[{'经济型': '中交出行'}, {'经济型': '900出行'}, {'出租车': 'undefined'}, {'优享型': '曹操出行'}, {'轻享专车': 'undefined'}, {'经济型': '东潮出行'}, {'经济型': '北京新出租'}, {'经济型': '如祺出行'}, {'优享型': '享道出行'}, {'经济型': 'AA出行'}, {'经济型': '365约车'}, {'': '极速拼车'}, {'优享型': '全民GO'}, {'经济型': '5U出行'}, {'优享型': '阳光出行'}, {'优享型': 'T3出行'}, {'优享型': '环旅出行'}, {'经济型': '曹操出行'}, {'豪华型': 'undefined'}, {'经济型': '斑马快跑'}, {'优享型': '腾飞出行'}, {'': '特惠快车'}, {'经济型': '全民GO'}, {'经济型': '聚的新出租'}, {'特快车': 'undefined'}, {'经济型': '阳光出行'}, {'优享型': '首汽约车'}, {'优享型': '星徽出行'}, {'优享型': '妥妥E行'}, {'经济型': '旗妙出行'}, {'优享型': '神州专车'}, {'经济型': '深圳出租'}, {'六座商务': 'undefined'}, {'优享型': '火箭出行'}, {'品质专车': 'undefined'}, {'经济型': '有序出行'}]","[{'轻享专车': 'undefined'}, {'优享型': '神州专车'}, {'六座商务': 'undefined'}, {'品质专车': 'undefined'}]","[{'轻享专车': 'undefined'}, {'优享型': '神州专车'}, {'六座商务': 'undefined'}, {'品质专车': 'undefined'}]",2.2831733226776123
预约特惠快车、极速拼车或六座专车前往双流机场，总费用不超过150元。,"[{'六座': '六座专车'}, {'拼车': '特价拼车'}, {'舒适': '滴滴专车'}, {'推荐': '花小猪正价版'}, {'快速': '曹操出行'}, {'快速': '出租车'}, {'推荐': '滴滴快车'}, {'特价': '花小猪外接版'}, {'舒适': '滴滴豪华车'}, {'快速': '滴滴轻享'}, {'特价': '惊喜特价'}, {'推荐': '特惠快车'}]","[{'六座': '六座专车'}, {'推荐': '特惠快车'}]","[{'六座': '六座专车'}, {'推荐': '特惠快车'}]",1.3278415203094482
帮我叫辆车，从北京798艺术区到首都国际机场，要快一点的车型。,"[{'六座': '六座专车'}, {'快速': '滴滴特快'}, {'拼车': '特价拼车'}, {'舒适': '滴滴专车'}, {'推荐': '花小猪正价版'}, {'推荐': '特惠快车'}, {'快速': '曹操出行'}, {'快速': '出租车'}, {'推荐': '滴滴快车'}, {'特价': '花小猪外接版'}, {'快速': '滴滴轻享'}, {'特价': '惊喜特价'}, {'推荐': '特快出租车'}]","[{'快速': '滴滴特快'}, {'推荐': '特惠快车'}, {'快速': '曹操出行'}, {'快速': '出租车'}, {'推荐': '滴滴快车'}, {'快速': '滴滴轻享'}, {'推荐': '特快出租车'}]","[{'快速': '滴滴特快'}, {'推荐': '特惠快车'}, {'快速': '曹操出行'}, {'快速': '出租车'}, {'推荐': '滴滴快车'}, {'快速': '滴滴轻享'}, {'推荐': '特快出租车'}]",3.354722261428833
叫辆特惠快车去动物园，不能超40。,"[{'出租车': 'undefined'}, {'经济型': '900出行'}, {'轻享专车': 'undefined'}, {'经济型': '北京新出租'}, {'经济型': '如祺出行'}, {'经济型': '妥妥E行'}, {'经济型': 'AA出行'}, {'': '极速拼车'}, {'优享型': 'T3出行'}, {'经济型': '5U出行'}, {'优享型': '阳光出行'}, {'经济型': '北京的士'}, {'品质专车': 'undefined'}, {'豪华型': 'undefined'}, {'经济型': '飞嘀打车'}, {'经济型': '享道出行'}, {'': '特惠快车'}, {'特快车': 'undefined'}, {'经济型': '聚的新出租'}, {'优享型': '首汽约车'}, {'经济型': '旗妙出行'}, {'优享型': '神州专车'}, {'优享型': '及时用车'}, {'六座商务': 'undefined'}, {'优享型': 'AA出行'}, {'经济型': '有序出行'}]",[{'': '特惠快车'}],[{'': '特惠快车'}],0.6853139400482178
叫辆滴滴专车去禄口机场，车要安静整洁，师傅能聊天的。,"[{'六座': '六座专车'}, {'拼车': '特价拼车'}, {'舒适': '滴滴专车'}, {'推荐': '花小猪正价版'}, {'快速': '曹操出行'}, {'快速': '出租车'}, {'推荐': '滴滴快车'}, {'特价': '花小猪外接版'}, {'舒适': '滴滴豪华车'}, {'快速': '滴滴轻享'}, {'特价': '惊喜特价'}, {'推荐': '特惠快车'}]","[{'六座': '六座专车'}, {'舒适': '滴滴专车'}]","[{'六座': '六座专车'}, {'舒适': '滴滴专车'}]",1.2335710525512695
要极速拼车去景枫，不接受其他。,"[{'经济型': '中交出行'}, {'经济型': '900出行'}, {'出租车': 'undefined'}, {'轻享专车': 'undefined'}, {'经济型': '北京新出租'}, {'经济型': '如祺出行'}, {'经济型': '神州专车'}, {'优享型': '斑马快跑'}, {'经济型': '妥妥E行'}, {'优享型': '享道出行'}, {'经济型': 'AA出行'}, {'': '极速拼车'}, {'优享型': '阳光出行'}, {'优享型': '环旅出行'}, {'经济型': '曹操出行'}, {'优享型': '旗妙出行'}, {'品质专车': 'undefined'}, {'豪华型': 'undefined'}, {'优享型': '风韵出行'}, {'优享型': '腾飞出行'}, {'': '特惠快车'}, {'经济型': '全民GO'}, {'特快车': 'undefined'}, {'经济型': 'T3出行'}, {'优享型': '首汽约车'}, {'优享型': '星徽出行'}, {'经济型': '旗妙出行'}, {'优享型': '中交出行'}, {'经济型': '腾飞出行'}, {'六座商务': 'undefined'}, {'优享型': 'AA出行'}, {'经济型': '有序出行'}]",[{'': '极速拼车'}],[{'': '极速拼车'}],0.6181957721710205
用特价拼车或特惠快车从呼和浩特大召寺到白塔机场，费用控制在60元内。,"[{'六座': '六座专车'}, {'快速': '滴滴特快'}, {'六座': '六座豪华车'}, {'拼车': '特价拼车'}, {'拼车': '极速拼车'}, {'舒适': '滴滴专车'}, {'推荐': '花小猪正价版'}, {'推荐': '特惠快车'}, {'快速': '曹操出行'}, {'快速': '出租车'}, {'特价': '特惠快车'}, {'推荐': '滴滴快车'}, {'特价': '花小猪外接版'}, {'舒适': '滴滴豪华车'}, {'快速': '滴滴轻享'}, {'特价': '惊喜特价'}, {'推荐': '特快出租车'}]","[{'拼车': '特价拼车'}, {'推荐': '特惠快车'}, {'特价': '特惠快车'}]","[{'拼车': '特价拼车'}, {'推荐': '特惠快车'}, {'特价': '特惠快车'}]",1.7773265838623047
选特价拼车或惊喜特价车型从星海广场到金石滩景区，费用控制在150元以内。,"[{'六座': '六座专车'}, {'快速': '滴滴特快'}, {'拼车': '特价拼车'}, {'舒适': '滴滴专车'}, {'推荐': '花小猪正价版'}, {'推荐': '特惠快车'}, {'快速': '曹操出行'}, {'快速': '出租车'}, {'推荐': '滴滴快车'}, {'特价': '花小猪外接版'}, {'快速': '滴滴轻享'}, {'特价': '惊喜特价'}, {'推荐': '特快出租车'}]","[{'拼车': '特价拼车'}, {'特价': '惊喜特价'}]","[{'拼车': '特价拼车'}, {'特价': '惊喜特价'}]",1.1211817264556885
从黄鹤楼到天河机场，约辆滴滴豪华车，体验高端服务。,"[{'六座': '六座专车'}, {'拼车': '特价拼车'}, {'舒适': '滴滴专车'}, {'推荐': '花小猪正价版'}, {'快速': '曹操出行'}, {'快速': '出租车'}, {'推荐': '滴滴快车'}, {'特价': '花小猪外接版'}, {'舒适': '滴滴豪华车'}, {'快速': '滴滴轻享'}, {'特价': '惊喜特价'}, {'推荐': '特惠快车'}]",[{'舒适': '滴滴豪华车'}],[{'舒适': '滴滴豪华车'}],0.6603169441223145
叫个特惠快车去流亭机场。,"[{'六座': '六座专车'}, {'快速': '滴滴特快'}, {'拼车': '特价拼车'}, {'舒适': '滴滴专车'}, {'推荐': '花小猪正价版'}, {'快速': '曹操出行'}, {'快速': '出租车'}, {'推荐': '滴滴快车'}, {'特价': '花小猪外接版'}, {'快速': '滴滴轻享'}, {'推荐': '特惠快车'}]",[{'推荐': '特惠快车'}],[{'推荐': '特惠快车'}],0.7164676189422607
打车从金凤区到吴忠，选舒适车。,"[{'六座': '六座专车'}, {'快速': '滴滴特快'}, {'拼车': '特价拼车'}, {'舒适': '滴滴专车'}, {'推荐': '花小猪正价版'}, {'快速': '曹操出行'}, {'快速': '出租车'}, {'推荐': '滴滴快车'}, {'特价': '花小猪外接版'}, {'舒适': '滴滴豪华车'}, {'快速': '滴滴轻享'}, {'特价': '惊喜特价'}, {'推荐': '特惠快车'}]","[{'舒适': '滴滴专车'}, {'舒适': '滴滴豪华车'}]",[],1.1238105297088623
从天河城到白云机场，推荐特惠快车、惊喜特价、曹操出行、特价拼车，总费用不超过120元。,"[{'六座': '六座专车'}, {'快速': '滴滴特快'}, {'拼车': '特价拼车'}, {'舒适': '滴滴专车'}, {'推荐': '花小猪正价版'}, {'快速': '曹操出行'}, {'快速': '出租车'}, {'推荐': '滴滴快车'}, {'特价': '花小猪外接版'}, {'快速': '滴滴轻享'}, {'六座': '六座豪华车'}, {'推荐': '特惠快车'}]","[{'拼车': '特价拼车'}, {'快速': '曹操出行'}, {'推荐': '特惠快车'}]","[{'拼车': '特价拼车'}, {'快速': '曹操出行'}, {'推荐': '特惠快车'}]",1.6452486515045166
打车去颐和园，勾选所有价位的车。,"[{'快速': '滴滴特快'}, {'快速': '滴滴优享'}, {'特价': '花小猪外接版'}, {'特价': '惊喜特价'}, {'推荐': '特快出租车'}, {'六座': '六座豪华车'}, {'推荐': '滴滴特快'}, {'快速': '出租车'}, {'快速': '滴滴轻享'}, {'拼车': '极速拼车'}, {'推荐': '花小猪正价版'}, {'快速': '滴滴快车'}, {'舒适': '滴滴专车'}, {'六座': '六座专车'}, {'拼车': '特价拼车'}, {'快速': '宽敞好车'}, {'快速': '曹操出行'}, {'特价': '特惠快车'}, {'推荐': '滴滴快车'}, {'推荐': '特惠快车'}]",[{'all': 'all'}],[{'all': 'all'}],0.5551307201385498
打的去机场，车型不限。,"[{'快速': '滴滴特快'}, {'快速': '滴滴优享'}, {'特价': '花小猪外接版'}, {'特价': '惊喜特价'}, {'推荐': '特快出租车'}, {'六座': '六座豪华车'}, {'推荐': '滴滴特快'}, {'快速': '出租车'}, {'快速': '滴滴轻享'}, {'拼车': '极速拼车'}, {'推荐': '花小猪正价版'}, {'快速': '滴滴快车'}, {'舒适': '滴滴专车'}, {'六座': '六座专车'}, {'拼车': '特价拼车'}, {'快速': '宽敞好车'}, {'快速': '曹操出行'}, {'特价': '特惠快车'}, {'推荐': '滴滴快车'}, {'推荐': '特惠快车'}]",[],[],0.14114689826965332
打车去西湖，所有车型都可以选上。,"[{'经济型': '橄榄新出租'}, {'经济型': '900出行'}, {'优享型': '曹操出行'}, {'经济型': '北京新出租'}, {'经济型': '国泰出租'}, {'优享型': '飞嘀打车'}, {'经济型': '神州专车'}, {'经济型': '日初出行'}, {'经济型': '方舟行'}, {'优享型': '享道出行'}, {'推荐': '特惠快车'}, {'经济型': 'AA出行'}, {'豪华型': '车型高端 服务专业'}, {'经济型': '365约车'}, {'': '极速拼车'}, {'经济型': '5U出行'}, {'品质专车': '静音不打扰 整洁无异味'}, {'豪华型': 'undefined'}, {'经济型': '斑马快跑'}, {'经济型': '飞嘀打车'}, {'快速出发': '无'}, {'轻享专车': '静音不打扰 整洁无异味'}, {'优享型': '风韵出行'}, {'经济型': '旅程出租'}, {'出租车': '车多应答快'}, {'惠享专车': '添猫出行'}, {'': '特惠快车'}, {'经济型': '全民GO'}, {'优享型': '首汽约车'}, {'经济型': '渔阳出行'}, {'经济型': '阳光出行'}, {'特快车': '超值体验 更快上车'}, {'经济型': '易至出行'}, {'特价出发': '更多特价'}, {'经济型': '中军出行'}, {'优享型': '妥妥E行'}, {'经济': '首汽约车'}, {'拼车': '出租车拼车'}, {'优享型': '神州专车'}, {'六座商务': '宽敞空间 商务体验'}, {'优享型': '及时用车'}, {'经济型': '奇华出行'}, {'优享型': '火箭出行'}, {'推荐': '推荐专车'}, {'特价出发': '惊喜特价'}, {'经济型': '北京的士'}, {'经济型': '有序出行'}]",[{'all': 'all'}],[{'all': 'all'}],0.5781705379486084
从兰州黄河铁桥到五泉山公园，叫个曹操出行。,"[{'六座': '六座专车'}, {'快速': '滴滴特快'}, {'六座': '六座豪华车'}, {'拼车': '特价拼车'}, {'舒适': '滴滴专车'}, {'推荐': '花小猪正价版'}, {'快速': '曹操出行'}, {'快速': '出租车'}, {'快速': '滴滴优享'}, {'推荐': '滴滴快车'}, {'特价': '花小猪外接版'}, {'舒适': '滴滴豪华车'}, {'快速': '滴滴轻享'}, {'特价': '惊喜特价'}, {'推荐': '特惠快车'}]",[{'快速': '曹操出行'}],[{'快速': '曹操出行'}],0.5937540531158447
长沙五一广场到黄花机场，预算控制在100元以内。,"[{'六座': '六座专车'}, {'快速': '滴滴特快'}, {'拼车': '特价拼车'}, {'舒适': '滴滴专车'}, {'推荐': '花小猪正价版'}, {'快速': '曹操出行'}, {'快速': '出租车'}, {'快速': '滴滴优享'}, {'推荐': '滴滴快车'}, {'特价': '花小猪外接版'}, {'舒适': '滴滴豪华车'}, {'快速': '滴滴轻享'}, {'特价': '惊喜特价'}, {'推荐': '特惠快车'}]",[],[],0.12499737739562988
