query,input,车辆候选列表,sysSessionId,output,appName,车型组合,category,category正确答案,mode,mode正确答案
打车去深圳大梅沙滨海公园赶海，预算控制在60-75元,"[{""content"":""# 用户需求：\n打车去深圳大梅沙滨海公园赶海，预算控制在60-75元\n\n# 用户提供示例：\n\n\n**如果用户需求与用户提供示例相同时，必须输出用户提供的结果**"",""exts"":""{\""userHistoryInputContent\"":\""打车去深圳大梅沙滨海公园赶海，预算控制在60-75元\""}""}]","{
        ""appName"": ""滴滴"",
        ""taxiSkuList"": [
                {""index"": ""1"", ""category"": ""推荐"", ""carModel"": ""极速拼车"", ""price"": 8},
                {""index"": ""2"", ""category"": ""推荐"", ""carModel"": ""特惠快车"", ""price"": 12},
                {""index"": ""3"", ""category"": ""推荐"", ""carModel"": ""滴滴快车"", ""price"": 13},
                {""index"": ""4"", ""category"": ""拼车"", ""carModel"": ""特价拼车"", ""price"": 7},
                {""index"": ""5"", ""category"": ""拼车"", ""carModel"": ""极速拼车"", ""price"": 8.5},
                {""index"": ""6"", ""category"": ""特价"", ""carModel"": ""花小猪外接版"", ""price"": 9.8},
                {""index"": ""7"", ""category"": ""特价"", ""carModel"": ""特惠快车"", ""price"": 8.8},
                {""index"": ""8"", ""category"": ""快速"", ""carModel"": ""花小猪正价版"", ""price"": 10},
                {""index"": ""9"", ""category"": ""快速"", ""carModel"": ""曹操出行"", ""price"": 11},
                {""index"": ""10"", ""category"": ""快速"", ""carModel"": ""特快出租车"", ""price"": 10.3},
                {""index"": ""11"", ""category"": ""快速"", ""carModel"": ""滴滴特快"", ""price"": 15.8},
                {""index"": ""12"", ""category"": ""快速"", ""carModel"": ""出租车"", ""price"": 14},
                {""index"": ""13"", ""category"": ""快速"", ""carModel"": ""滴滴快车"", ""price"": 16},
                {""index"": ""14"", ""category"": ""舒适"", ""carModel"": ""滴滴专车"", ""price"": 42},
                {""index"": ""15"", ""category"": ""舒适"", ""carModel"": ""滴滴豪华车"", ""price"": 68},
                {""index"": ""16"", ""category"": ""六座"", ""carModel"": ""六座专车"", ""price"": 54},
                {""index"": ""17"", ""category"": ""更多"", ""carModel"": ""滴滴代驾"", ""price"": 17},
                {""index"": ""18"", ""category"": ""更多"", ""carModel"": ""宠物出行"", ""price"": 21},
                {""index"": ""19"", ""category"": ""更多"", ""carModel"": ""滴滴包车"", ""price"": 39},
                {""index"": ""20"", ""category"": ""送货"", ""carModel"": ""汽车快送"", ""price"": 25},
                {""index"": ""21"", ""category"": ""送货"", ""carModel"": ""跑腿"", ""price"": 28},
                {""index"": ""22"", ""category"": ""特价"", ""carModel"": ""惊喜特价"", ""price"": 9.9},
                {""index"": ""23"", ""category"": ""推荐"", ""carModel"": ""顺风车"", ""price"": 22.5},
                {""index"": ""24"", ""category"": ""城际"", ""carModel"": ""城际拼车"", ""price"": 56.5},
                {""index"": ""25"", ""category"": ""城际"", ""carModel"": ""顺风车"", ""price"": 62},
                {""index"": ""26"", ""category"": ""推荐"", ""carModel"": ""花小猪外接版"", ""price"": 15},
                {""index"": ""27"", ""category"": ""推荐"", ""carModel"": ""花小猪正价版"", ""price"": 13.5},
                {""index"": ""28"", ""category"": ""推荐"", ""carModel"": ""滴滴专车"", ""price"": 24},
                {""index"": ""29"", ""category"": ""推荐"", ""carModel"": ""惊喜特价"", ""price"": 12.8}
        ]
}",sessionId20250606lhx0001,"```json
[{""app"": ""无"", ""category"": ""无"", ""mode"": ""无"", ""price"": true, ""price_min"": 60, ""price_max"": 75, ""fast"": false}]
```",滴滴,"[{'六座': '六座专车'}, {'特价': '惊喜特价'}, {'送货': '跑腿'}, {'推荐': '惊喜特价'}, {'推荐': '滴滴快车'}, {'特价': '特惠快车'}, {'送货': '汽车快送'}, {'舒适': '滴滴豪华车'}, {'推荐': '特惠快车'}, {'推荐': '花小猪正价版'}, {'推荐': '顺风车'}, {'舒适': '滴滴专车'}, {'快速': '特快出租车'}, {'更多': '宠物出行'}, {'快速': '滴滴特快'}, {'更多': '滴滴包车'}, {'推荐': '滴滴专车'}, {'快速': '出租车'}, {'拼车': '极速拼车'}, {'快速': '曹操出行'}, {'特价': '花小猪外接版'}, {'城际': '城际拼车'}, {'更多': '滴滴代驾'}, {'推荐': '花小猪外接版'}, {'推荐': '极速拼车'}, {'快速': '滴滴快车'}, {'拼车': '特价拼车'}, {'城际': '顺风车'}, {'快速': '花小猪正价版'}]",,无,,无
从福田高铁站出发，15元上下能接受，急着去高铁站开会,"[{""content"":""# 用户需求：\n从福田高铁站出发，15元上下能接受，急着去高铁站开会\n\n# 用户提供示例：\n\n\n**如果用户需求与用户提供示例相同时，必须输出用户提供的结果**"",""exts"":""{\""userHistoryInputContent\"":\""从福田高铁站出发，15元上下能接受，急着去高铁站开会\""}""}]","{
        ""appName"": ""高德"",
        ""taxiSkuList"": [
                {""index"": ""1"", ""category"": ""拼车"", ""carModel"": ""极速拼车"", ""price"": 7.2},
                {""index"": ""2"", ""category"": ""特惠快车"", ""carModel"": ""特惠快车"", ""price"": 8.5},
                {""index"": ""3"", ""category"": ""经济型"", ""carModel"": ""曹操出行"", ""price"": 7.9},
                {""index"": ""4"", ""category"": ""经济型"", ""carModel"": ""T3出行"", ""price"": 8.3},
                {""index"": ""5"", ""category"": ""经济型"", ""carModel"": ""享道出行"", ""price"": 9},
                {""index"": ""6"", ""category"": ""经济型"", ""carModel"": ""鞍马出行"", ""price"": 10},
                {""index"": ""7"", ""category"": ""经济型"", ""carModel"": ""腾飞出行"", ""price"": 10.5},
                {""index"": ""8"", ""category"": ""经济型"", ""carModel"": ""及时用车"", ""price"": 9.5},
                {""index"": ""9"", ""category"": ""经济型"", ""carModel"": ""风韵出行"", ""price"": 9.5},
                {""index"": ""10"", ""category"": ""经济型"", ""carModel"": ""环旅出行"", ""price"": 8.9},
                {""index"": ""11"", ""category"": ""经济型"", ""carModel"": ""神州专车"", ""price"": 9.5},
                {""index"": ""12"", ""category"": ""经济型"", ""carModel"": ""叮叮出行"", ""price"": 10},
                {""index"": ""13"", ""category"": ""经济型"", ""carModel"": ""迪尔出行"", ""price"": 10.5},
                {""index"": ""14"", ""category"": ""经济型"", ""carModel"": ""旅程约车"", ""price"": 8},
                {""index"": ""15"", ""category"": ""经济型"", ""carModel"": ""聚优出租"", ""price"": 11},
                {""index"": ""16"", ""category"": ""经济型"", ""carModel"": ""阳光出行"", ""price"": 13},
                {""index"": ""17"", ""category"": ""经济型"", ""carModel"": ""首汽约车"", ""price"": 11.5},
                {""index"": ""18"", ""category"": ""经济型"", ""carModel"": ""有序出行"", ""price"": 12},
                {""index"": ""19"", ""category"": ""经济型"", ""carModel"": ""沛途出行"", ""price"": 11.5},
                {""index"": ""20"", ""category"": ""经济型"", ""carModel"": ""有滴出行"", ""price"": 12.5},
                {""index"": ""21"", ""category"": ""经济型"", ""carModel"": ""365约车"", ""price"": 13},
                {""index"": ""22"", ""category"": ""经济型"", ""carModel"": ""南京出租"", ""price"": 14},
                {""index"": ""23"", ""category"": ""经济型"", ""carModel"": ""腾飞新出租"", ""price"": 12},
                {""index"": ""24"", ""category"": ""经济型"", ""carModel"": ""鞍马聚的新出租"", ""price"": 16},
                {""index"": ""25"", ""category"": ""特快车"", ""carModel"": ""特快车"", ""price"": 18.5},
                {""index"": ""26"", ""category"": ""出租"", ""carModel"": ""出租车"", ""price"": 16},
                {""index"": ""27"", ""category"": ""优享型"", ""carModel"": ""曹操出行"", ""price"": 17.5},
                {""index"": ""28"", ""category"": ""优享型"", ""carModel"": ""阳光出行"", ""price"": 18},
                {""index"": ""29"", ""category"": ""优享型"", ""carModel"": ""T3出行"", ""price"": 19},
                {""index"": ""30"", ""category"": ""优享型"", ""carModel"": ""首汽约车"", ""price"": 19},
                {""index"": ""31"", ""category"": ""优享型"", ""carModel"": ""鞍马出行"", ""price"": 19.5},
                {""index"": ""32"", ""category"": ""优享型"", ""carModel"": ""风韵出行"", ""price"": 18.5},
                {""index"": ""33"", ""category"": ""优享型"", ""carModel"": ""腾飞出行"", ""price"": 18},
                {""index"": ""34"", ""category"": ""优享型"", ""carModel"": ""有滴出行"", ""price"": 18.5},
                {""index"": ""35"", ""category"": ""优享型"", ""carModel"": ""及时用车"", ""price"": 19.5},
                {""index"": ""36"", ""category"": ""优享型"", ""carModel"": ""神州专车"", ""price"": 19},
                {""index"": ""37"", ""category"": ""优享型"", ""carModel"": ""环旅出行"", ""price"": 19.5},
                {""index"": ""38"", ""category"": ""优享型"", ""carModel"": ""叮叮出行"", ""price"": 19.5},
                {""index"": ""39"", ""category"": ""优享型"", ""carModel"": ""沛途出行"", ""price"": 20},
                {""index"": ""40"", ""category"": ""优享型"", ""carModel"": ""旅程约车"", ""price"": 19},
                {""index"": ""41"", ""category"": ""专车"", ""carModel"": ""品质专车"", ""price"": 32},
                {""index"": ""42"", ""category"": ""六座商务"", ""carModel"": ""六座商务"", ""price"": 35},
                {""index"": ""43"", ""category"": ""送东西"", ""carModel"": ""高德秒送"", ""price"": 26},
                {""index"": ""44"", ""category"": ""顺风车"", ""carModel"": ""顺风车"", ""price"": 33},
                {""index"": ""45"", ""category"": ""特价拼车"", ""carModel"": ""特价拼车"", ""price"": 12},
                {""index"": ""46"", ""category"": ""推荐"", ""carModel"": ""顺风车"", ""price"": 17},
                {""index"": ""47"", ""category"": ""推荐"", ""carModel"": ""特价拼车"", ""price"": 12},
                {""index"": ""48"", ""category"": ""经济"", ""carModel"": ""曹操出行"", ""price"": 8.9},
                {""index"": ""49"", ""category"": ""经济"", ""carModel"": ""T3出行"", ""price"": 8.5},
                {""index"": ""50"", ""category"": ""经济"", ""carModel"": ""享道出行"", ""price"": 9},
                {""index"": ""51"", ""category"": ""经济"", ""carModel"": ""鞍马出行"", ""price"": 7.8},
                {""index"": ""52"", ""category"": ""经济"", ""carModel"": ""腾飞出行"", ""price"": 7.5},
                {""index"": ""53"", ""category"": ""经济"", ""carModel"": ""有序出行"", ""price"": 8},
                {""index"": ""54"", ""category"": ""经济"", ""carModel"": ""神州专车"", ""price"": 8},
                {""index"": ""55"", ""category"": ""经济"", ""carModel"": ""妥妥E行"", ""price"": 7.9},
                {""index"": ""56"", ""category"": ""经济"", ""carModel"": ""及时用车"", ""price"": 7.6},
                {""index"": ""57"", ""category"": ""经济"", ""carModel"": ""环旅出行"", ""price"": 8},
                {""index"": ""58"", ""category"": ""经济"", ""carModel"": ""沛途出行"", ""price"": 8.1},
                {""index"": ""59"", ""category"": ""经济"", ""carModel"": ""旅程约车"", ""price"": 8.3},
                {""index"": ""60"", ""category"": ""经济"", ""carModel"": ""风韵出行"", ""price"": 8.3},
                {""index"": ""61"", ""category"": ""经济"", ""carModel"": ""阳光出行"", ""price"": 8.2},
                {""index"": ""62"", ""category"": ""经济"", ""carModel"": ""首汽约车"", ""price"": 8},
                {""index"": ""63"", ""category"": ""经济"", ""carModel"": ""叮叮出行"", ""price"": 7.6},
                {""index"": ""64"", ""category"": ""经济"", ""carModel"": ""迪尔出行"", ""price"": 7.5},
                {""index"": ""65"", ""category"": ""经济"", ""carModel"": ""有滴出行"", ""price"": 7},
                {""index"": ""66"", ""category"": ""经济"", ""carModel"": ""聚优出租"", ""price"": 8},
                {""index"": ""67"", ""category"": ""经济"", ""carModel"": ""南京出租"", ""price"": 7.4},
                {""index"": ""68"", ""category"": ""经济"", ""carModel"": ""腾飞新出租"", ""price"": 7.9},
                {""index"": ""69"", ""category"": ""经济"", ""carModel"": ""鞍马聚的新出租"", ""price"": 8.5},
                {""index"": ""70"", ""category"": ""优享型"", ""carModel"": ""享道出行"", ""price"": 11},
                {""index"": ""71"", ""category"": ""推荐"", ""carModel"": ""品质专车"", ""price"": 28},
                {""index"": ""72"", ""category"": ""经济"", ""carModel"": ""365约车"", ""price"": 10},
                {""index"": ""73"", ""category"": ""优享型"", ""carModel"": ""旅程专车"", ""price"": 29},
                {""index"": ""74"", ""category"": ""经济型"", ""carModel"": ""聚优出行"", ""price"": 9},
                {""index"": ""75"", ""category"": ""出租车"", ""carModel"": ""鞍马聚的-高档出租车"", ""price"": 15},
                {""index"": ""76"", ""category"": ""品质专车"", ""carModel"": ""风韵出行"", ""price"": 35},
                {""index"": ""77"", ""category"": ""品质专车"", ""carModel"": ""鞍马出行"", ""price"": 42},
                {""index"": ""78"", ""category"": ""品质专车"", ""carModel"": ""叮叮出行"", ""price"": 46},
                {""index"": ""79"", ""category"": ""品质专车"", ""carModel"": ""首汽约车"", ""price"": 45},
                {""index"": ""80"", ""category"": ""品质专车"", ""carModel"": ""腾飞出行"", ""price"": 38},
                {""index"": ""81"", ""category"": ""品质专车"", ""carModel"": ""环旅出行"", ""price"": 39},
                {""index"": ""82"", ""category"": ""品质专车"", ""carModel"": ""神州专车"", ""price"": 45},
                {""index"": ""83"", ""category"": ""六座商务"", ""carModel"": ""享道出行"", ""price"": 41},
                {""index"": ""84"", ""category"": ""六座商务"", ""carModel"": ""首汽约车"", ""price"": 39},
                {""index"": ""85"", ""category"": ""出租车"", ""carModel"": ""鞍马聚的-低档"", ""price"": 19},
                {""index"": ""86"", ""category"": ""六座商务"", ""carModel"": ""叮叮出行"", ""price"": 44},
                {""index"": ""87"", ""category"": ""六座商务"", ""carModel"": ""腾飞出行"", ""price"": 40},
                {""index"": ""88"", ""category"": ""六座商务"", ""carModel"": ""神州专车"", ""price"": 50},
                {""index"": ""89"", ""category"": ""特惠快车"", ""carModel"": ""首汽约车"", ""price"": 12},
                {""index"": ""10"", ""category"": ""特惠快车"", ""carModel"": ""T3出行"", ""price"": 13},
                {""index"": ""91"", ""category"": ""特惠快车"", ""carModel"": ""享道出行"", ""price"": 12.5},
                {""index"": ""92"", ""category"": ""特惠快车"", ""carModel"": ""曹操出行"", ""price"": 13.8},
                {""index"": ""93"", ""category"": ""特惠快车"", ""carModel"": ""鞍马出行"", ""price"": 13.4},
                {""index"": ""94"", ""category"": ""特惠快车"", ""carModel"": ""风韵出行"", ""price"": 12.9},
                {""index"": ""95"", ""category"": ""特惠快车"", ""carModel"": ""有序出行"", ""price"": 12.6},
                {""index"": ""96"", ""category"": ""特惠快车"", ""carModel"": ""腾飞出行"", ""price"": 12.8},
                {""index"": ""97"", ""category"": ""特惠快车"", ""carModel"": ""阳光出行"", ""price"": 13},
                {""index"": ""98"", ""category"": ""特惠快车"", ""carModel"": ""叮叮出行"", ""price"": 12.2},
                {""index"": ""99"", ""category"": ""特惠快车"", ""carModel"": ""神州专车"", ""price"": 12.5},
                {""index"": ""100"", ""category"": ""特惠快车"", ""carModel"": ""迪尔出行"", ""price"": 12.6},
                {""index"": ""101"", ""category"": ""特惠快车"", ""carModel"": ""及时用车"", ""price"": 12.5},
                {""index"": ""102"", ""category"": ""特惠快车"", ""carModel"": ""有滴出行"", ""price"": 13.4},
                {""index"": ""103"", ""category"": ""特惠快车"", ""carModel"": ""环旅出行"", ""price"": 13.2},
                {""index"": ""104"", ""category"": ""特惠快车"", ""carModel"": ""沛途出行"", ""price"": 12},
                {""index"": ""105"", ""category"": ""特惠快车"", ""carModel"": ""聚优出行"", ""price"": 14},
                {""index"": ""106"", ""category"": ""特惠快车"", ""carModel"": ""南京出租"", ""price"": 16},
                {""index"": ""107"", ""category"": ""特惠快车"", ""carModel"": ""365约车"", ""price"": 12.5},
                {""index"": ""108"", ""category"": ""特惠快车"", ""carModel"": ""腾飞新出租"", ""price"": 12.3},
                {""index"": ""109"", ""category"": ""特惠快车"", ""carModel"": ""妥妥E行"", ""price"": 13},
                {""index"": ""110"", ""category"": ""特惠快车"", ""carModel"": ""聚的新出租"", ""price"": 11.8},
                {""index"": ""111"", ""category"": ""经济型"", ""carModel"": ""妥妥E行"", ""price"": 14},
                {""index"": ""112"", ""category"": ""优享型"", ""carModel"": ""365约车"", ""price"": 15},
                {""index"": ""113"", ""category"": ""品质专车"", ""carModel"": ""有序出行"", ""price"": 48},
                {""index"": ""114"", ""category"": ""六座商务"", ""carModel"": ""特价专车"", ""price"": 40},
                {""index"": ""115"", ""category"": ""特惠快车"", ""carModel"": ""旅程约车"", ""price"": 16},
                {""index"": ""116"", ""category"": ""特惠快车"", ""carModel"": ""聚优出租"", ""price"": 17},
                {""index"": ""117"", ""category"": ""特惠快车"", ""carModel"": ""聚的出租车"", ""price"": 17.9},
                {""index"": ""118"", ""category"": ""品质专车"", ""carModel"": ""享道出行"", ""price"": 38}
        ]
}",sessionId20250606lhx0002,"```json
[{""app"": ""无"", ""category"": ""无"", ""mode"": ""无"", ""price"": true, ""price_min"": 15, ""price_max"": 15, ""fast"": false}]
```",高德地图,"[{'送东西': '高德秒送'}, {'特惠快车': '365约车'}, {'优享型': '叮叮出行'}, {'经济': '腾飞新出租'}, {'品质专车': '环旅出行'}, {'特惠快车': '聚的新出租'}, {'特惠快车': 'T3出行'}, {'特惠快车': '曹操出行'}, {'品质专车': '神州专车'}, {'品质专车': '腾飞出行'}, {'推荐': '特价拼车'}, {'经济型': 'T3出行'}, {'特惠快车': '环旅出行'}, {'经济': '聚优出租'}, {'优享型': '旅程约车'}, {'特惠快车': '神州专车'}, {'特惠快车': '腾飞出行'}, {'专车': '品质专车'}, {'经济型': '鞍马出行'}, {'经济型': '神州专车'}, {'经济型': '腾飞出行'}, {'经济': 'T3出行'}, {'特惠快车': '阳光出行'}, {'特惠快车': '聚优出行'}, {'优享型': '首汽约车'}, {'经济': '鞍马出行'}, {'品质专车': '享道出行'}, {'经济': '神州专车'}, {'经济': '腾飞出行'}, {'特惠快车': '腾飞新出租'}, {'经济型': '沛途出行'}, {'特惠快车': '享道出行'}, {'优享型': '风韵出行'}, {'六座商务': '神州专车'}, {'六座商务': '腾飞出行'}, {'经济': '阳光出行'}, {'经济型': '享道出行'}, {'出租车': '鞍马聚的-低档'}, {'出租': '出租车'}, {'优享型': '有滴出行'}, {'品质专车': '鞍马出行'}, {'经济': '享道出行'}, {'特惠快车': '鞍马出行'}, {'特惠快车': '特惠快车'}, {'六座商务': '享道出行'}, {'品质专车': '有序出行'}, {'优享型': '及时用车'}, {'经济型': '叮叮出行'}, {'特惠快车': '有序出行'}, {'六座商务': '特价专车'}, {'优享型': '365约车'}, {'经济型': '有序出行'}, {'优享型': '曹操出行'}, {'经济型': '旅程约车'}, {'特惠快车': '沛途出行'}, {'品质专车': '首汽约车'}, {'特惠快车': '妥妥E行'}, {'优享型': '环旅出行'}, {'经济型': '妥妥E行'}, {'经济': '有序出行'}, {'经济': '旅程约车'}, {'经济型': '首汽约车'}, {'特快车': '特快车'}, {'优享型': '旅程专车'}, {'优享型': '阳光出行'}, {'经济': '沛途出行'}, {'经济': '妥妥E行'}, {'推荐': '品质专车'}, {'品质专车': '叮叮出行'}, {'经济型': '风韵出行'}, {'经济': '首汽约车'}, {'特惠快车': '叮叮出行'}, {'六座商务': '首汽约车'}, {'特惠快车': '有滴出行'}, {'经济型': '迪尔出行'}, {'经济': '风韵出行'}, {'经济型': '有滴出行'}, {'经济型': '南京出租'}, {'特惠快车': '旅程约车'}, {'优享型': 'T3出行'}, {'出租车': '鞍马聚的-高档出租车'}, {'经济': '叮叮出行'}, {'经济': '迪尔出行'}, {'经济': '有滴出行'}, {'经济型': '及时用车'}, {'六座商务': '六座商务'}, {'特价拼车': '特价拼车'}, {'经济型': '聚优出租'}, {'经济': '南京出租'}, {'优享型': '鞍马出行'}, {'优享型': '神州专车'}, {'优享型': '腾飞出行'}, {'六座商务': '叮叮出行'}, {'特惠快车': '首汽约车'}, {'品质专车': '风韵出行'}, {'经济型': '365约车'}, {'推荐': '顺风车'}, {'经济型': '曹操出行'}, {'经济': '及时用车'}, {'特惠快车': '风韵出行'}, {'经济型': '环旅出行'}, {'顺风车': '顺风车'}, {'优享型': '沛途出行'}, {'经济': '365约车'}, {'经济型': '鞍马聚的新出租'}, {'经济': '曹操出行'}, {'特惠快车': '迪尔出行'}, {'优享型': '享道出行'}, {'经济': '环旅出行'}, {'拼车': '极速拼车'}, {'经济型': '阳光出行'}, {'经济型': '聚优出行'}, {'特惠快车': '南京出租'}, {'经济': '鞍马聚的新出租'}, {'特惠快车': '聚的出租车'}, {'经济型': '腾飞新出租'}, {'特惠快车': '及时用车'}, {'特惠快车': '聚优出租'}]",,无,,无
坐车到观澜版画村写生，价格最好不超过65元,"[{""content"":""# 用户需求：\n坐车到观澜版画村写生，价格最好不超过65元\n\n# 用户提供示例：\n\n\n**如果用户需求与用户提供示例相同时，必须输出用户提供的结果**"",""exts"":""{\""userHistoryInputContent\"":\""坐车到观澜版画村写生，价格最好不超过65元\""}""}]",,sessionId20250606lhx0003,"```json
[{""app"": ""无"", ""category"": ""无"", ""mode"": ""无"", ""price"": true, ""price_min"": 0, ""price_max"": 65, ""fast"": false}]
```",未知,[],,无,,无
去龙岗万达广场聚餐，22元左右的车费比较合适,"[{""content"":""# 用户需求：\n去龙岗万达广场聚餐，22元左右的车费比较合适\n\n# 用户提供示例：\n\n\n**如果用户需求与用户提供示例相同时，必须输出用户提供的结果**"",""exts"":""{\""userHistoryInputContent\"":\""去龙岗万达广场聚餐，22元左右的车费比较合适\""}""}]",,sessionId20250606lhx0004,"```json
[{""app"": ""无"", ""category"": ""无"", ""mode"": ""无"", ""price"": true, ""price_min"": 22, ""price_max"": 22, ""fast"": false}]
```",未知,[],,无,,无
费用严格70元内，从昆明翠湖打车到石林景区参观,"[{""content"":""# 用户需求：\n费用严格70元内，从昆明翠湖打车到石林景区参观\n\n# 用户提供示例：\n\n\n**如果用户需求与用户提供示例相同时，必须输出用户提供的结果**"",""exts"":""{\""userHistoryInputContent\"":\""费用严格70元内，从昆明翠湖打车到石林景区参观\""}""}]",,sessionId20250606lhx0005,"```json
[{""app"": ""无"", ""category"": ""无"", ""mode"": ""无"", ""price"": true, ""price_min"": 0, ""price_max"": 70, ""fast"": false}]
```",未知,[],,无,,无
下午去华侨城医院复诊，30-35元之间的预算,"[{""content"":""# 用户需求：\n下午去华侨城医院复诊，30-35元之间的预算\n\n# 用户提供示例：\n\n\n**如果用户需求与用户提供示例相同时，必须输出用户提供的结果**"",""exts"":""{\""userHistoryInputContent\"":\""下午去华侨城医院复诊，30-35元之间的预算\""}""}]",,sessionId20250606lhx0006,"```json
[{""app"": ""无"", ""category"": ""无"", ""mode"": ""无"", ""price"": true, ""price_min"": 30, ""price_max"": 35, ""fast"": false}]
```",未知,[],,无,,无
从坂田天安云谷出发，18元内能到华为基地开会,"[{""content"":""# 用户需求：\n从坂田天安云谷出发，18元内能到华为基地开会\n\n# 用户提供示例：\n\n\n**如果用户需求与用户提供示例相同时，必须输出用户提供的结果**"",""exts"":""{\""userHistoryInputContent\"":\""从坂田天安云谷出发，18元内能到华为基地开会\""}""}]",,sessionId20250606lhx0007,"```json
[{""app"": ""无"", ""category"": ""无"", ""mode"": ""无"", ""price"": true, ""price_min"": 0, ""price_max"": 18, ""fast"": false}]
```",未知,[],,无,,无
打车到宝安体育馆打球，45到50元可以接受,"[{""content"":""# 用户需求：\n打车到宝安体育馆打球，45到50元可以接受\n\n# 用户提供示例：\n\n\n**如果用户需求与用户提供示例相同时，必须输出用户提供的结果**"",""exts"":""{\""userHistoryInputContent\"":\""打车到宝安体育馆打球，45到50元可以接受\""}""}]",,sessionId20250606lhx0008,"```json
[{""app"": ""无"", ""category"": ""无"", ""mode"": ""无"", ""price"": true, ""price_min"": 45, ""price_max"": 50, ""fast"": false}]
```",未知,[],,无,,无
去盐田海鲜街吃晚饭，35元以上费用没问题,"[{""content"":""# 用户需求：\n去盐田海鲜街吃晚饭，35元以上费用没问题\n\n# 用户提供示例：\n\n\n**如果用户需求与用户提供示例相同时，必须输出用户提供的结果**"",""exts"":""{\""userHistoryInputContent\"":\""去盐田海鲜街吃晚饭，35元以上费用没问题\""}""}]",,sessionId20250606lhx0009,"```json
[{""app"": ""无"", ""category"": ""无"", ""mode"": ""无"", ""price"": true, ""price_min"": 35, ""price_max"": 100000, ""fast"": false}]
```",未知,[],,无,,无
从梅村出发办事，50元以上车费都能接受,"[{""content"":""# 用户需求：\n从梅村出发办事，50元以上车费都能接受\n\n# 用户提供示例：\n\n\n**如果用户需求与用户提供示例相同时，必须输出用户提供的结果**"",""exts"":""{\""userHistoryInputContent\"":\""从梅村出发办事，50元以上车费都能接受\""}""}]",,sessionId20250606lhx0010,"```json
[{""app"": ""无"", ""category"": ""无"", ""mode"": ""无"", ""price"": true, ""price_min"": 50, ""price_max"": 100000, ""fast"": false}]
```",未知,[],,无,,无
坐车去广州长隆玩，珠江新城过去别超35元,"[{""content"":""# 用户需求：\n坐车去广州长隆玩，珠江新城过去别超35元\n\n# 用户提供示例：\n\n\n**如果用户需求与用户提供示例相同时，必须输出用户提供的结果**"",""exts"":""{\""userHistoryInputContent\"":\""坐车去广州长隆玩，珠江新城过去别超35元\""}""}]",,sessionId20250606lhx0011,"```json
[{""app"": ""无"", ""category"": ""无"", ""mode"": ""无"", ""price"": true, ""price_min"": 0, ""price_max"": 35, ""fast"": false}]
```",未知,[],,无,,无
晚上去深圳湾公园散步，85元左右比较合适,"[{""content"":""# 用户需求：\n晚上去深圳湾公园散步，85元左右比较合适\n\n# 用户提供示例：\n\n\n**如果用户需求与用户提供示例相同时，必须输出用户提供的结果**"",""exts"":""{\""userHistoryInputContent\"":\""晚上去深圳湾公园散步，85元左右比较合适\""}""}]",,sessionId20250606lhx0012,"```json
[{""app"": ""无"", ""category"": ""无"", ""mode"": ""无"", ""price"": true, ""price_min"": 85, ""price_max"": 85, ""fast"": false}]
```",未知,[],,无,,无
从济南趵突泉到奥体中心，20元以内能接受,"[{""content"":""# 用户需求：\n从济南趵突泉到奥体中心，20元以内能接受\n\n# 用户提供示例：\n\n\n**如果用户需求与用户提供示例相同时，必须输出用户提供的结果**"",""exts"":""{\""userHistoryInputContent\"":\""从济南趵突泉到奥体中心，20元以内能接受\""}""}]",,sessionId20250606lhx0013,"```json
[{""app"": ""无"", ""category"": ""无"", ""mode"": ""无"", ""price"": true, ""price_min"": 0, ""price_max"": 20, ""fast"": false}]
```",未知,[],,无,,无
预算90-110元，万象城到机场赶飞机,"[{""content"":""# 用户需求：\n预算90-110元，万象城到机场赶飞机\n\n# 用户提供示例：\n\n\n**如果用户需求与用户提供示例相同时，必须输出用户提供的结果**"",""exts"":""{\""userHistoryInputContent\"":\""预算90-110元，万象城到机场赶飞机\""}""}]",,sessionId20250606lhx0014,"```json
[{""app"": ""无"", ""category"": ""无"", ""mode"": ""无"", ""price"": true, ""price_min"": 90, ""price_max"": 110, ""fast"": false}]
```",未知,[],,无,,无
去佛山顺德清晖园考察，千灯湖出发25元上下,"[{""content"":""# 用户需求：\n去佛山顺德清晖园考察，千灯湖出发25元上下\n\n# 用户提供示例：\n\n\n**如果用户需求与用户提供示例相同时，必须输出用户提供的结果**"",""exts"":""{\""userHistoryInputContent\"":\""去佛山顺德清晖园考察，千灯湖出发25元上下\""}""}]",,sessionId20250606lhx0015,"```json
[{""app"": ""无"", ""category"": ""无"", ""mode"": ""无"", ""price"": true, ""price_min"": 25, ""price_max"": 25, ""fast"": false}]
```",未知,[],,无,,无
从郑州少林寺到东站接人，别超55元,"[{""content"":""# 用户需求：\n从郑州少林寺到东站接人，别超55元\n\n# 用户提供示例：\n\n\n**如果用户需求与用户提供示例相同时，必须输出用户提供的结果**"",""exts"":""{\""userHistoryInputContent\"":\""从郑州少林寺到东站接人，别超55元\""}""}]",,sessionId20250606lhx0016,"```json
[{""app"": ""无"", ""category"": ""无"", ""mode"": ""无"", ""price"": true, ""price_min"": 0, ""price_max"": 55, ""fast"": false}]
```",未知,[],,无,,无
打车到西安兵马俑参观，大雁塔出发最多60元以下,"[{""content"":""# 用户需求：\n打车到西安兵马俑参观，大雁塔出发最多60元以下\n\n# 用户提供示例：\n\n\n**如果用户需求与用户提供示例相同时，必须输出用户提供的结果**"",""exts"":""{\""userHistoryInputContent\"":\""打车到西安兵马俑参观，大雁塔出发最多60元以下\""}""}]",,sessionId20250606lhx0017,"```json
[{""app"": ""无"", ""category"": ""无"", ""mode"": ""无"", ""price"": true, ""price_min"": 0, ""price_max"": 60, ""fast"": false}]
```",未知,[],,无,,无
去厦门曾厝垵逛街，厦大过去10元左右车费,"[{""content"":""# 用户需求：\n去厦门曾厝垵逛街，厦大过去10元左右车费\n\n# 用户提供示例：\n\n\n**如果用户需求与用户提供示例相同时，必须输出用户提供的结果**"",""exts"":""{\""userHistoryInputContent\"":\""去厦门曾厝垵逛街，厦大过去10元左右车费\""}""}]",,sessionId20250606lhx0018,"```json
[{""app"": ""无"", ""category"": ""无"", ""mode"": ""无"", ""price"": true, ""price_min"": 10, ""price_max"": 10, ""fast"": false}]
```",未知,[],,无,,无
从合肥包公园到巢湖考察，别超过45元,"[{""content"":""# 用户需求：\n从合肥包公园到巢湖考察，别超过45元\n\n# 用户提供示例：\n\n\n**如果用户需求与用户提供示例相同时，必须输出用户提供的结果**"",""exts"":""{\""userHistoryInputContent\"":\""从合肥包公园到巢湖考察，别超过45元\""}""}]",,sessionId20250606lhx0019,"```json
[{""app"": ""无"", ""category"": ""无"", ""mode"": ""无"", ""price"": true, ""price_min"": 0, ""price_max"": 45, ""fast"": false}]
```",未知,[],,无,,无
坐车去天津滨海新区，之眼出发30元内,"[{""content"":""# 用户需求：\n坐车去天津滨海新区，之眼出发30元内\n\n# 用户提供示例：\n\n\n**如果用户需求与用户提供示例相同时，必须输出用户提供的结果**"",""exts"":""{\""userHistoryInputContent\"":\""坐车去天津滨海新区，之眼出发30元内\""}""}]",,sessionId20250606lhx0020,"```json
[{""app"": ""无"", ""category"": ""无"", ""mode"": ""无"", ""price"": true, ""price_min"": 0, ""price_max"": 30, ""fast"": false}]
```",未知,[],,无,,无
去深圳书城买资料，50元上下预算足够,"[{""content"":""# 用户需求：\n去深圳书城买资料，50元上下预算足够\n\n# 用户提供示例：\n\n\n**如果用户需求与用户提供示例相同时，必须输出用户提供的结果**"",""exts"":""{\""userHistoryInputContent\"":\""去深圳书城买资料，50元上下预算足够\""}""}]",,sessionId20250606lhx0021,"```json
[{""app"": ""无"", ""category"": ""无"", ""mode"": ""无"", ""price"": true, ""price_min"": 50, ""price_max"": 50, ""fast"": false}]
```",未知,[],,无,,无
从南宁青秀山到方特乐园，25元上下车费,"[{""content"":""# 用户需求：\n从南宁青秀山到方特乐园，25元上下车费\n\n# 用户提供示例：\n\n\n**如果用户需求与用户提供示例相同时，必须输出用户提供的结果**"",""exts"":""{\""userHistoryInputContent\"":\""从南宁青秀山到方特乐园，25元上下车费\""}""}]",,sessionId20250606lhx0022,"```json
[{""app"": ""无"", ""category"": ""无"", ""mode"": ""无"", ""price"": true, ""price_min"": 25, ""price_max"": 25, ""fast"": false}]
```",未知,[],,无,,无
打车到沈阳棋盘山，故宫出发差不多30块,"[{""content"":""# 用户需求：\n打车到沈阳棋盘山，故宫出发差不多30块\n\n# 用户提供示例：\n\n\n**如果用户需求与用户提供示例相同时，必须输出用户提供的结果**"",""exts"":""{\""userHistoryInputContent\"":\""打车到沈阳棋盘山，故宫出发差不多30块\""}""}]",,sessionId20250606lhx0023,"```json
[{""app"": ""无"", ""category"": ""无"", ""mode"": ""无"", ""price"": true, ""price_min"": 30, ""price_max"": 30, ""fast"": false}]
```",未知,[],,无,,无
去苏州同里古镇游玩，金鸡湖过去40块左右,"[{""content"":""# 用户需求：\n去苏州同里古镇游玩，金鸡湖过去40块左右\n\n# 用户提供示例：\n\n\n**如果用户需求与用户提供示例相同时，必须输出用户提供的结果**"",""exts"":""{\""userHistoryInputContent\"":\""去苏州同里古镇游玩，金鸡湖过去40块左右\""}""}]",,sessionId20250606lhx0024,"```json
[{""app"": ""无"", ""category"": ""无"", ""mode"": ""无"", ""price"": true, ""price_min"": 40, ""price_max"": 40, ""fast"": false}]
```",未知,[],,无,,无
从武汉黄鹤楼到东湖开会，20元上下浮动,"[{""content"":""# 用户需求：\n从武汉黄鹤楼到东湖开会，20元上下浮动\n\n# 用户提供示例：\n\n\n**如果用户需求与用户提供示例相同时，必须输出用户提供的结果**"",""exts"":""{\""userHistoryInputContent\"":\""从武汉黄鹤楼到东湖开会，20元上下浮动\""}""}]",,sessionId20250606lhx0025,"```json
[{""app"": ""无"", ""category"": ""无"", ""mode"": ""无"", ""price"": true, ""price_min"": 20, ""price_max"": 20, ""fast"": false}]
```",未知,[],,无,,无
费用35元左右，南山科技园到福田口岸通关,"[{""content"":""# 用户需求：\n费用35元左右，南山科技园到福田口岸通关\n\n# 用户提供示例：\n\n\n**如果用户需求与用户提供示例相同时，必须输出用户提供的结果**"",""exts"":""{\""userHistoryInputContent\"":\""费用35元左右，南山科技园到福田口岸通关\""}""}]",,sessionId20250606lhx0026,"```json
[{""app"": ""无"", ""category"": ""无"", ""mode"": ""无"", ""price"": true, ""price_min"": 35, ""price_max"": 35, ""fast"": false}]
```",未知,[],,无,,无
去杭州西湖见客户，阿里巴巴园区出发18块差不多,"[{""content"":""# 用户需求：\n去杭州西湖见客户，阿里巴巴园区出发18块差不多\n\n# 用户提供示例：\n\n\n**如果用户需求与用户提供示例相同时，必须输出用户提供的结果**"",""exts"":""{\""userHistoryInputContent\"":\""去杭州西湖见客户，阿里巴巴园区出发18块差不多\""}""}]",,sessionId20250606lhx0027,"```json
[{""app"": ""无"", ""category"": ""无"", ""mode"": ""无"", ""price"": true, ""price_min"": 18, ""price_max"": 18, ""fast"": false}]
```",未知,[],,无,,无
从重庆洪崖洞到磁器口吃火锅，别超25元,"[{""content"":""# 用户需求：\n从重庆洪崖洞到磁器口吃火锅，别超25元\n\n# 用户提供示例：\n\n\n**如果用户需求与用户提供示例相同时，必须输出用户提供的结果**"",""exts"":""{\""userHistoryInputContent\"":\""从重庆洪崖洞到磁器口吃火锅，别超25元\""}""}]",,sessionId20250606lhx0028,"```json
[{""app"": ""无"", ""category"": ""无"", ""mode"": ""无"", ""price"": true, ""price_min"": 0, ""price_max"": 25, ""fast"": false}]
```",未知,[],,无,,无
预算50-60元，福州上下杭到平潭岛考察,"[{""content"":""# 用户需求：\n预算50-60元，福州上下杭到平潭岛考察\n\n# 用户提供示例：\n\n\n**如果用户需求与用户提供示例相同时，必须输出用户提供的结果**"",""exts"":""{\""userHistoryInputContent\"":\""预算50-60元，福州上下杭到平潭岛考察\""}""}]",,sessionId20250606lhx0029,"```json
[{""app"": ""无"", ""category"": ""无"", ""mode"": ""无"", ""price"": true, ""price_min"": 50, ""price_max"": 60, ""fast"": false}]
```",未知,[],,无,,无
去大鹏地质公园调研，75元以上预算充足,"[{""content"":""# 用户需求：\n去大鹏地质公园调研，75元以上预算充足\n\n# 用户提供示例：\n\n\n**如果用户需求与用户提供示例相同时，必须输出用户提供的结果**"",""exts"":""{\""userHistoryInputContent\"":\""去大鹏地质公园调研，75元以上预算充足\""}""}]",,sessionId20250606lhx0030,"```json
[{""app"": ""无"", ""category"": ""无"", ""mode"": ""无"", ""price"": true, ""price_min"": 75, ""price_max"": 100000, ""fast"": false}]
```",未知,[],,无,,无
从南京夫子庙到中山陵参观，15到20元内,"[{""content"":""# 用户需求：\n从南京夫子庙到中山陵参观，15到20元内\n\n# 用户提供示例：\n\n\n**如果用户需求与用户提供示例相同时，必须输出用户提供的结果**"",""exts"":""{\""userHistoryInputContent\"":\""从南京夫子庙到中山陵参观，15到20元内\""}""}]",,sessionId20250606lhx0031,"```json
[{""app"": ""无"", ""category"": ""无"", ""mode"": ""无"", ""price"": true, ""price_min"": 15, ""price_max"": 20, ""fast"": false}]
```",未知,[],,无,,无
晚上去华侨城OCT创意园，差不多150元车费,"[{""content"":""# 用户需求：\n晚上去华侨城OCT创意园，差不多150元车费\n\n# 用户提供示例：\n\n\n**如果用户需求与用户提供示例相同时，必须输出用户提供的结果**"",""exts"":""{\""userHistoryInputContent\"":\""晚上去华侨城OCT创意园，差不多150元车费\""}""}]",,sessionId20250606lhx0032,"```json
[{""app"": ""无"", ""category"": ""无"", ""mode"": ""无"", ""price"": true, ""price_min"": 150, ""price_max"": 150, ""fast"": false}]
```",未知,[],,无,,无
坐车到成都天府机场，宽窄巷子出发45元以内,"[{""content"":""# 用户需求：\n坐车到成都天府机场，宽窄巷子出发45元以内\n\n# 用户提供示例：\n\n\n**如果用户需求与用户提供示例相同时，必须输出用户提供的结果**"",""exts"":""{\""userHistoryInputContent\"":\""坐车到成都天府机场，宽窄巷子出发45元以内\""}""}]",,sessionId20250606lhx0033,"```json
[{""app"": ""无"", ""category"": ""无"", ""mode"": ""无"", ""price"": true, ""price_min"": 0, ""price_max"": 45, ""fast"": false}]
```",未知,[],,无,,无
去长沙岳麓山考察，橘子洲头出发25-30元,"[{""content"":""# 用户需求：\n去长沙岳麓山考察，橘子洲头出发25-30元\n\n# 用户提供示例：\n\n\n**如果用户需求与用户提供示例相同时，必须输出用户提供的结果**"",""exts"":""{\""userHistoryInputContent\"":\""去长沙岳麓山考察，橘子洲头出发25-30元\""}""}]",,sessionId20250606lhx0034,"```json
[{""app"": ""无"", ""category"": ""无"", ""mode"": ""无"", ""price"": true, ""price_min"": 25, ""price_max"": 30, ""fast"": false}]
```",未知,[],,无,,无
从东莞虎门到广州南站，最多40元以下,"[{""content"":""# 用户需求：\n从东莞虎门到广州南站，最多40元以下\n\n# 用户提供示例：\n\n\n**如果用户需求与用户提供示例相同时，必须输出用户提供的结果**"",""exts"":""{\""userHistoryInputContent\"":\""从东莞虎门到广州南站，最多40元以下\""}""}]",,sessionId20250606lhx0035,"```json
[{""app"": ""无"", ""category"": ""无"", ""mode"": ""无"", ""price"": true, ""price_min"": 0, ""price_max"": 40, ""fast"": false}]
```",未知,[],,无,,无
打车去青岛崂山景区，栈桥出发严格18-22元,"[{""content"":""# 用户需求：\n打车去青岛崂山景区，栈桥出发严格18-22元\n\n# 用户提供示例：\n\n\n**如果用户需求与用户提供示例相同时，必须输出用户提供的结果**"",""exts"":""{\""userHistoryInputContent\"":\""打车去青岛崂山景区，栈桥出发严格18-22元\""}""}]",,sessionId20250606lhx0036,"```json
[{""app"": ""无"", ""category"": ""无"", ""mode"": ""无"", ""price"": true, ""price_min"": 18, ""price_max"": 22, ""fast"": false}]
```",未知,[],,无,,无
去深圳坪山高铁站赶车，60元内可接受,"[{""content"":""# 用户需求：\n去深圳坪山高铁站赶车，60元内可接受\n\n# 用户提供示例：\n\n\n**如果用户需求与用户提供示例相同时，必须输出用户提供的结果**"",""exts"":""{\""userHistoryInputContent\"":\""去深圳坪山高铁站赶车，60元内可接受\""}""}]",,sessionId20250606lhx0037,"```json
[{""app"": ""无"", ""category"": ""无"", ""mode"": ""无"", ""price"": true, ""price_min"": 0, ""price_max"": 60, ""fast"": false}]
```",未知,[],,无,,无
从珠海情侣路到横琴口岸，别超35元,"[{""content"":""# 用户需求：\n从珠海情侣路到横琴口岸，别超35元\n\n# 用户提供示例：\n\n\n**如果用户需求与用户提供示例相同时，必须输出用户提供的结果**"",""exts"":""{\""userHistoryInputContent\"":\""从珠海情侣路到横琴口岸，别超35元\""}""}]",,sessionId20250606lhx0038,"```json
[{""app"": ""无"", ""category"": ""无"", ""mode"": ""无"", ""price"": true, ""price_min"": 0, ""price_max"": 35, ""fast"": false}]
```",未知,[],,无,,无
费用22元内，平湖物流基地到坂田送货,"[{""content"":""# 用户需求：\n费用22元内，平湖物流基地到坂田送货\n\n# 用户提供示例：\n\n\n**如果用户需求与用户提供示例相同时，必须输出用户提供的结果**"",""exts"":""{\""userHistoryInputContent\"":\""费用22元内，平湖物流基地到坂田送货\""}""}]",,sessionId20250606lhx0039,"```json
[{""app"": ""无"", ""category"": ""无"", ""mode"": ""无"", ""price"": true, ""price_min"": 0, ""price_max"": 22, ""fast"": false}]
```",未知,[],,无,,无
去北京首都机场T3接机，望京SOHO出发25-30元,"[{""content"":""# 用户需求：\n去北京首都机场T3接机，望京SOHO出发25-30元\n\n# 用户提供示例：\n\n\n**如果用户需求与用户提供示例相同时，必须输出用户提供的结果**"",""exts"":""{\""userHistoryInputContent\"":\""去北京首都机场T3接机，望京SOHO出发25-30元\""}""}]",,sessionId20250606lhx0040,"```json
[{""app"": ""无"", ""category"": ""无"", ""mode"": ""无"", ""price"": true, ""price_min"": 25, ""price_max"": 30, ""fast"": false}]
```",未知,[],,无,,无
从上海外滩到迪士尼游玩，50元上下预算,"[{""content"":""# 用户需求：\n从上海外滩到迪士尼游玩，50元上下预算\n\n# 用户提供示例：\n\n\n**如果用户需求与用户提供示例相同时，必须输出用户提供的结果**"",""exts"":""{\""userHistoryInputContent\"":\""从上海外滩到迪士尼游玩，50元上下预算\""}""}]",,sessionId20250606lhx0041,"```json
[{""app"": ""无"", ""category"": ""无"", ""mode"": ""无"", ""price"": true, ""price_min"": 50, ""price_max"": 50, ""fast"": false}]
```",未知,[],,无,,无
坐车到天津滨海新区开会，之眼出发30元内,"[{""content"":""# 用户需求：\n坐车到天津滨海新区开会，之眼出发30元内\n\n# 用户提供示例：\n\n\n**如果用户需求与用户提供示例相同时，必须输出用户提供的结果**"",""exts"":""{\""userHistoryInputContent\"":\""坐车到天津滨海新区开会，之眼出发30元内\""}""}]",,sessionId20250606lhx0042,"```json
[{""app"": ""无"", ""category"": ""无"", ""mode"": ""无"", ""price"": true, ""price_min"": 0, ""price_max"": 30, ""fast"": false}]
```",未知,[],,无,,无
去大芬油画村看展，不超过20元到龙岗大道,"[{""content"":""# 用户需求：\n去大芬油画村看展，不超过20元到龙岗大道\n\n# 用户提供示例：\n\n\n**如果用户需求与用户提供示例相同时，必须输出用户提供的结果**"",""exts"":""{\""userHistoryInputContent\"":\""去大芬油画村看展，不超过20元到龙岗大道\""}""}]",,sessionId20250606lhx0043,"```json
[{""app"": ""无"", ""category"": ""无"", ""mode"": ""无"", ""price"": true, ""price_min"": 0, ""price_max"": 20, ""fast"": false}]
```",未知,[],,无,,无
从沈阳故宫到棋盘山郊游，差不多30块,"[{""content"":""# 用户需求：\n从沈阳故宫到棋盘山郊游，差不多30块\n\n# 用户提供示例：\n\n\n**如果用户需求与用户提供示例相同时，必须输出用户提供的结果**"",""exts"":""{\""userHistoryInputContent\"":\""从沈阳故宫到棋盘山郊游，差不多30块\""}""}]",,sessionId20250606lhx0044,"```json
[{""app"": ""无"", ""category"": ""无"", ""mode"": ""无"", ""price"": true, ""price_min"": 30, ""price_max"": 30, ""fast"": false}]
```",未知,[],,无,,无
打车到龙岗大道方向，预算40元上下浮动3元,"[{""content"":""# 用户需求：\n打车到龙岗大道方向，预算40元上下浮动3元\n\n# 用户提供示例：\n\n\n**如果用户需求与用户提供示例相同时，必须输出用户提供的结果**"",""exts"":""{\""userHistoryInputContent\"":\""打车到龙岗大道方向，预算40元上下浮动3元\""}""}]",,sessionId20250606lhx0045,"```json
[{""app"": ""无"", ""category"": ""无"", ""mode"": ""无"", ""price"": true, ""price_min"": 37, ""price_max"": 43, ""fast"": false}]
```",未知,[],,无,,无
去福田CBD参加会议，25元之内能接受,"[{""content"":""# 用户需求：\n去福田CBD参加会议，25元之内能接受\n\n# 用户提供示例：\n\n\n**如果用户需求与用户提供示例相同时，必须输出用户提供的结果**"",""exts"":""{\""userHistoryInputContent\"":\""去福田CBD参加会议，25元之内能接受\""}""}]",,sessionId20250606lhx0046,"```json
[{""app"": ""无"", ""category"": ""无"", ""mode"": ""无"", ""price"": true, ""price_min"": 0, ""price_max"": 25, ""fast"": false}]
```",未知,[],,无,,无
从深圳动物园到会展中心，120块差不多就行,"[{""content"":""# 用户需求：\n从深圳动物园到会展中心，120块差不多就行\n\n# 用户提供示例：\n\n\n**如果用户需求与用户提供示例相同时，必须输出用户提供的结果**"",""exts"":""{\""userHistoryInputContent\"":\""从深圳动物园到会展中心，120块差不多就行\""}""}]",,sessionId20250606lhx0047,"```json
[{""app"": ""无"", ""category"": ""无"", ""mode"": ""无"", ""price"": true, ""price_min"": 120, ""price_max"": 120, ""fast"": false}]
```",未知,[],,无,,无
坐车到白石龙见朋友，45块以上没问题,"[{""content"":""# 用户需求：\n坐车到白石龙见朋友，45块以上没问题\n\n# 用户提供示例：\n\n\n**如果用户需求与用户提供示例相同时，必须输出用户提供的结果**"",""exts"":""{\""userHistoryInputContent\"":\""坐车到白石龙见朋友，45块以上没问题\""}""}]",,sessionId20250606lhx0048,"```json
[{""app"": ""无"", ""category"": ""无"", ""mode"": ""无"", ""price"": true, ""price_min"": 45, ""price_max"": 100000, ""fast"": false}]
```",未知,[],,无,,无
去莲花山公园晨练，80-85元之间费用,"[{""content"":""# 用户需求：\n去莲花山公园晨练，80-85元之间费用\n\n# 用户提供示例：\n\n\n**如果用户需求与用户提供示例相同时，必须输出用户提供的结果**"",""exts"":""{\""userHistoryInputContent\"":\""去莲花山公园晨练，80-85元之间费用\""}""}]",,sessionId20250606lhx0049,"```json
[{""app"": ""无"", ""category"": ""无"", ""mode"": ""无"", ""price"": true, ""price_min"": 80, ""price_max"": 85, ""fast"": false}]
```",未知,[],,无,,无
从深圳湾口岸到机场，50元左右赶时间,"[{""content"":""# 用户需求：\n从深圳湾口岸到机场，50元左右赶时间\n\n# 用户提供示例：\n\n\n**如果用户需求与用户提供示例相同时，必须输出用户提供的结果**"",""exts"":""{\""userHistoryInputContent\"":\""从深圳湾口岸到机场，50元左右赶时间\""}""}]",,sessionId20250606lhx0050,"```json
[{""app"": ""无"", ""category"": ""无"", ""mode"": ""无"", ""price"": true, ""price_min"": 50, ""price_max"": 50, ""fast"": false}]
```",未知,[],,无,,无
去观澜湖高尔夫打车预算70-80元要提前确认路线,"[{""content"":""# 用户需求：\n去观澜湖高尔夫打车预算70-80元要提前确认路线\n\n# 用户提供示例：\n\n\n**如果用户需求与用户提供示例相同时，必须输出用户提供的结果**"",""exts"":""{\""userHistoryInputContent\"":\""去观澜湖高尔夫打车预算70-80元要提前确认路线\""}""}]",,sessionId20250606lhx0051,"```json
[{""app"": ""无"", ""category"": ""无"", ""mode"": ""无"", ""price"": true, ""price_min"": 70, ""price_max"": 80, ""fast"": false}]
```",未知,[],,无,,无
坪山中心公园坐车费用不超过18元记得打表计价,"[{""content"":""# 用户需求：\n坪山中心公园坐车费用不超过18元记得打表计价\n\n# 用户提供示例：\n\n\n**如果用户需求与用户提供示例相同时，必须输出用户提供的结果**"",""exts"":""{\""userHistoryInputContent\"":\""坪山中心公园坐车费用不超过18元记得打表计价\""}""}]",,sessionId20250606lhx0052,"```json
[{""app"": ""无"", ""category"": ""无"", ""mode"": ""无"", ""price"": true, ""price_min"": 0, ""price_max"": 18, ""fast"": false}]
```",未知,[],,无,,无
大浪时尚小镇打的过去60元上下要看具体上车点,"[{""content"":""# 用户需求：\n大浪时尚小镇打的过去60元上下要看具体上车点\n\n# 用户提供示例：\n\n\n**如果用户需求与用户提供示例相同时，必须输出用户提供的结果**"",""exts"":""{\""userHistoryInputContent\"":\""大浪时尚小镇打的过去60元上下要看具体上车点\""}""}]",,sessionId20250606lhx0053,"```json
[{""app"": ""无"", ""category"": ""无"", ""mode"": ""无"", ""price"": true, ""price_min"": 60, ""price_max"": 60, ""fast"": false}]
```",未知,[],,无,,无
深圳北站中心公园车费必须控制在25-30元区间,"[{""content"":""# 用户需求：\n深圳北站中心公园车费必须控制在25-30元区间\n\n# 用户提供示例：\n\n\n**如果用户需求与用户提供示例相同时，必须输出用户提供的结果**"",""exts"":""{\""userHistoryInputContent\"":\""深圳北站中心公园车费必须控制在25-30元区间\""}""}]",,sessionId20250606lhx0054,"```json
[{""app"": ""无"", ""category"": ""无"", ""mode"": ""无"", ""price"": true, ""price_min"": 25, ""price_max"": 30, ""fast"": false}]
```",未知,[],,无,,无
坂雪岗科技城坐车28元左右建议平台叫车更透明,"[{""content"":""# 用户需求：\n坂雪岗科技城坐车28元左右建议平台叫车更透明\n\n# 用户提供示例：\n\n\n**如果用户需求与用户提供示例相同时，必须输出用户提供的结果**"",""exts"":""{\""userHistoryInputContent\"":\""坂雪岗科技城坐车28元左右建议平台叫车更透明\""}""}]",,sessionId20250606lhx0055,"```json
[{""app"": ""无"", ""category"": ""无"", ""mode"": ""无"", ""price"": true, ""price_min"": 28, ""price_max"": 28, ""fast"": false}]
```",未知,[],,无,,无
龙岗文化中心打车费用75元以上可能涉及跨区费,"[{""content"":""# 用户需求：\n龙岗文化中心打车费用75元以上可能涉及跨区费\n\n# 用户提供示例：\n\n\n**如果用户需求与用户提供示例相同时，必须输出用户提供的结果**"",""exts"":""{\""userHistoryInputContent\"":\""龙岗文化中心打车费用75元以上可能涉及跨区费\""}""}]",,sessionId20250606lhx0056,"```json
[{""app"": ""无"", ""category"": ""无"", ""mode"": ""无"", ""price"": true, ""price_min"": 75, ""price_max"": 100000, ""fast"": false}]
```",未知,[],,无,,无
盐田港码头预算55元内可接受要确认是否含高速,"[{""content"":""# 用户需求：\n盐田港码头预算55元内可接受要确认是否含高速\n\n# 用户提供示例：\n\n\n**如果用户需求与用户提供示例相同时，必须输出用户提供的结果**"",""exts"":""{\""userHistoryInputContent\"":\""盐田港码头预算55元内可接受要确认是否含高速\""}""}]",,sessionId20250606lhx0057,"```json
[{""app"": ""无"", ""category"": ""无"", ""mode"": ""无"", ""price"": true, ""price_min"": 0, ""price_max"": 55, ""fast"": false}]
```",未知,[],,无,,无
深圳人才公园坐车固定价17元直接扬招就行,"[{""content"":""# 用户需求：\n深圳人才公园坐车固定价17元直接扬招就行\n\n# 用户提供示例：\n\n\n**如果用户需求与用户提供示例相同时，必须输出用户提供的结果**"",""exts"":""{\""userHistoryInputContent\"":\""深圳人才公园坐车固定价17元直接扬招就行\""}""}]",,sessionId20250606lhx0058,"```json
[{""app"": ""无"", ""category"": ""无"", ""mode"": ""无"", ""price"": true, ""price_min"": 17, ""price_max"": 17, ""fast"": false}]
```",未知,[],,无,,无
华润小径湾打车预算120-150元需提前规划时间,"[{""content"":""# 用户需求：\n华润小径湾打车预算120-150元需提前规划时间\n\n# 用户提供示例：\n\n\n**如果用户需求与用户提供示例相同时，必须输出用户提供的结果**"",""exts"":""{\""userHistoryInputContent\"":\""华润小径湾打车预算120-150元需提前规划时间\""}""}]",,sessionId20250606lhx0059,"```json
[{""app"": ""无"", ""category"": ""无"", ""mode"": ""无"", ""price"": true, ""price_min"": 120, ""price_max"": 150, ""fast"": false}]
```",未知,[],,无,,无
坪山实验学校坐车15元差不多带零钱更方便,"[{""content"":""# 用户需求：\n坪山实验学校坐车15元差不多带零钱更方便\n\n# 用户提供示例：\n\n\n**如果用户需求与用户提供示例相同时，必须输出用户提供的结果**"",""exts"":""{\""userHistoryInputContent\"":\""坪山实验学校坐车15元差不多带零钱更方便\""}""}]",,sessionId20250606lhx0060,"```json
[{""app"": ""无"", ""category"": ""无"", ""mode"": ""无"", ""price"": true, ""price_min"": 15, ""price_max"": 15, ""fast"": false}]
```",未知,[],,无,,无
大鹏古城打车费用65元左右要看具体出发位置,"[{""content"":""# 用户需求：\n大鹏古城打车费用65元左右要看具体出发位置\n\n# 用户提供示例：\n\n\n**如果用户需求与用户提供示例相同时，必须输出用户提供的结果**"",""exts"":""{\""userHistoryInputContent\"":\""大鹏古城打车费用65元左右要看具体出发位置\""}""}]",,sessionId20250606lhx0061,"```json
[{""app"": ""无"", ""category"": ""无"", ""mode"": ""无"", ""price"": true, ""price_min"": 65, ""price_max"": 65, ""fast"": false}]
```",未知,[],,无,,无
深圳湾万象城车费90-100元区间注意避开晚高峰,"[{""content"":""# 用户需求：\n深圳湾万象城车费90-100元区间注意避开晚高峰\n\n# 用户提供示例：\n\n\n**如果用户需求与用户提供示例相同时，必须输出用户提供的结果**"",""exts"":""{\""userHistoryInputContent\"":\""深圳湾万象城车费90-100元区间注意避开晚高峰\""}""}]",,sessionId20250606lhx0062,"```json
[{""app"": ""无"", ""category"": ""无"", ""mode"": ""无"", ""price"": true, ""price_min"": 90, ""price_max"": 100, ""fast"": false}]
```",未知,[],,无,,无
龙华星河COCO City打的22-25元建议错峰出行,"[{""content"":""# 用户需求：\n龙华星河COCO City打的22-25元建议错峰出行\n\n# 用户提供示例：\n\n\n**如果用户需求与用户提供示例相同时，必须输出用户提供的结果**"",""exts"":""{\""userHistoryInputContent\"":\""龙华星河COCO City打的22-25元建议错峰出行\""}""}]",,sessionId20250606lhx0063,"```json
[{""app"": ""无"", ""category"": ""无"", ""mode"": ""无"", ""price"": true, ""price_min"": 22, ""price_max"": 25, ""fast"": false}]
```",未知,[],,无,,无
深圳机场码头坐车预算20元内要确认计价方式,"[{""content"":""# 用户需求：\n深圳机场码头坐车预算20元内要确认计价方式\n\n# 用户提供示例：\n\n\n**如果用户需求与用户提供示例相同时，必须输出用户提供的结果**"",""exts"":""{\""userHistoryInputContent\"":\""深圳机场码头坐车预算20元内要确认计价方式\""}""}]",,sessionId20250606lhx0064,"```json
[{""app"": ""无"", ""category"": ""无"", ""mode"": ""无"", ""price"": true, ""price_min"": 0, ""price_max"": 20, ""fast"": false}]
```",未知,[],,无,,无
坪山燕子湖打车不超过16元记得要求司机打表,"[{""content"":""# 用户需求：\n坪山燕子湖打车不超过16元记得要求司机打表\n\n# 用户提供示例：\n\n\n**如果用户需求与用户提供示例相同时，必须输出用户提供的结果**"",""exts"":""{\""userHistoryInputContent\"":\""坪山燕子湖打车不超过16元记得要求司机打表\""}""}]",,sessionId20250606lhx0065,"```json
[{""app"": ""无"", ""category"": ""无"", ""mode"": ""无"", ""price"": true, ""price_min"": 0, ""price_max"": 16, ""fast"": false}]
```",未知,[],,无,,无
华侨城欢乐海岸车费180元可接受但建议拼车,"[{""content"":""# 用户需求：\n华侨城欢乐海岸车费180元可接受但建议拼车\n\n# 用户提供示例：\n\n\n**如果用户需求与用户提供示例相同时，必须输出用户提供的结果**"",""exts"":""{\""userHistoryInputContent\"":\""华侨城欢乐海岸车费180元可接受但建议拼车\""}""}]",,sessionId20250606lhx0066,"```json
[{""app"": ""无"", ""category"": ""可以接受拼车"", ""mode"": ""无"", ""price"": true, ""price_min"": 180, ""price_max"": 180, ""fast"": false}]
```",未知,[],,无,,无
盐田港保税区打的38元左右要确认是否走快速路,"[{""content"":""# 用户需求：\n盐田港保税区打的38元左右要确认是否走快速路\n\n# 用户提供示例：\n\n\n**如果用户需求与用户提供示例相同时，必须输出用户提供的结果**"",""exts"":""{\""userHistoryInputContent\"":\""盐田港保税区打的38元左右要确认是否走快速路\""}""}]",,sessionId20250606lhx0067,"```json
[{""app"": ""无"", ""category"": ""无"", ""mode"": ""无"", ""price"": true, ""price_min"": 38, ""price_max"": 38, ""fast"": false}]
```",未知,[],,无,,无
深圳湾超级总部打车价格85元以上需明确目的地,"[{""content"":""# 用户需求：\n深圳湾超级总部打车价格85元以上需明确目的地\n\n# 用户提供示例：\n\n\n**如果用户需求与用户提供示例相同时，必须输出用户提供的结果**"",""exts"":""{\""userHistoryInputContent\"":\""深圳湾超级总部打车价格85元以上需明确目的地\""}""}]",,sessionId20250606lhx0068,"```json
[{""app"": ""无"", ""category"": ""无"", ""mode"": ""无"", ""price"": true, ""price_min"": 85, ""price_max"": 100000, ""fast"": false}]
```",未知,[],,无,,无
大梅沙奥特莱斯坐车预算50-55元要留缓冲时间,"[{""content"":""# 用户需求：\n大梅沙奥特莱斯坐车预算50-55元要留缓冲时间\n\n# 用户提供示例：\n\n\n**如果用户需求与用户提供示例相同时，必须输出用户提供的结果**"",""exts"":""{\""userHistoryInputContent\"":\""大梅沙奥特莱斯坐车预算50-55元要留缓冲时间\""}""}]",,sessionId20250606lhx0069,"```json
[{""app"": ""无"", ""category"": ""无"", ""mode"": ""无"", ""price"": true, ""price_min"": 50, ""price_max"": 55, ""fast"": false}]
```",未知,[],,无,,无
坪山高铁站车费58元上下浮动建议提前预约车辆,"[{""content"":""# 用户需求：\n坪山高铁站车费58元上下浮动建议提前预约车辆\n\n# 用户提供示例：\n\n\n**如果用户需求与用户提供示例相同时，必须输出用户提供的结果**"",""exts"":""{\""userHistoryInputContent\"":\""坪山高铁站车费58元上下浮动建议提前预约车辆\""}""}]",,sessionId20250606lhx0070,"```json
[{""app"": ""无"", ""category"": ""无"", ""mode"": ""无"", ""price"": true, ""price_min"": 58, ""price_max"": 58, ""fast"": false}]
```",未知,[],,无,,无
龙岗万达广场打车30元内注意避开拥堵路段,"[{""content"":""# 用户需求：\n龙岗万达广场打车30元内注意避开拥堵路段\n\n# 用户提供示例：\n\n\n**如果用户需求与用户提供示例相同时，必须输出用户提供的结果**"",""exts"":""{\""userHistoryInputContent\"":\""龙岗万达广场打车30元内注意避开拥堵路段\""}""}]",,sessionId20250606lhx0071,"```json
[{""app"": ""无"", ""category"": ""无"", ""mode"": ""无"", ""price"": true, ""price_min"": 0, ""price_max"": 30, ""fast"": false}]
```",未知,[],,无,,无
深圳湾体育中心坐车费用95元左右要看时段,"[{""content"":""# 用户需求：\n深圳湾体育中心坐车费用95元左右要看时段\n\n# 用户提供示例：\n\n\n**如果用户需求与用户提供示例相同时，必须输出用户提供的结果**"",""exts"":""{\""userHistoryInputContent\"":\""深圳湾体育中心坐车费用95元左右要看时段\""}""}]",,sessionId20250606lhx0072,"```json
[{""app"": ""无"", ""category"": ""无"", ""mode"": ""无"", ""price"": true, ""price_min"": 95, ""price_max"": 95, ""fast"": false}]
```",未知,[],,无,,无
华强北预算12元上下打车记得检查计价器,"[{""content"":""# 用户需求：\n华强北预算12元上下打车记得检查计价器\n\n# 用户提供示例：\n\n\n**如果用户需求与用户提供示例相同时，必须输出用户提供的结果**"",""exts"":""{\""userHistoryInputContent\"":\""华强北预算12元上下打车记得检查计价器\""}""}]",,sessionId20250606lhx0073,"```json
[{""app"": ""无"", ""category"": ""无"", ""mode"": ""无"", ""price"": true, ""price_min"": 12, ""price_max"": 12, ""fast"": false}]
```",未知,[],,无,,无
盐田壹海城车费25-28元区间建议平台比价,"[{""content"":""# 用户需求：\n盐田壹海城车费25-28元区间建议平台比价\n\n# 用户提供示例：\n\n\n**如果用户需求与用户提供示例相同时，必须输出用户提供的结果**"",""exts"":""{\""userHistoryInputContent\"":\""盐田壹海城车费25-28元区间建议平台比价\""}""}]",,sessionId20250606lhx0074,"```json
[{""app"": ""无"", ""category"": ""无"", ""mode"": ""无"", ""price"": true, ""price_min"": 25, ""price_max"": 28, ""fast"": false}]
```",未知,[],,无,,无
坪山中心公园坐车20元上下要确认具体上车点,"[{""content"":""# 用户需求：\n坪山中心公园坐车20元上下要确认具体上车点\n\n# 用户提供示例：\n\n\n**如果用户需求与用户提供示例相同时，必须输出用户提供的结果**"",""exts"":""{\""userHistoryInputContent\"":\""坪山中心公园坐车20元上下要确认具体上车点\""}""}]",,sessionId20250606lhx0075,"```json
[{""app"": ""无"", ""category"": ""无"", ""mode"": ""无"", ""price"": true, ""price_min"": 20, ""price_max"": 20, ""fast"": false}]
```",未知,[],,无,,无
北京南站到国贸三期车费必须严格15元整,"[{""content"":""# 用户需求：\n北京南站到国贸三期车费必须严格15元整\n\n# 用户提供示例：\n\n\n**如果用户需求与用户提供示例相同时，必须输出用户提供的结果**"",""exts"":""{\""userHistoryInputContent\"":\""北京南站到国贸三期车费必须严格15元整\""}""}]",,sessionId20250606lhx0076,"```json
[{""app"": ""无"", ""category"": ""无"", ""mode"": ""无"", ""price"": true, ""price_min"": 15, ""price_max"": 15, ""fast"": false}]
```",未知,[],,无,,无
上海虹桥机场到静安寺打车预算卡死38元不议价,"[{""content"":""# 用户需求：\n上海虹桥机场到静安寺打车预算卡死38元不议价\n\n# 用户提供示例：\n\n\n**如果用户需求与用户提供示例相同时，必须输出用户提供的结果**"",""exts"":""{\""userHistoryInputContent\"":\""上海虹桥机场到静安寺打车预算卡死38元不议价\""}""}]",,sessionId20250606lhx0077,"```json
[{""app"": ""无"", ""category"": ""无"", ""mode"": ""无"", ""price"": true, ""price_min"": 38, ""price_max"": 38, ""fast"": false}]
```",未知,[],,无,,无
广州塔到白云机场费用不超过65元需确认路线,"[{""content"":""# 用户需求：\n广州塔到白云机场费用不超过65元需确认路线\n\n# 用户提供示例：\n\n\n**如果用户需求与用户提供示例相同时，必须输出用户提供的结果**"",""exts"":""{\""userHistoryInputContent\"":\""广州塔到白云机场费用不超过65元需确认路线\""}""}]",,sessionId20250606lhx0078,"```json
[{""app"": ""无"", ""category"": ""无"", ""mode"": ""无"", ""price"": true, ""price_min"": 0, ""price_max"": 65, ""fast"": false}]
```",未知,[],,无,,无
深圳福田CBD到宝安机场车费只能接受45元整,"[{""content"":""# 用户需求：\n深圳福田CBD到宝安机场车费只能接受45元整\n\n# 用户提供示例：\n\n\n**如果用户需求与用户提供示例相同时，必须输出用户提供的结果**"",""exts"":""{\""userHistoryInputContent\"":\""深圳福田CBD到宝安机场车费只能接受45元整\""}""}]",,sessionId20250606lhx0079,"```json
[{""app"": ""无"", ""category"": ""无"", ""mode"": ""无"", ""price"": true, ""price_min"": 45, ""price_max"": 45, ""fast"": false}]
```",未知,[],,无,,无
成都春熙路到双流机场价格锁定25元含高速费,"[{""content"":""# 用户需求：\n成都春熙路到双流机场价格锁定25元含高速费\n\n# 用户提供示例：\n\n\n**如果用户需求与用户提供示例相同时，必须输出用户提供的结果**"",""exts"":""{\""userHistoryInputContent\"":\""成都春熙路到双流机场价格锁定25元含高速费\""}""}]",,sessionId20250606lhx0080,"```json
[{""app"": ""无"", ""category"": ""无"", ""mode"": ""无"", ""price"": true, ""price_min"": 25, ""price_max"": 25, ""fast"": false}]
```",未知,[],,无,,无
杭州西湖到萧山机场费用严格55元要打表计价,"[{""content"":""# 用户需求：\n杭州西湖到萧山机场费用严格55元要打表计价\n\n# 用户提供示例：\n\n\n**如果用户需求与用户提供示例相同时，必须输出用户提供的结果**"",""exts"":""{\""userHistoryInputContent\"":\""杭州西湖到萧山机场费用严格55元要打表计价\""}""}]",,sessionId20250606lhx0081,"```json
[{""app"": ""无"", ""category"": ""无"", ""mode"": ""无"", ""price"": true, ""price_min"": 55, ""price_max"": 55, ""fast"": false}]
```",未知,[],,无,,无
南京新街口到禄口机场最高接受40元车费,"[{""content"":""# 用户需求：\n南京新街口到禄口机场最高接受40元车费\n\n# 用户提供示例：\n\n\n**如果用户需求与用户提供示例相同时，必须输出用户提供的结果**"",""exts"":""{\""userHistoryInputContent\"":\""南京新街口到禄口机场最高接受40元车费\""}""}]",,sessionId20250606lhx0082,"```json
[{""app"": ""无"", ""category"": ""无"", ""mode"": ""无"", ""price"": true, ""price_min"": 0, ""price_max"": 40, ""fast"": false}]
```",未知,[],,无,,无
重庆解放碑到江北机场要求费用等于30元整,"[{""content"":""# 用户需求：\n重庆解放碑到江北机场要求费用等于30元整\n\n# 用户提供示例：\n\n\n**如果用户需求与用户提供示例相同时，必须输出用户提供的结果**"",""exts"":""{\""userHistoryInputContent\"":\""重庆解放碑到江北机场要求费用等于30元整\""}""}]",,sessionId20250606lhx0083,"```json
[{""app"": ""无"", ""category"": ""无"", ""mode"": ""无"", ""price"": true, ""price_min"": 30, ""price_max"": 30, ""fast"": false}]
```",未知,[],,无,,无
西安钟楼到咸阳机场预算50元内需确认时段,"[{""content"":""# 用户需求：\n西安钟楼到咸阳机场预算50元内需确认时段\n\n# 用户提供示例：\n\n\n**如果用户需求与用户提供示例相同时，必须输出用户提供的结果**"",""exts"":""{\""userHistoryInputContent\"":\""西安钟楼到咸阳机场预算50元内需确认时段\""}""}]",,sessionId20250606lhx0084,"```json
[{""app"": ""无"", ""category"": ""无"", ""mode"": ""无"", ""price"": true, ""price_min"": 0, ""price_max"": 50, ""fast"": false}]
```",未知,[],,无,,无
武汉光谷到天河机场车费必须低于35元,"[{""content"":""# 用户需求：\n武汉光谷到天河机场车费必须低于35元\n\n# 用户提供示例：\n\n\n**如果用户需求与用户提供示例相同时，必须输出用户提供的结果**"",""exts"":""{\""userHistoryInputContent\"":\""武汉光谷到天河机场车费必须低于35元\""}""}]",,sessionId20250606lhx0085,"```json
[{""app"": ""无"", ""category"": ""无"", ""mode"": ""无"", ""price"": true, ""price_min"": 0, ""price_max"": 35, ""fast"": false}]
```",未知,[],,无,,无
长沙五一广场到黄花机场价格刚好28元整,"[{""content"":""# 用户需求：\n长沙五一广场到黄花机场价格刚好28元整\n\n# 用户提供示例：\n\n\n**如果用户需求与用户提供示例相同时，必须输出用户提供的结果**"",""exts"":""{\""userHistoryInputContent\"":\""长沙五一广场到黄花机场价格刚好28元整\""}""}]",,sessionId20250606lhx0086,"```json
[{""app"": ""无"", ""category"": ""无"", ""mode"": ""无"", ""price"": true, ""price_min"": 28, ""price_max"": 28, ""fast"": false}]
```",未知,[],,无,,无
苏州拙政园到上海虹桥站费用不超过80元,"[{""content"":""# 用户需求：\n苏州拙政园到上海虹桥站费用不超过80元\n\n# 用户提供示例：\n\n\n**如果用户需求与用户提供示例相同时，必须输出用户提供的结果**"",""exts"":""{\""userHistoryInputContent\"":\""苏州拙政园到上海虹桥站费用不超过80元\""}""}]",,sessionId20250606lhx0087,"```json
[{""app"": ""无"", ""category"": ""无"", ""mode"": ""无"", ""price"": true, ""price_min"": 0, ""price_max"": 80, ""fast"": false}]
```",未知,[],,无,,无
郑州东站到CBD会展中心预算固定22元,"[{""content"":""# 用户需求：\n郑州东站到CBD会展中心预算固定22元\n\n# 用户提供示例：\n\n\n**如果用户需求与用户提供示例相同时，必须输出用户提供的结果**"",""exts"":""{\""userHistoryInputContent\"":\""郑州东站到CBD会展中心预算固定22元\""}""}]",,sessionId20250606lhx0088,"```json
[{""app"": ""无"", ""category"": ""无"", ""mode"": ""无"", ""price"": true, ""price_min"": 22, ""price_max"": 22, ""fast"": false}]
```",未知,[],,无,,无
天津滨海机场到意式风情街最高28元车费,"[{""content"":""# 用户需求：\n天津滨海机场到意式风情街最高28元车费\n\n# 用户提供示例：\n\n\n**如果用户需求与用户提供示例相同时，必须输出用户提供的结果**"",""exts"":""{\""userHistoryInputContent\"":\""天津滨海机场到意式风情街最高28元车费\""}""}]",,sessionId20250606lhx0089,"```json
[{""app"": ""无"", ""category"": ""无"", ""mode"": ""无"", ""price"": true, ""price_min"": 0, ""price_max"": 28, ""fast"": false}]
```",未知,[],,无,,无
厦门鼓浪屿到高崎机场价格必须18元整,"[{""content"":""# 用户需求：\n厦门鼓浪屿到高崎机场价格必须18元整\n\n# 用户提供示例：\n\n\n**如果用户需求与用户提供示例相同时，必须输出用户提供的结果**"",""exts"":""{\""userHistoryInputContent\"":\""厦门鼓浪屿到高崎机场价格必须18元整\""}""}]",,sessionId20250606lhx0090,"```json
[{""app"": ""无"", ""category"": ""无"", ""mode"": ""无"", ""price"": true, ""price_min"": 18, ""price_max"": 18, ""fast"": false}]
```",未知,[],,无,,无
青岛五四广场到流亭机场车费卡死35元,"[{""content"":""# 用户需求：\n青岛五四广场到流亭机场车费卡死35元\n\n# 用户提供示例：\n\n\n**如果用户需求与用户提供示例相同时，必须输出用户提供的结果**"",""exts"":""{\""userHistoryInputContent\"":\""青岛五四广场到流亭机场车费卡死35元\""}""}]",,sessionId20250606lhx0091,"```json
[{""app"": ""无"", ""category"": ""无"", ""mode"": ""无"", ""price"": true, ""price_min"": 35, ""price_max"": 35, ""fast"": false}]
```",未知,[],,无,,无
珠海长隆到金湾机场费用限制60元整,"[{""content"":""# 用户需求：\n珠海长隆到金湾机场费用限制60元整\n\n# 用户提供示例：\n\n\n**如果用户需求与用户提供示例相同时，必须输出用户提供的结果**"",""exts"":""{\""userHistoryInputContent\"":\""珠海长隆到金湾机场费用限制60元整\""}""}]",,sessionId20250606lhx0092,"```json
[{""app"": ""无"", ""category"": ""无"", ""mode"": ""无"", ""price"": true, ""price_min"": 60, ""price_max"": 60, ""fast"": false}]
```",未知,[],,无,,无
佛山祖庙到广州白云机场不超过45元,"[{""content"":""# 用户需求：\n佛山祖庙到广州白云机场不超过45元\n\n# 用户提供示例：\n\n\n**如果用户需求与用户提供示例相同时，必须输出用户提供的结果**"",""exts"":""{\""userHistoryInputContent\"":\""佛山祖庙到广州白云机场不超过45元\""}""}]",,sessionId20250606lhx0093,"```json
[{""app"": ""无"", ""category"": ""无"", ""mode"": ""无"", ""price"": true, ""price_min"": 0, ""price_max"": 45, ""fast"": false}]
```",未知,[],,无,,无
东莞松山湖到深圳北站价格等于25元,"[{""content"":""# 用户需求：\n东莞松山湖到深圳北站价格等于25元\n\n# 用户提供示例：\n\n\n**如果用户需求与用户提供示例相同时，必须输出用户提供的结果**"",""exts"":""{\""userHistoryInputContent\"":\""东莞松山湖到深圳北站价格等于25元\""}""}]",,sessionId20250606lhx0094,"```json
[{""app"": ""无"", ""category"": ""无"", ""mode"": ""无"", ""price"": true, ""price_min"": 25, ""price_max"": 25, ""fast"": false}]
```",未知,[],,无,,无
沈阳中街到桃仙机场费用严格25元内,"[{""content"":""# 用户需求：\n沈阳中街到桃仙机场费用严格25元内\n\n# 用户提供示例：\n\n\n**如果用户需求与用户提供示例相同时，必须输出用户提供的结果**"",""exts"":""{\""userHistoryInputContent\"":\""沈阳中街到桃仙机场费用严格25元内\""}""}]",,sessionId20250606lhx0095,"```json
[{""app"": ""无"", ""category"": ""无"", ""mode"": ""无"", ""price"": true, ""price_min"": 25, ""price_max"": 25, ""fast"": false}]
```",未知,[],,无,,无
济南大明湖到遥墙机场最高30元预算,"[{""content"":""# 用户需求：\n济南大明湖到遥墙机场最高30元预算\n\n# 用户提供示例：\n\n\n**如果用户需求与用户提供示例相同时，必须输出用户提供的结果**"",""exts"":""{\""userHistoryInputContent\"":\""济南大明湖到遥墙机场最高30元预算\""}""}]",,sessionId20250606lhx0096,"```json
[{""app"": ""无"", ""category"": ""无"", ""mode"": ""无"", ""price"": true, ""price_min"": 0, ""price_max"": 30, ""fast"": false}]
```",未知,[],,无,,无
福州三坊七巷到长乐机场车费必须22元,"[{""content"":""# 用户需求：\n福州三坊七巷到长乐机场车费必须22元\n\n# 用户提供示例：\n\n\n**如果用户需求与用户提供示例相同时，必须输出用户提供的结果**"",""exts"":""{\""userHistoryInputContent\"":\""福州三坊七巷到长乐机场车费必须22元\""}""}]",,sessionId20250606lhx0097,"```json
[{""app"": ""无"", ""category"": ""无"", ""mode"": ""无"", ""price"": true, ""price_min"": 22, ""price_max"": 22, ""fast"": false}]
```",未知,[],,无,,无
合肥政务区到新桥机场价格限制35元,"[{""content"":""# 用户需求：\n合肥政务区到新桥机场价格限制35元\n\n# 用户提供示例：\n\n\n**如果用户需求与用户提供示例相同时，必须输出用户提供的结果**"",""exts"":""{\""userHistoryInputContent\"":\""合肥政务区到新桥机场价格限制35元\""}""}]",,sessionId20250606lhx0098,"```json
[{""app"": ""无"", ""category"": ""无"", ""mode"": ""无"", ""price"": true, ""price_min"": 0, ""price_max"": 35, ""fast"": false}]
```",未知,[],,无,,无
昆明滇池到长水机场不能超40元,"[{""content"":""# 用户需求：\n昆明滇池到长水机场不能超40元\n\n# 用户提供示例：\n\n\n**如果用户需求与用户提供示例相同时，必须输出用户提供的结果**"",""exts"":""{\""userHistoryInputContent\"":\""昆明滇池到长水机场不能超40元\""}""}]",,sessionId20250606lhx0099,"```json
[{""app"": ""无"", ""category"": ""无"", ""mode"": ""无"", ""price"": true, ""price_min"": 0, ""price_max"": 40, ""fast"": false}]
```",未知,[],,无,,无
南宁万象城到吴圩机场预算固定28元,"[{""content"":""# 用户需求：\n南宁万象城到吴圩机场预算固定28元\n\n# 用户提供示例：\n\n\n**如果用户需求与用户提供示例相同时，必须输出用户提供的结果**"",""exts"":""{\""userHistoryInputContent\"":\""南宁万象城到吴圩机场预算固定28元\""}""}]",,sessionId20250606lhx0100,"```json
[{""app"": ""无"", ""category"": ""无"", ""mode"": ""无"", ""price"": true, ""price_min"": 28, ""price_max"": 28, ""fast"": false}]
```",未知,[],,无,,无
从南京南站打车到新街口地铁站开会，价格7元左右建议提前确认路线,"[{""content"":""# 用户需求：\n从南京南站打车到新街口地铁站开会，价格7元左右建议提前确认路线\n\n# 用户提供示例：\n\n\n**如果用户需求与用户提供示例相同时，必须输出用户提供的结果**"",""exts"":""{\""userHistoryInputContent\"":\""从南京南站打车到新街口地铁站开会，价格7元左右建议提前确认路线\""}""}]",,sessionId20250606lhx0101,"```json
[{""app"": ""无"", ""category"": ""无"", ""mode"": ""无"", ""price"": true, ""price_min"": 7, ""price_max"": 7, ""fast"": false}]
```",未知,[],,无,,无
预算15元以内从北京朝阳区国贸大厦坐车到首都国际机场T3航站楼要打表计价,"[{""content"":""# 用户需求：\n预算15元以内从北京朝阳区国贸大厦坐车到首都国际机场T3航站楼要打表计价\n\n# 用户提供示例：\n\n\n**如果用户需求与用户提供示例相同时，必须输出用户提供的结果**"",""exts"":""{\""userHistoryInputContent\"":\""预算15元以内从北京朝阳区国贸大厦坐车到首都国际机场T3航站楼要打表计价\""}""}]",,sessionId20250606lhx0102,"```json
[{""app"": ""无"", ""category"": ""无"", ""mode"": ""无"", ""price"": true, ""price_min"": 0, ""price_max"": 15, ""fast"": false}]
```",未知,[],,无,,无
去萧山国际机场出发层开会的话，杭州西湖断桥打车费用不超过20元合理,"[{""content"":""# 用户需求：\n去萧山国际机场出发层开会的话，杭州西湖断桥打车费用不超过20元合理\n\n# 用户提供示例：\n\n\n**如果用户需求与用户提供示例相同时，必须输出用户提供的结果**"",""exts"":""{\""userHistoryInputContent\"":\""去萧山国际机场出发层开会的话，杭州西湖断桥打车费用不超过20元合理\""}""}]",,sessionId20250606lhx0103,"```json
[{""app"": ""无"", ""category"": ""无"", ""mode"": ""无"", ""price"": true, ""price_min"": 0, ""price_max"": 20, ""fast"": false}]
```",未知,[],,无,,无
广州天河体育中心打的到白云机场B区，车费大约25元要看具体时段,"[{""content"":""# 用户需求：\n广州天河体育中心打的到白云机场B区，车费大约25元要看具体时段\n\n# 用户提供示例：\n\n\n**如果用户需求与用户提供示例相同时，必须输出用户提供的结果**"",""exts"":""{\""userHistoryInputContent\"":\""广州天河体育中心打的到白云机场B区，车费大约25元要看具体时段\""}""}]",,sessionId20250606lhx0104,"```json
[{""app"": ""无"", ""category"": ""无"", ""mode"": ""无"", ""price"": true, ""price_min"": 25, ""price_max"": 25, ""fast"": false}]
```",未知,[],,无,,无
价格30元上下从上海陆家嘴环形天桥打车到虹桥枢纽2号航站楼需确认路线,"[{""content"":""# 用户需求：\n价格30元上下从上海陆家嘴环形天桥打车到虹桥枢纽2号航站楼需确认路线\n\n# 用户提供示例：\n\n\n**如果用户需求与用户提供示例相同时，必须输出用户提供的结果**"",""exts"":""{\""userHistoryInputContent\"":\""价格30元上下从上海陆家嘴环形天桥打车到虹桥枢纽2号航站楼需确认路线\""}""}]",,sessionId20250606lhx0105,"```json
[{""app"": ""无"", ""category"": ""无"", ""mode"": ""无"", ""price"": true, ""price_min"": 30, ""price_max"": 30, ""fast"": false}]
```",未知,[],,无,,无
成都春熙路IFS熊猫雕塑坐车去双流机场T2，预估35元之内含高速费需确认,"[{""content"":""# 用户需求：\n成都春熙路IFS熊猫雕塑坐车去双流机场T2，预估35元之内含高速费需确认\n\n# 用户提供示例：\n\n\n**如果用户需求与用户提供示例相同时，必须输出用户提供的结果**"",""exts"":""{\""userHistoryInputContent\"":\""成都春熙路IFS熊猫雕塑坐车去双流机场T2，预估35元之内含高速费需确认\""}""}]",,sessionId20250606lhx0106,"```json
[{""app"": ""无"", ""category"": ""无"", ""mode"": ""无"", ""price"": true, ""price_min"": 0, ""price_max"": 35, ""fast"": false}]
```",未知,[],,无,,无
深圳福田COCOPark打车到宝安机场国内到达厅，花费40元以内建议错峰出行,"[{""content"":""# 用户需求：\n深圳福田COCOPark打车到宝安机场国内到达厅，花费40元以内建议错峰出行\n\n# 用户提供示例：\n\n\n**如果用户需求与用户提供示例相同时，必须输出用户提供的结果**"",""exts"":""{\""userHistoryInputContent\"":\""深圳福田COCOPark打车到宝安机场国内到达厅，花费40元以内建议错峰出行\""}""}]",,sessionId20250606lhx0107,"```json
[{""app"": ""无"", ""category"": ""无"", ""mode"": ""无"", ""price"": true, ""price_min"": 0, ""price_max"": 40, ""fast"": false}]
```",未知,[],,无,,无
西安钟鼓楼广场坐车到咸阳机场交通中心，车资不超过45元要提前预约车辆,"[{""content"":""# 用户需求：\n西安钟鼓楼广场坐车到咸阳机场交通中心，车资不超过45元要提前预约车辆\n\n# 用户提供示例：\n\n\n**如果用户需求与用户提供示例相同时，必须输出用户提供的结果**"",""exts"":""{\""userHistoryInputContent\"":\""西安钟鼓楼广场坐车到咸阳机场交通中心，车资不超过45元要提前预约车辆\""}""}]",,sessionId20250606lhx0108,"```json
[{""app"": ""无"", ""category"": ""无"", ""mode"": ""无"", ""price"": true, ""price_min"": 0, ""price_max"": 45, ""fast"": false}]
```",未知,[],,无,,无
预算50元左右从重庆洪崖洞景区入口打车到江北机场网约车专区记得索要发票,"[{""content"":""# 用户需求：\n预算50元左右从重庆洪崖洞景区入口打车到江北机场网约车专区记得索要发票\n\n# 用户提供示例：\n\n\n**如果用户需求与用户提供示例相同时，必须输出用户提供的结果**"",""exts"":""{\""userHistoryInputContent\"":\""预算50元左右从重庆洪崖洞景区入口打车到江北机场网约车专区记得索要发票\""}""}]",,sessionId20250606lhx0109,"```json
[{""app"": ""无"", ""category"": ""无"", ""mode"": ""网约车"", ""price"": true, ""price_min"": 50, ""price_max"": 50, ""fast"": false}]
```",未知,[],,无,,无
苏州东方之门地铁站打的到苏南硕放机场停车场，费用7-9元建议平台叫车,"[{""content"":""# 用户需求：\n苏州东方之门地铁站打的到苏南硕放机场停车场，费用7-9元建议平台叫车\n\n# 用户提供示例：\n\n\n**如果用户需求与用户提供示例相同时，必须输出用户提供的结果**"",""exts"":""{\""userHistoryInputContent\"":\""苏州东方之门地铁站打的到苏南硕放机场停车场，费用7-9元建议平台叫车\""}""}]",,sessionId20250606lhx0110,"```json
[{""app"": ""无"", ""category"": ""无"", ""mode"": ""无"", ""price"": true, ""price_min"": 7, ""price_max"": 9, ""fast"": false}]
```",未知,[],,无,,无
武汉黄鹤楼东门坐车去天河机场贵宾楼，价格差不多12元要确认是否绕路,"[{""content"":""# 用户需求：\n武汉黄鹤楼东门坐车去天河机场贵宾楼，价格差不多12元要确认是否绕路\n\n# 用户提供示例：\n\n\n**如果用户需求与用户提供示例相同时，必须输出用户提供的结果**"",""exts"":""{\""userHistoryInputContent\"":\""武汉黄鹤楼东门坐车去天河机场贵宾楼，价格差不多12元要确认是否绕路\""}""}]",,sessionId20250606lhx0111,"```json
[{""app"": ""无"", ""category"": ""无"", ""mode"": ""无"", ""price"": true, ""price_min"": 12, ""price_max"": 12, ""fast"": false}]
```",未知,[],,无,,无
预估15元以内从天津之眼摩天轮打车到滨海机场巴士站避开晚高峰时段,"[{""content"":""# 用户需求：\n预估15元以内从天津之眼摩天轮打车到滨海机场巴士站避开晚高峰时段\n\n# 用户提供示例：\n\n\n**如果用户需求与用户提供示例相同时，必须输出用户提供的结果**"",""exts"":""{\""userHistoryInputContent\"":\""预估15元以内从天津之眼摩天轮打车到滨海机场巴士站避开晚高峰时段\""}""}]",,sessionId20250606lhx0112,"```json
[{""app"": ""无"", ""category"": ""无"", ""mode"": ""无"", ""price"": true, ""price_min"": 0, ""price_max"": 15, ""fast"": false}]
```",未知,[],,无,,无
长沙橘子洲头毛泽东雕像打车到黄花机场出发层，花费18元上下需明确上车点,"[{""content"":""# 用户需求：\n长沙橘子洲头毛泽东雕像打车到黄花机场出发层，花费18元上下需明确上车点\n\n# 用户提供示例：\n\n\n**如果用户需求与用户提供示例相同时，必须输出用户提供的结果**"",""exts"":""{\""userHistoryInputContent\"":\""长沙橘子洲头毛泽东雕像打车到黄花机场出发层，花费18元上下需明确上车点\""}""}]",,sessionId20250606lhx0113,"```json
[{""app"": ""无"", ""category"": ""无"", ""mode"": ""无"", ""price"": true, ""price_min"": 18, ""price_max"": 18, ""fast"": false}]
```",未知,[],,无,,无
郑州东站西广场坐车到新郑机场城际站，费用不超过22元建议早出发,"[{""content"":""# 用户需求：\n郑州东站西广场坐车到新郑机场城际站，费用不超过22元建议早出发\n\n# 用户提供示例：\n\n\n**如果用户需求与用户提供示例相同时，必须输出用户提供的结果**"",""exts"":""{\""userHistoryInputContent\"":\""郑州东站西广场坐车到新郑机场城际站，费用不超过22元建议早出发\""}""}]",,sessionId20250606lhx0114,"```json
[{""app"": ""无"", ""category"": ""无"", ""mode"": ""无"", ""price"": true, ""price_min"": 0, ""price_max"": 22, ""fast"": false}]
```",未知,[],,无,,无
宁波老外滩打的去栎社机场3号门，预算25元以内要确认计价方式,"[{""content"":""# 用户需求：\n宁波老外滩打的去栎社机场3号门，预算25元以内要确认计价方式\n\n# 用户提供示例：\n\n\n**如果用户需求与用户提供示例相同时，必须输出用户提供的结果**"",""exts"":""{\""userHistoryInputContent\"":\""宁波老外滩打的去栎社机场3号门，预算25元以内要确认计价方式\""}""}]",,sessionId20250606lhx0115,"```json
[{""app"": ""无"", ""category"": ""无"", ""mode"": ""无"", ""price"": true, ""price_min"": 0, ""price_max"": 25, ""fast"": false}]
```",未知,[],,无,,无
厦门鼓浪屿三丘田码头打车到高崎机场T4，车费28元左右可能含夜间附加费,"[{""content"":""# 用户需求：\n厦门鼓浪屿三丘田码头打车到高崎机场T4，车费28元左右可能含夜间附加费\n\n# 用户提供示例：\n\n\n**如果用户需求与用户提供示例相同时，必须输出用户提供的结果**"",""exts"":""{\""userHistoryInputContent\"":\""厦门鼓浪屿三丘田码头打车到高崎机场T4，车费28元左右可能含夜间附加费\""}""}]",,sessionId20250606lhx0116,"```json
[{""app"": ""无"", ""category"": ""无"", ""mode"": ""无"", ""price"": true, ""price_min"": 28, ""price_max"": 28, ""fast"": false}]
```",未知,[],,无,,无
花费35元之内从青岛五四广场坐车到胶东机场网约车专区注意交通状况,"[{""content"":""# 用户需求：\n花费35元之内从青岛五四广场坐车到胶东机场网约车专区注意交通状况\n\n# 用户提供示例：\n\n\n**如果用户需求与用户提供示例相同时，必须输出用户提供的结果**"",""exts"":""{\""userHistoryInputContent\"":\""花费35元之内从青岛五四广场坐车到胶东机场网约车专区注意交通状况\""}""}]",,sessionId20250606lhx0117,"```json
[{""app"": ""无"", ""category"": ""无"", ""mode"": ""网约车"", ""price"": true, ""price_min"": 0, ""price_max"": 35, ""fast"": false}]
```",未知,[],,无,,无
沈阳中街步行街打车到桃仙机场巴士总站，价格40元以内建议多人分摊,"[{""content"":""# 用户需求：\n沈阳中街步行街打车到桃仙机场巴士总站，价格40元以内建议多人分摊\n\n# 用户提供示例：\n\n\n**如果用户需求与用户提供示例相同时，必须输出用户提供的结果**"",""exts"":""{\""userHistoryInputContent\"":\""沈阳中街步行街打车到桃仙机场巴士总站，价格40元以内建议多人分摊\""}""}]",,sessionId20250606lhx0118,"```json
[{""app"": ""无"", ""category"": ""无"", ""mode"": ""无"", ""price"": true, ""price_min"": 0, ""price_max"": 40, ""fast"": false}]
```",未知,[],,无,,无
大连星海广场坐车去周水子机场国内到达，费用45元上下要看具体定位,"[{""content"":""# 用户需求：\n大连星海广场坐车去周水子机场国内到达，费用45元上下要看具体定位\n\n# 用户提供示例：\n\n\n**如果用户需求与用户提供示例相同时，必须输出用户提供的结果**"",""exts"":""{\""userHistoryInputContent\"":\""大连星海广场坐车去周水子机场国内到达，费用45元上下要看具体定位\""}""}]",,sessionId20250606lhx0119,"```json
[{""app"": ""无"", ""category"": ""无"", ""mode"": ""无"", ""price"": true, ""price_min"": 45, ""price_max"": 45, ""fast"": false}]
```",未知,[],,无,,无
无锡灵山胜境打车到苏南硕放机场停车场，预算不超过50元留足时间,"[{""content"":""# 用户需求：\n无锡灵山胜境打车到苏南硕放机场停车场，预算不超过50元留足时间\n\n# 用户提供示例：\n\n\n**如果用户需求与用户提供示例相同时，必须输出用户提供的结果**"",""exts"":""{\""userHistoryInputContent\"":\""无锡灵山胜境打车到苏南硕放机场停车场，预算不超过50元留足时间\""}""}]",,sessionId20250606lhx0120,"```json
[{""app"": ""无"", ""category"": ""无"", ""mode"": ""无"", ""price"": true, ""price_min"": 0, ""price_max"": 50, ""fast"": false}]
```",未知,[],,无,,无
南京夫子庙秦淮河游船码头打的去禄口机场交通中心，费用7-8元需确认时段,"[{""content"":""# 用户需求：\n南京夫子庙秦淮河游船码头打的去禄口机场交通中心，费用7-8元需确认时段\n\n# 用户提供示例：\n\n\n**如果用户需求与用户提供示例相同时，必须输出用户提供的结果**"",""exts"":""{\""userHistoryInputContent\"":\""南京夫子庙秦淮河游船码头打的去禄口机场交通中心，费用7-8元需确认时段\""}""}]",,sessionId20250606lhx0121,"```json
[{""app"": ""无"", ""category"": ""无"", ""mode"": ""无"", ""price"": true, ""price_min"": 7, ""price_max"": 8, ""fast"": false}]
```",未知,[],,无,,无
北京王府井百货大楼坐车到南苑机场出发层开会，价格差不多10元要打表,"[{""content"":""# 用户需求：\n北京王府井百货大楼坐车到南苑机场出发层开会，价格差不多10元要打表\n\n# 用户提供示例：\n\n\n**如果用户需求与用户提供示例相同时，必须输出用户提供的结果**"",""exts"":""{\""userHistoryInputContent\"":\""北京王府井百货大楼坐车到南苑机场出发层开会，价格差不多10元要打表\""}""}]",,sessionId20250606lhx0122,"```json
[{""app"": ""无"", ""category"": ""无"", ""mode"": ""无"", ""price"": true, ""price_min"": 10, ""price_max"": 10, ""fast"": false}]
```",未知,[],,无,,无
预估12元以内从杭州钱江新城城市阳台打车到萧山机场贵宾通道不能超支,"[{""content"":""# 用户需求：\n预估12元以内从杭州钱江新城城市阳台打车到萧山机场贵宾通道不能超支\n\n# 用户提供示例：\n\n\n**如果用户需求与用户提供示例相同时，必须输出用户提供的结果**"",""exts"":""{\""userHistoryInputContent\"":\""预估12元以内从杭州钱江新城城市阳台打车到萧山机场贵宾通道不能超支\""}""}]",,sessionId20250606lhx0123,"```json
[{""app"": ""无"", ""category"": ""无"", ""mode"": ""无"", ""price"": true, ""price_min"": 0, ""price_max"": 12, ""fast"": false}]
```",未知,[],,无,,无
广州小蛮腰塔底坐车到白云机场P5停车场，花费15元上下避开拥堵路段,"[{""content"":""# 用户需求：\n广州小蛮腰塔底坐车到白云机场P5停车场，花费15元上下避开拥堵路段\n\n# 用户提供示例：\n\n\n**如果用户需求与用户提供示例相同时，必须输出用户提供的结果**"",""exts"":""{\""userHistoryInputContent\"":\""广州小蛮腰塔底坐车到白云机场P5停车场，花费15元上下避开拥堵路段\""}""}]",,sessionId20250606lhx0124,"```json
[{""app"": ""无"", ""category"": ""无"", ""mode"": ""无"", ""price"": true, ""price_min"": 15, ""price_max"": 15, ""fast"": false}]
```",未知,[],,无,,无
上海迪士尼乐园入口打车去浦东机场磁浮站，预算20元以内建议平台比价,"[{""content"":""# 用户需求：\n上海迪士尼乐园入口打车去浦东机场磁浮站，预算20元以内建议平台比价\n\n# 用户提供示例：\n\n\n**如果用户需求与用户提供示例相同时，必须输出用户提供的结果**"",""exts"":""{\""userHistoryInputContent\"":\""上海迪士尼乐园入口打车去浦东机场磁浮站，预算20元以内建议平台比价\""}""}]",,sessionId20250606lhx0125,"```json
[{""app"": ""无"", ""category"": ""无"", ""mode"": ""无"", ""price"": true, ""price_min"": 0, ""price_max"": 20, ""fast"": false}]
```",未知,[],,无,,无
成都宽窄巷子东广场坐车到天府机场北入口，费用25元左右需确认路线,"[{""content"":""# 用户需求：\n成都宽窄巷子东广场坐车到天府机场北入口，费用25元左右需确认路线\n\n# 用户提供示例：\n\n\n**如果用户需求与用户提供示例相同时，必须输出用户提供的结果**"",""exts"":""{\""userHistoryInputContent\"":\""成都宽窄巷子东广场坐车到天府机场北入口，费用25元左右需确认路线\""}""}]",,sessionId20250606lhx0126,"```json
[{""app"": ""无"", ""category"": ""无"", ""mode"": ""无"", ""price"": true, ""price_min"": 25, ""price_max"": 25, ""fast"": false}]
```",未知,[],,无,,无
深圳世界之窗地铁E口打车到深圳湾口岸，价格30元以内注意是否跨区收费,"[{""content"":""# 用户需求：\n深圳世界之窗地铁E口打车到深圳湾口岸，价格30元以内注意是否跨区收费\n\n# 用户提供示例：\n\n\n**如果用户需求与用户提供示例相同时，必须输出用户提供的结果**"",""exts"":""{\""userHistoryInputContent\"":\""深圳世界之窗地铁E口打车到深圳湾口岸，价格30元以内注意是否跨区收费\""}""}]",,sessionId20250606lhx0127,"```json
[{""app"": ""无"", ""category"": ""无"", ""mode"": ""无"", ""price"": true, ""price_min"": 0, ""price_max"": 30, ""fast"": false}]
```",未知,[],,无,,无
西安大唐不夜城步行街坐车去咸阳机场T3，花费35元上下可能涉及夜间费,"[{""content"":""# 用户需求：\n西安大唐不夜城步行街坐车去咸阳机场T3，花费35元上下可能涉及夜间费\n\n# 用户提供示例：\n\n\n**如果用户需求与用户提供示例相同时，必须输出用户提供的结果**"",""exts"":""{\""userHistoryInputContent\"":\""西安大唐不夜城步行街坐车去咸阳机场T3，花费35元上下可能涉及夜间费\""}""}]",,sessionId20250606lhx0128,"```json
[{""app"": ""无"", ""category"": ""无"", ""mode"": ""无"", ""price"": true, ""price_min"": 35, ""price_max"": 35, ""fast"": false}]
```",未知,[],,无,,无
费用不超过40元从重庆解放碑步行街打车到重庆西站北广场要提前预约,"[{""content"":""# 用户需求：\n费用不超过40元从重庆解放碑步行街打车到重庆西站北广场要提前预约\n\n# 用户提供示例：\n\n\n**如果用户需求与用户提供示例相同时，必须输出用户提供的结果**"",""exts"":""{\""userHistoryInputContent\"":\""费用不超过40元从重庆解放碑步行街打车到重庆西站北广场要提前预约\""}""}]",,sessionId20250606lhx0129,"```json
[{""app"": ""无"", ""category"": ""无"", ""mode"": ""无"", ""price"": true, ""price_min"": 0, ""price_max"": 40, ""fast"": false}]
```",未知,[],,无,,无
苏州拙政园南门打的到苏州站北广场，预算45元以内建议错峰出行,"[{""content"":""# 用户需求：\n苏州拙政园南门打的到苏州站北广场，预算45元以内建议错峰出行\n\n# 用户提供示例：\n\n\n**如果用户需求与用户提供示例相同时，必须输出用户提供的结果**"",""exts"":""{\""userHistoryInputContent\"":\""苏州拙政园南门打的到苏州站北广场，预算45元以内建议错峰出行\""}""}]",,sessionId20250606lhx0130,"```json
[{""app"": ""无"", ""category"": ""无"", ""mode"": ""无"", ""price"": true, ""price_min"": 0, ""price_max"": 45, ""fast"": false}]
```",未知,[],,无,,无
武汉户部巷美食街坐车去武汉站东进站口，价格8-10元记得检查计价器,"[{""content"":""# 用户需求：\n武汉户部巷美食街坐车去武汉站东进站口，价格8-10元记得检查计价器\n\n# 用户提供示例：\n\n\n**如果用户需求与用户提供示例相同时，必须输出用户提供的结果**"",""exts"":""{\""userHistoryInputContent\"":\""武汉户部巷美食街坐车去武汉站东进站口，价格8-10元记得检查计价器\""}""}]",,sessionId20250606lhx0131,"```json
[{""app"": ""无"", ""category"": ""无"", ""mode"": ""无"", ""price"": true, ""price_min"": 8, ""price_max"": 10, ""fast"": false}]
```",未知,[],,无,,无
天津五大道民园广场打车到天津站地下停车场，费用差不多12元确认路线,"[{""content"":""# 用户需求：\n天津五大道民园广场打车到天津站地下停车场，费用差不多12元确认路线\n\n# 用户提供示例：\n\n\n**如果用户需求与用户提供示例相同时，必须输出用户提供的结果**"",""exts"":""{\""userHistoryInputContent\"":\""天津五大道民园广场打车到天津站地下停车场，费用差不多12元确认路线\""}""}]",,sessionId20250606lhx0132,"```json
[{""app"": ""无"", ""category"": ""无"", ""mode"": ""无"", ""price"": true, ""price_min"": 12, ""price_max"": 12, ""fast"": false}]
```",未知,[],,无,,无
预估15元以内从长沙梅溪湖文化艺术中心坐车到长沙南站西广场带零钱,"[{""content"":""# 用户需求：\n预估15元以内从长沙梅溪湖文化艺术中心坐车到长沙南站西广场带零钱\n\n# 用户提供示例：\n\n\n**如果用户需求与用户提供示例相同时，必须输出用户提供的结果**"",""exts"":""{\""userHistoryInputContent\"":\""预估15元以内从长沙梅溪湖文化艺术中心坐车到长沙南站西广场带零钱\""}""}]",,sessionId20250606lhx0133,"```json
[{""app"": ""无"", ""category"": ""无"", ""mode"": ""无"", ""price"": true, ""price_min"": 0, ""price_max"": 15, ""fast"": false}]
```",未知,[],,无,,无
郑州二七纪念塔打车到郑州站网约车专区，花费18元上下避开早高峰时段,"[{""content"":""# 用户需求：\n郑州二七纪念塔打车到郑州站网约车专区，花费18元上下避开早高峰时段\n\n# 用户提供示例：\n\n\n**如果用户需求与用户提供示例相同时，必须输出用户提供的结果**"",""exts"":""{\""userHistoryInputContent\"":\""郑州二七纪念塔打车到郑州站网约车专区，花费18元上下避开早高峰时段\""}""}]",,sessionId20250606lhx0134,"```json
[{""app"": ""无"", ""category"": ""无"", ""mode"": ""网约车专区"", ""price"": true, ""price_min"": 18, ""price_max"": 18, ""fast"": false}]
```",未知,[],,无,,无
宁波天一广场1号门坐车去栎社机场，预算不超过22元建议平台叫车,"[{""content"":""# 用户需求：\n宁波天一广场1号门坐车去栎社机场，预算不超过22元建议平台叫车\n\n# 用户提供示例：\n\n\n**如果用户需求与用户提供示例相同时，必须输出用户提供的结果**"",""exts"":""{\""userHistoryInputContent\"":\""宁波天一广场1号门坐车去栎社机场，预算不超过22元建议平台叫车\""}""}]",,sessionId20250606lhx0135,"```json
[{""app"": ""无"", ""category"": ""无"", ""mode"": ""无"", ""price"": true, ""price_min"": 0, ""price_max"": 22, ""fast"": false}]
```",未知,[],,无,,无
厦门曾厝垵文创中心打车到厦门北站南入口，费用25元左右要看具体时段,"[{""content"":""# 用户需求：\n厦门曾厝垵文创中心打车到厦门北站南入口，费用25元左右要看具体时段\n\n# 用户提供示例：\n\n\n**如果用户需求与用户提供示例相同时，必须输出用户提供的结果**"",""exts"":""{\""userHistoryInputContent\"":\""厦门曾厝垵文创中心打车到厦门北站南入口，费用25元左右要看具体时段\""}""}]",,sessionId20250606lhx0136,"```json
[{""app"": ""无"", ""category"": ""无"", ""mode"": ""无"", ""price"": true, ""price_min"": 25, ""price_max"": 25, ""fast"": false}]
```",未知,[],,无,,无
青岛栈桥回澜阁坐车去青岛北站东广场，价格30元以内确认是否走高架,"[{""content"":""# 用户需求：\n青岛栈桥回澜阁坐车去青岛北站东广场，价格30元以内确认是否走高架\n\n# 用户提供示例：\n\n\n**如果用户需求与用户提供示例相同时，必须输出用户提供的结果**"",""exts"":""{\""userHistoryInputContent\"":\""青岛栈桥回澜阁坐车去青岛北站东广场，价格30元以内确认是否走高架\""}""}]",,sessionId20250606lhx0137,"```json
[{""app"": ""无"", ""category"": ""无"", ""mode"": ""无"", ""price"": true, ""price_min"": 0, ""price_max"": 30, ""fast"": false}]
```",未知,[],,无,,无
沈阳故宫博物院正门打车到沈阳南站地下通道，花费35元上下可能跨区收费,"[{""content"":""# 用户需求：\n沈阳故宫博物院正门打车到沈阳南站地下通道，花费35元上下可能跨区收费\n\n# 用户提供示例：\n\n\n**如果用户需求与用户提供示例相同时，必须输出用户提供的结果**"",""exts"":""{\""userHistoryInputContent\"":\""沈阳故宫博物院正门打车到沈阳南站地下通道，花费35元上下可能跨区收费\""}""}]",,sessionId20250606lhx0138,"```json
[{""app"": ""无"", ""category"": ""无"", ""mode"": ""无"", ""price"": true, ""price_min"": 35, ""price_max"": 35, ""fast"": false}]
```",未知,[],,无,,无
费用不超过40元从大连金石滩坐车到大连北站建议多人拼车,"[{""content"":""# 用户需求：\n费用不超过40元从大连金石滩坐车到大连北站建议多人拼车\n\n# 用户提供示例：\n\n\n**如果用户需求与用户提供示例相同时，必须输出用户提供的结果**"",""exts"":""{\""userHistoryInputContent\"":\""费用不超过40元从大连金石滩坐车到大连北站建议多人拼车\""}""}]",,sessionId20250606lhx0139,"```json
[{""app"": ""无"", ""category"": ""拼车"", ""mode"": ""无"", ""price"": true, ""price_min"": 0, ""price_max"": 40, ""fast"": false}]
```",未知,[],,无,,无
无锡鼋头渚景区打车去无锡东站，预算45元以内需明确上车位置,"[{""content"":""# 用户需求：\n无锡鼋头渚景区打车去无锡东站，预算45元以内需明确上车位置\n\n# 用户提供示例：\n\n\n**如果用户需求与用户提供示例相同时，必须输出用户提供的结果**"",""exts"":""{\""userHistoryInputContent\"":\""无锡鼋头渚景区打车去无锡东站，预算45元以内需明确上车位置\""}""}]",,sessionId20250606lhx0140,"```json
[{""app"": ""无"", ""category"": ""无"", ""mode"": ""无"", ""price"": true, ""price_min"": 0, ""price_max"": 45, ""fast"": false}]
```",未知,[],,无,,无
南京中山陵音乐台坐车到南京站南广场，价格9-11元记得索要乘车凭证,"[{""content"":""# 用户需求：\n南京中山陵音乐台坐车到南京站南广场，价格9-11元记得索要乘车凭证\n\n# 用户提供示例：\n\n\n**如果用户需求与用户提供示例相同时，必须输出用户提供的结果**"",""exts"":""{\""userHistoryInputContent\"":\""南京中山陵音乐台坐车到南京站南广场，价格9-11元记得索要乘车凭证\""}""}]",,sessionId20250606lhx0141,"```json
[{""app"": ""无"", ""category"": ""无"", ""mode"": ""无"", ""price"": true, ""price_min"": 9, ""price_max"": 11, ""fast"": false}]
```",未知,[],,无,,无
北京颐和园十七孔桥打车去北京西站北二层平台，费用差不多13元避开高峰,"[{""content"":""# 用户需求：\n北京颐和园十七孔桥打车去北京西站北二层平台，费用差不多13元避开高峰\n\n# 用户提供示例：\n\n\n**如果用户需求与用户提供示例相同时，必须输出用户提供的结果**"",""exts"":""{\""userHistoryInputContent\"":\""北京颐和园十七孔桥打车去北京西站北二层平台，费用差不多13元避开高峰\""}""}]",,sessionId20250606lhx0142,"```json
[{""app"": ""无"", ""category"": ""无"", ""mode"": ""无"", ""price"": true, ""price_min"": 13, ""price_max"": 13, ""fast"": false}]
```",未知,[],,无,,无
杭州宋城景区停车场坐车到杭州东站西进站口，预估15元以内要打表计价,"[{""content"":""# 用户需求：\n杭州宋城景区停车场坐车到杭州东站西进站口，预估15元以内要打表计价\n\n# 用户提供示例：\n\n\n**如果用户需求与用户提供示例相同时，必须输出用户提供的结果**"",""exts"":""{\""userHistoryInputContent\"":\""杭州宋城景区停车场坐车到杭州东站西进站口，预估15元以内要打表计价\""}""}]",,sessionId20250606lhx0143,"```json
[{""app"": ""无"", ""category"": ""无"", ""mode"": ""无"", ""price"": true, ""price_min"": 0, ""price_max"": 15, ""fast"": false}]
```",未知,[],,无,,无
广州长隆野生动物世界南门打车去广州南站P8，花费18元上下确认路线,"[{""content"":""# 用户需求：\n广州长隆野生动物世界南门打车去广州南站P8，花费18元上下确认路线\n\n# 用户提供示例：\n\n\n**如果用户需求与用户提供示例相同时，必须输出用户提供的结果**"",""exts"":""{\""userHistoryInputContent\"":\""广州长隆野生动物世界南门打车去广州南站P8，花费18元上下确认路线\""}""}]",,sessionId20250606lhx0144,"```json
[{""app"": ""无"", ""category"": ""无"", ""mode"": ""无"", ""price"": true, ""price_min"": 18, ""price_max"": 18, ""fast"": false}]
```",未知,[],,无,,无
上海豫园九曲桥坐车到上海站北广场，预算不超过23元建议错峰出行,"[{""content"":""# 用户需求：\n上海豫园九曲桥坐车到上海站北广场，预算不超过23元建议错峰出行\n\n# 用户提供示例：\n\n\n**如果用户需求与用户提供示例相同时，必须输出用户提供的结果**"",""exts"":""{\""userHistoryInputContent\"":\""上海豫园九曲桥坐车到上海站北广场，预算不超过23元建议错峰出行\""}""}]",,sessionId20250606lhx0145,"```json
[{""app"": ""无"", ""category"": ""无"", ""mode"": ""无"", ""price"": true, ""price_min"": 0, ""price_max"": 23, ""fast"": false}]
```",未知,[],,无,,无
成都都江堰景区打车去成都东站，费用25元左右需确认是否含停车费,"[{""content"":""# 用户需求：\n成都都江堰景区打车去成都东站，费用25元左右需确认是否含停车费\n\n# 用户提供示例：\n\n\n**如果用户需求与用户提供示例相同时，必须输出用户提供的结果**"",""exts"":""{\""userHistoryInputContent\"":\""成都都江堰景区打车去成都东站，费用25元左右需确认是否含停车费\""}""}]",,sessionId20250606lhx0146,"```json
[{""app"": ""无"", ""category"": ""无"", ""mode"": ""无"", ""price"": true, ""price_min"": 25, ""price_max"": 25, ""fast"": false}]
```",未知,[],,无,,无
深圳华侨城创意园坐车到福田高铁站3号口，价格30元以内注意时段差异,"[{""content"":""# 用户需求：\n深圳华侨城创意园坐车到福田高铁站3号口，价格30元以内注意时段差异\n\n# 用户提供示例：\n\n\n**如果用户需求与用户提供示例相同时，必须输出用户提供的结果**"",""exts"":""{\""userHistoryInputContent\"":\""深圳华侨城创意园坐车到福田高铁站3号口，价格30元以内注意时段差异\""}""}]",,sessionId20250606lhx0147,"```json
[{""app"": ""无"", ""category"": ""无"", ""mode"": ""无"", ""price"": true, ""price_min"": 0, ""price_max"": 30, ""fast"": false}]
```",未知,[],,无,,无
西安秦始皇兵马俑打车到西安北站，花费35元上下可能涉及跨市费用,"[{""content"":""# 用户需求：\n西安秦始皇兵马俑打车到西安北站，花费35元上下可能涉及跨市费用\n\n# 用户提供示例：\n\n\n**如果用户需求与用户提供示例相同时，必须输出用户提供的结果**"",""exts"":""{\""userHistoryInputContent\"":\""西安秦始皇兵马俑打车到西安北站，花费35元上下可能涉及跨市费用\""}""}]",,sessionId20250606lhx0148,"```json
[{""app"": ""无"", ""category"": ""无"", ""mode"": ""无"", ""price"": true, ""price_min"": 35, ""price_max"": 35, ""fast"": false}]
```",未知,[],,无,,无
重庆磁器口古镇坐车到沙坪坝火车站，费用不超过40元要提前预约车辆,"[{""content"":""# 用户需求：\n重庆磁器口古镇坐车到沙坪坝火车站，费用不超过40元要提前预约车辆\n\n# 用户提供示例：\n\n\n**如果用户需求与用户提供示例相同时，必须输出用户提供的结果**"",""exts"":""{\""userHistoryInputContent\"":\""重庆磁器口古镇坐车到沙坪坝火车站，费用不超过40元要提前预约车辆\""}""}]",,sessionId20250606lhx0149,"```json
[{""app"": ""无"", ""category"": ""无"", ""mode"": ""无"", ""price"": true, ""price_min"": 0, ""price_max"": 40, ""fast"": false}]
```",未知,[],,无,,无
苏州同里古镇打车去苏州园区站，预算45元以内确认是否含高速通行费,"[{""content"":""# 用户需求：\n苏州同里古镇打车去苏州园区站，预算45元以内确认是否含高速通行费\n\n# 用户提供示例：\n\n\n**如果用户需求与用户提供示例相同时，必须输出用户提供的结果**"",""exts"":""{\""userHistoryInputContent\"":\""苏州同里古镇打车去苏州园区站，预算45元以内确认是否含高速通行费\""}""}]",,sessionId20250606lhx0150,"```json
[{""app"": ""无"", ""category"": ""无"", ""mode"": ""无"", ""price"": true, ""price_min"": 0, ""price_max"": 45, ""fast"": false}]
```",未知,[],,无,,无
价格在10元到12元之间，我想从武汉东湖绿道湖光序曲广场打车去汉口站。,"[{""content"":""# 用户需求：\n价格在10元到12元之间，我想从武汉东湖绿道湖光序曲广场打车去汉口站。\n\n# 用户提供示例：\n\n\n**如果用户需求与用户提供示例相同时，必须输出用户提供的结果**"",""exts"":""{\""userHistoryInputContent\"":\""价格在10元到12元之间，我想从武汉东湖绿道湖光序曲广场打车去汉口站。\""}""}]",,sessionId20250606lhx0151,"```json
[{""app"": ""无"", ""category"": ""无"", ""mode"": ""无"", ""price"": true, ""price_min"": 10, ""price_max"": 12, ""fast"": false}]
```",未知,[],,无,,无
天津滨海图书馆到于家堡高铁站，准备去开会，打的费用差不多14元。,"[{""content"":""# 用户需求：\n天津滨海图书馆到于家堡高铁站，准备去开会，打的费用差不多14元。\n\n# 用户提供示例：\n\n\n**如果用户需求与用户提供示例相同时，必须输出用户提供的结果**"",""exts"":""{\""userHistoryInputContent\"":\""天津滨海图书馆到于家堡高铁站，准备去开会，打的费用差不多14元。\""}""}]",,sessionId20250606lhx0152,"```json
[{""app"": ""无"", ""category"": ""无"", ""mode"": ""无"", ""price"": true, ""price_min"": 14, ""price_max"": 14, ""fast"": false}]
```",未知,[],,无,,无
长沙岳麓书院正门到长沙站西广场，今天要赶时间，坐车预算16元以内。,"[{""content"":""# 用户需求：\n长沙岳麓书院正门到长沙站西广场，今天要赶时间，坐车预算16元以内。\n\n# 用户提供示例：\n\n\n**如果用户需求与用户提供示例相同时，必须输出用户提供的结果**"",""exts"":""{\""userHistoryInputContent\"":\""长沙岳麓书院正门到长沙站西广场，今天要赶时间，坐车预算16元以内。\""}""}]",,sessionId20250606lhx0153,"```json
[{""app"": ""无"", ""category"": ""无"", ""mode"": ""无"", ""price"": true, ""price_min"": 0, ""price_max"": 16, ""fast"": false}]
```",未知,[],,无,,无
打车花费20元上下，郑州少林寺景区停车场到郑州东站，准备去见客户。,"[{""content"":""# 用户需求：\n打车花费20元上下，郑州少林寺景区停车场到郑州东站，准备去见客户。\n\n# 用户提供示例：\n\n\n**如果用户需求与用户提供示例相同时，必须输出用户提供的结果**"",""exts"":""{\""userHistoryInputContent\"":\""打车花费20元上下，郑州少林寺景区停车场到郑州东站，准备去见客户。\""}""}]",,sessionId20250606lhx0154,"```json
[{""app"": ""无"", ""category"": ""无"", ""mode"": ""无"", ""price"": true, ""price_min"": 20, ""price_max"": 20, ""fast"": false}]
```",未知,[],,无,,无
费用不超过25元，宁波溪口雪窦山游客中心打的去参加会议，到宁波站南广场。,"[{""content"":""# 用户需求：\n费用不超过25元，宁波溪口雪窦山游客中心打的去参加会议，到宁波站南广场。\n\n# 用户提供示例：\n\n\n**如果用户需求与用户提供示例相同时，必须输出用户提供的结果**"",""exts"":""{\""userHistoryInputContent\"":\""费用不超过25元，宁波溪口雪窦山游客中心打的去参加会议，到宁波站南广场。\""}""}]",,sessionId20250606lhx0155,"```json
[{""app"": ""无"", ""category"": ""无"", ""mode"": ""无"", ""price"": true, ""price_min"": 0, ""price_max"": 25, ""fast"": false}]
```",未知,[],,无,,无
厦门集美学村龙舟池到厦门高崎站，打车费用大约28元左右，准备出差。,"[{""content"":""# 用户需求：\n厦门集美学村龙舟池到厦门高崎站，打车费用大约28元左右，准备出差。\n\n# 用户提供示例：\n\n\n**如果用户需求与用户提供示例相同时，必须输出用户提供的结果**"",""exts"":""{\""userHistoryInputContent\"":\""厦门集美学村龙舟池到厦门高崎站，打车费用大约28元左右，准备出差。\""}""}]",,sessionId20250606lhx0156,"```json
[{""app"": ""无"", ""category"": ""无"", ""mode"": ""无"", ""price"": true, ""price_min"": 28, ""price_max"": 28, ""fast"": false}]
```",未知,[],,无,,无
青岛八大关花石楼到青岛站东出站口，今天要去开会，打的价格30元以内。,"[{""content"":""# 用户需求：\n青岛八大关花石楼到青岛站东出站口，今天要去开会，打的价格30元以内。\n\n# 用户提供示例：\n\n\n**如果用户需求与用户提供示例相同时，必须输出用户提供的结果**"",""exts"":""{\""userHistoryInputContent\"":\""青岛八大关花石楼到青岛站东出站口，今天要去开会，打的价格30元以内。\""}""}]",,sessionId20250606lhx0157,"```json
[{""app"": ""无"", ""category"": ""无"", ""mode"": ""无"", ""price"": true, ""price_min"": 0, ""price_max"": 30, ""fast"": false}]
```",未知,[],,无,,无
沈阳张氏帅府博物馆到沈阳站西广场，准备赶火车，打车花费35元上下。,"[{""content"":""# 用户需求：\n沈阳张氏帅府博物馆到沈阳站西广场，准备赶火车，打车花费35元上下。\n\n# 用户提供示例：\n\n\n**如果用户需求与用户提供示例相同时，必须输出用户提供的结果**"",""exts"":""{\""userHistoryInputContent\"":\""沈阳张氏帅府博物馆到沈阳站西广场，准备赶火车，打车花费35元上下。\""}""}]",,sessionId20250606lhx0158,"```json
[{""app"": ""无"", ""category"": ""无"", ""mode"": ""无"", ""price"": true, ""price_min"": 35, ""price_max"": 35, ""fast"": false}]
```",未知,[],,无,,无
费用不超过40元，大连老虎滩海洋公园打的去机场，到大连站南出站口。,"[{""content"":""# 用户需求：\n费用不超过40元，大连老虎滩海洋公园打的去机场，到大连站南出站口。\n\n# 用户提供示例：\n\n\n**如果用户需求与用户提供示例相同时，必须输出用户提供的结果**"",""exts"":""{\""userHistoryInputContent\"":\""费用不超过40元，大连老虎滩海洋公园打的去机场，到大连站南出站口。\""}""}]",,sessionId20250606lhx0159,"```json
[{""app"": ""无"", ""category"": ""无"", ""mode"": ""无"", ""price"": true, ""price_min"": 0, ""price_max"": 40, ""fast"": false}]
```",未知,[],,无,,无
无锡惠山古镇绣嶂门到无锡站北广场，预算45元以内，打车去开会。,"[{""content"":""# 用户需求：\n无锡惠山古镇绣嶂门到无锡站北广场，预算45元以内，打车去开会。\n\n# 用户提供示例：\n\n\n**如果用户需求与用户提供示例相同时，必须输出用户提供的结果**"",""exts"":""{\""userHistoryInputContent\"":\""无锡惠山古镇绣嶂门到无锡站北广场，预算45元以内，打车去开会。\""}""}]",,sessionId20250606lhx0160,"```json
[{""app"": ""无"", ""category"": ""无"", ""mode"": ""无"", ""price"": true, ""price_min"": 0, ""price_max"": 45, ""fast"": false}]
```",未知,[],,无,,无
价格在11元到13元之间，我想从南京牛首山佛顶宫打车到南京南站北广场。,"[{""content"":""# 用户需求：\n价格在11元到13元之间，我想从南京牛首山佛顶宫打车到南京南站北广场。\n\n# 用户提供示例：\n\n\n**如果用户需求与用户提供示例相同时，必须输出用户提供的结果**"",""exts"":""{\""userHistoryInputContent\"":\""价格在11元到13元之间，我想从南京牛首山佛顶宫打车到南京南站北广场。\""}""}]",,sessionId20250606lhx0161,"```json
[{""app"": ""无"", ""category"": ""无"", ""mode"": ""无"", ""price"": true, ""price_min"": 11, ""price_max"": 13, ""fast"": false}]
```",未知,[],,无,,无
北京圆明园遗址公园藻园门到清河高铁站，准备出差，打的费用差不多15元。,"[{""content"":""# 用户需求：\n北京圆明园遗址公园藻园门到清河高铁站，准备出差，打的费用差不多15元。\n\n# 用户提供示例：\n\n\n**如果用户需求与用户提供示例相同时，必须输出用户提供的结果**"",""exts"":""{\""userHistoryInputContent\"":\""北京圆明园遗址公园藻园门到清河高铁站，准备出差，打的费用差不多15元。\""}""}]",,sessionId20250606lhx0162,"```json
[{""app"": ""无"", ""category"": ""无"", ""mode"": ""无"", ""price"": true, ""price_min"": 15, ""price_max"": 15, ""fast"": false}]
```",未知,[],,无,,无
杭州西溪湿地周家村入口到余杭高铁站，今天要赶火车，坐车预估17元以内。,"[{""content"":""# 用户需求：\n杭州西溪湿地周家村入口到余杭高铁站，今天要赶火车，坐车预估17元以内。\n\n# 用户提供示例：\n\n\n**如果用户需求与用户提供示例相同时，必须输出用户提供的结果**"",""exts"":""{\""userHistoryInputContent\"":\""杭州西溪湿地周家村入口到余杭高铁站，今天要赶火车，坐车预估17元以内。\""}""}]",,sessionId20250606lhx0163,"```json
[{""app"": ""无"", ""category"": ""无"", ""mode"": ""无"", ""price"": true, ""price_min"": 0, ""price_max"": 17, ""fast"": false}]
```",未知,[],,无,,无
广州陈家祠广场到广州东站汽车站，打车花费20元上下，准备去开会。,"[{""content"":""# 用户需求：\n广州陈家祠广场到广州东站汽车站，打车花费20元上下，准备去开会。\n\n# 用户提供示例：\n\n\n**如果用户需求与用户提供示例相同时，必须输出用户提供的结果**"",""exts"":""{\""userHistoryInputContent\"":\""广州陈家祠广场到广州东站汽车站，打车花费20元上下，准备去开会。\""}""}]",,sessionId20250606lhx0164,"```json
[{""app"": ""无"", ""category"": ""无"", ""mode"": ""无"", ""price"": true, ""price_min"": 20, ""price_max"": 20, ""fast"": false}]
```",未知,[],,无,,无
预算不超过25元，上海朱家角古镇放生桥打的去机场，到虹桥火车站。,"[{""content"":""# 用户需求：\n预算不超过25元，上海朱家角古镇放生桥打的去机场，到虹桥火车站。\n\n# 用户提供示例：\n\n\n**如果用户需求与用户提供示例相同时，必须输出用户提供的结果**"",""exts"":""{\""userHistoryInputContent\"":\""预算不超过25元，上海朱家角古镇放生桥打的去机场，到虹桥火车站。\""}""}]",,sessionId20250606lhx0165,"```json
[{""app"": ""无"", ""category"": ""无"", ""mode"": ""无"", ""price"": true, ""price_min"": 0, ""price_max"": 25, ""fast"": false}]
```",未知,[],,无,,无
成都锦里古街牌坊到成都西站北入口，打车去见客户，费用28元左右。,"[{""content"":""# 用户需求：\n成都锦里古街牌坊到成都西站北入口，打车去见客户，费用28元左右。\n\n# 用户提供示例：\n\n\n**如果用户需求与用户提供示例相同时，必须输出用户提供的结果**"",""exts"":""{\""userHistoryInputContent\"":\""成都锦里古街牌坊到成都西站北入口，打车去见客户，费用28元左右。\""}""}]",,sessionId20250606lhx0166,"```json
[{""app"": ""无"", ""category"": ""无"", ""mode"": ""无"", ""price"": true, ""price_min"": 28, ""price_max"": 28, ""fast"": false}]
```",未知,[],,无,,无
深圳大梅沙海滨公园到坪山高铁站，准备出差，打的价格30元以内。,"[{""content"":""# 用户需求：\n深圳大梅沙海滨公园到坪山高铁站，准备出差，打的价格30元以内。\n\n# 用户提供示例：\n\n\n**如果用户需求与用户提供示例相同时，必须输出用户提供的结果**"",""exts"":""{\""userHistoryInputContent\"":\""深圳大梅沙海滨公园到坪山高铁站，准备出差，打的价格30元以内。\""}""}]",,sessionId20250606lhx0167,"```json
[{""app"": ""无"", ""category"": ""无"", ""mode"": ""无"", ""price"": true, ""price_min"": 0, ""price_max"": 30, ""fast"": false}]
```",未知,[],,无,,无
西安华清池长生殿遗址到临潼高铁站，今天要赶火车，打车花费35元上下。,"[{""content"":""# 用户需求：\n西安华清池长生殿遗址到临潼高铁站，今天要赶火车，打车花费35元上下。\n\n# 用户提供示例：\n\n\n**如果用户需求与用户提供示例相同时，必须输出用户提供的结果**"",""exts"":""{\""userHistoryInputContent\"":\""西安华清池长生殿遗址到临潼高铁站，今天要赶火车，打车花费35元上下。\""}""}]",,sessionId20250606lhx0168,"```json
[{""app"": ""无"", ""category"": ""无"", ""mode"": ""无"", ""price"": true, ""price_min"": 35, ""price_max"": 35, ""fast"": false}]
```",未知,[],,无,,无
重庆武隆天生三桥景区入口到武隆站，费用不超过40元，打的去开会。,"[{""content"":""# 用户需求：\n重庆武隆天生三桥景区入口到武隆站，费用不超过40元，打的去开会。\n\n# 用户提供示例：\n\n\n**如果用户需求与用户提供示例相同时，必须输出用户提供的结果**"",""exts"":""{\""userHistoryInputContent\"":\""重庆武隆天生三桥景区入口到武隆站，费用不超过40元，打的去开会。\""}""}]",,sessionId20250606lhx0169,"```json
[{""app"": ""无"", ""category"": ""无"", ""mode"": ""无"", ""price"": true, ""price_min"": 0, ""price_max"": 40, ""fast"": false}]
```",未知,[],,无,,无
苏州周庄古镇全福讲寺到昆山南站，预算45元以内，打车去机场。,"[{""content"":""# 用户需求：\n苏州周庄古镇全福讲寺到昆山南站，预算45元以内，打车去机场。\n\n# 用户提供示例：\n\n\n**如果用户需求与用户提供示例相同时，必须输出用户提供的结果**"",""exts"":""{\""userHistoryInputContent\"":\""苏州周庄古镇全福讲寺到昆山南站，预算45元以内，打车去机场。\""}""}]",,sessionId20250606lhx0170,"```json
[{""app"": ""无"", ""category"": ""无"", ""mode"": ""无"", ""price"": true, ""price_min"": 0, ""price_max"": 45, ""fast"": false}]
```",未知,[],,无,,无
武汉楚河汉街万达广场到武昌站西广场，打的去见客户，价格在12元到14元之间。,"[{""content"":""# 用户需求：\n武汉楚河汉街万达广场到武昌站西广场，打的去见客户，价格在12元到14元之间。\n\n# 用户提供示例：\n\n\n**如果用户需求与用户提供示例相同时，必须输出用户提供的结果**"",""exts"":""{\""userHistoryInputContent\"":\""武汉楚河汉街万达广场到武昌站西广场，打的去见客户，价格在12元到14元之间。\""}""}]",,sessionId20250606lhx0171,"```json
[{""app"": ""无"", ""category"": ""无"", ""mode"": ""无"", ""price"": true, ""price_min"": 12, ""price_max"": 14, ""fast"": false}]
```",未知,[],,无,,无
天津古文化街戏楼到天津西站南进站口，准备出差，打车费用差不多16元。,"[{""content"":""# 用户需求：\n天津古文化街戏楼到天津西站南进站口，准备出差，打车费用差不多16元。\n\n# 用户提供示例：\n\n\n**如果用户需求与用户提供示例相同时，必须输出用户提供的结果**"",""exts"":""{\""userHistoryInputContent\"":\""天津古文化街戏楼到天津西站南进站口，准备出差，打车费用差不多16元。\""}""}]",,sessionId20250606lhx0172,"```json
[{""app"": ""无"", ""category"": ""无"", ""mode"": ""无"", ""price"": true, ""price_min"": 16, ""price_max"": 16, ""fast"": false}]
```",未知,[],,无,,无
长沙火宫殿坡子街总店到长沙站东广场，预估18元以内，打的去开会。,"[{""content"":""# 用户需求：\n长沙火宫殿坡子街总店到长沙站东广场，预估18元以内，打的去开会。\n\n# 用户提供示例：\n\n\n**如果用户需求与用户提供示例相同时，必须输出用户提供的结果**"",""exts"":""{\""userHistoryInputContent\"":\""长沙火宫殿坡子街总店到长沙站东广场，预估18元以内，打的去开会。\""}""}]",,sessionId20250606lhx0173,"```json
[{""app"": ""无"", ""category"": ""无"", ""mode"": ""无"", ""price"": true, ""price_min"": 0, ""price_max"": 18, ""fast"": false}]
```",未知,[],,无,,无
郑州河南博物院主馆到郑州航空港站，今天要赶火车，打车花费22元上下。,"[{""content"":""# 用户需求：\n郑州河南博物院主馆到郑州航空港站，今天要赶火车，打车花费22元上下。\n\n# 用户提供示例：\n\n\n**如果用户需求与用户提供示例相同时，必须输出用户提供的结果**"",""exts"":""{\""userHistoryInputContent\"":\""郑州河南博物院主馆到郑州航空港站，今天要赶火车，打车花费22元上下。\""}""}]",,sessionId20250606lhx0174,"```json
[{""app"": ""无"", ""category"": ""无"", ""mode"": ""无"", ""price"": true, ""price_min"": 22, ""price_max"": 22, ""fast"": false}]
```",未知,[],,无,,无
宁波东钱湖小普陀景区到宁波东站，预算不超过27元，打的去机场。,"[{""content"":""# 用户需求：\n宁波东钱湖小普陀景区到宁波东站，预算不超过27元，打的去机场。\n\n# 用户提供示例：\n\n\n**如果用户需求与用户提供示例相同时，必须输出用户提供的结果**"",""exts"":""{\""userHistoryInputContent\"":\""宁波东钱湖小普陀景区到宁波东站，预算不超过27元，打的去机场。\""}""}]",,sessionId20250606lhx0175,"```json
[{""app"": ""无"", ""category"": ""无"", ""mode"": ""无"", ""price"": true, ""price_min"": 0, ""price_max"": 27, ""fast"": false}]
```",未知,[],,无,,无
厦门环岛路椰风寨到厦门站南广场，打车去见客户，费用29元左右。,"[{""content"":""# 用户需求：\n厦门环岛路椰风寨到厦门站南广场，打车去见客户，费用29元左右。\n\n# 用户提供示例：\n\n\n**如果用户需求与用户提供示例相同时，必须输出用户提供的结果**"",""exts"":""{\""userHistoryInputContent\"":\""厦门环岛路椰风寨到厦门站南广场，打车去见客户，费用29元左右。\""}""}]",,sessionId20250606lhx0176,"```json
[{""app"": ""无"", ""category"": ""无"", ""mode"": ""无"", ""price"": true, ""price_min"": 29, ""price_max"": 29, ""fast"": false}]
```",未知,[],,无,,无
青岛啤酒博物馆到青岛西站西广场，准备出差，打的价格30元以内。,"[{""content"":""# 用户需求：\n青岛啤酒博物馆到青岛西站西广场，准备出差，打的价格30元以内。\n\n# 用户提供示例：\n\n\n**如果用户需求与用户提供示例相同时，必须输出用户提供的结果**"",""exts"":""{\""userHistoryInputContent\"":\""青岛啤酒博物馆到青岛西站西广场，准备出差，打的价格30元以内。\""}""}]",,sessionId20250606lhx0177,"```json
[{""app"": ""无"", ""category"": ""无"", ""mode"": ""无"", ""price"": true, ""price_min"": 0, ""price_max"": 30, ""fast"": false}]
```",未知,[],,无,,无
沈阳北陵公园正门到沈阳北站南广场，今天要赶火车，打车花费35元上下。,"[{""content"":""# 用户需求：\n沈阳北陵公园正门到沈阳北站南广场，今天要赶火车，打车花费35元上下。\n\n# 用户提供示例：\n\n\n**如果用户需求与用户提供示例相同时，必须输出用户提供的结果**"",""exts"":""{\""userHistoryInputContent\"":\""沈阳北陵公园正门到沈阳北站南广场，今天要赶火车，打车花费35元上下。\""}""}]",,sessionId20250606lhx0178,"```json
[{""app"": ""无"", ""category"": ""无"", ""mode"": ""无"", ""price"": true, ""price_min"": 35, ""price_max"": 35, ""fast"": false}]
```",未知,[],,无,,无
大连发现王国主题公园到金州站，费用不超过40元，打的去开会。,"[{""content"":""# 用户需求：\n大连发现王国主题公园到金州站，费用不超过40元，打的去开会。\n\n# 用户提供示例：\n\n\n**如果用户需求与用户提供示例相同时，必须输出用户提供的结果**"",""exts"":""{\""userHistoryInputContent\"":\""大连发现王国主题公园到金州站，费用不超过40元，打的去开会。\""}""}]",,sessionId20250606lhx0179,"```json
[{""app"": ""无"", ""category"": ""无"", ""mode"": ""无"", ""price"": true, ""price_min"": 0, ""price_max"": 40, ""fast"": false}]
```",未知,[],,无,,无
无锡荡口古镇北大门到无锡新区站，预算45元以内，打车去机场。,"[{""content"":""# 用户需求：\n无锡荡口古镇北大门到无锡新区站，预算45元以内，打车去机场。\n\n# 用户提供示例：\n\n\n**如果用户需求与用户提供示例相同时，必须输出用户提供的结果**"",""exts"":""{\""userHistoryInputContent\"":\""无锡荡口古镇北大门到无锡新区站，预算45元以内，打车去机场。\""}""}]",,sessionId20250606lhx0180,"```json
[{""app"": ""无"", ""category"": ""无"", ""mode"": ""无"", ""price"": true, ""price_min"": 0, ""price_max"": 45, ""fast"": false}]
```",未知,[],,无,,无
价格在13元到15元之间，我想从南京栖霞山风景区东门打车到仙林高铁站。,"[{""content"":""# 用户需求：\n价格在13元到15元之间，我想从南京栖霞山风景区东门打车到仙林高铁站。\n\n# 用户提供示例：\n\n\n**如果用户需求与用户提供示例相同时，必须输出用户提供的结果**"",""exts"":""{\""userHistoryInputContent\"":\""价格在13元到15元之间，我想从南京栖霞山风景区东门打车到仙林高铁站。\""}""}]",,sessionId20250606lhx0181,"```json
[{""app"": ""无"", ""category"": ""无"", ""mode"": ""无"", ""price"": true, ""price_min"": 13, ""price_max"": 15, ""fast"": false}]
```",未知,[],,无,,无
北京南锣鼓巷北口到北京站东停车场，准备出差，打车费用差不多17元。,"[{""content"":""# 用户需求：\n北京南锣鼓巷北口到北京站东停车场，准备出差，打车费用差不多17元。\n\n# 用户提供示例：\n\n\n**如果用户需求与用户提供示例相同时，必须输出用户提供的结果**"",""exts"":""{\""userHistoryInputContent\"":\""北京南锣鼓巷北口到北京站东停车场，准备出差，打车费用差不多17元。\""}""}]",,sessionId20250606lhx0182,"```json
[{""app"": ""无"", ""category"": ""无"", ""mode"": ""无"", ""price"": true, ""price_min"": 17, ""price_max"": 17, ""fast"": false}]
```",未知,[],,无,,无
杭州良渚文化村到杭州南站西广场，预估19元以内，打的去开会。,"[{""content"":""# 用户需求：\n杭州良渚文化村到杭州南站西广场，预估19元以内，打的去开会。\n\n# 用户提供示例：\n\n\n**如果用户需求与用户提供示例相同时，必须输出用户提供的结果**"",""exts"":""{\""userHistoryInputContent\"":\""杭州良渚文化村到杭州南站西广场，预估19元以内，打的去开会。\""}""}]",,sessionId20250606lhx0183,"```json
[{""app"": ""无"", ""category"": ""无"", ""mode"": ""无"", ""price"": true, ""price_min"": 0, ""price_max"": 19, ""fast"": false}]
```",未知,[],,无,,无
广州白云山明珠楼到庆盛高铁站，今天要赶火车，打车花费24元上下。,"[{""content"":""# 用户需求：\n广州白云山明珠楼到庆盛高铁站，今天要赶火车，打车花费24元上下。\n\n# 用户提供示例：\n\n\n**如果用户需求与用户提供示例相同时，必须输出用户提供的结果**"",""exts"":""{\""userHistoryInputContent\"":\""广州白云山明珠楼到庆盛高铁站，今天要赶火车，打车花费24元上下。\""}""}]",,sessionId20250606lhx0184,"```json
[{""app"": ""无"", ""category"": ""无"", ""mode"": ""无"", ""price"": true, ""price_min"": 24, ""price_max"": 24, ""fast"": false}]
```",未知,[],,无,,无
上海七宝老街蒲汇塘桥到上海南站，预算不超过29元，打的去机场。,"[{""content"":""# 用户需求：\n上海七宝老街蒲汇塘桥到上海南站，预算不超过29元，打的去机场。\n\n# 用户提供示例：\n\n\n**如果用户需求与用户提供示例相同时，必须输出用户提供的结果**"",""exts"":""{\""userHistoryInputContent\"":\""上海七宝老街蒲汇塘桥到上海南站，预算不超过29元，打的去机场。\""}""}]",,sessionId20250606lhx0185,"```json
[{""app"": ""无"", ""category"": ""无"", ""mode"": ""无"", ""price"": true, ""price_min"": 0, ""price_max"": 29, ""fast"": false}]
```",未知,[],,无,,无
成都青城山前山山门到都江堰快铁站，打车去见客户，费用31元左右。,"[{""content"":""# 用户需求：\n成都青城山前山山门到都江堰快铁站，打车去见客户，费用31元左右。\n\n# 用户提供示例：\n\n\n**如果用户需求与用户提供示例相同时，必须输出用户提供的结果**"",""exts"":""{\""userHistoryInputContent\"":\""成都青城山前山山门到都江堰快铁站，打车去见客户，费用31元左右。\""}""}]",,sessionId20250606lhx0186,"```json
[{""app"": ""无"", ""category"": ""无"", ""mode"": ""无"", ""price"": true, ""price_min"": 31, ""price_max"": 31, ""fast"": false}]
```",未知,[],,无,,无
深圳甘坑客家小镇北门到光明城站，准备出差，打的价格30元以内。,"[{""content"":""# 用户需求：\n深圳甘坑客家小镇北门到光明城站，准备出差，打的价格30元以内。\n\n# 用户提供示例：\n\n\n**如果用户需求与用户提供示例相同时，必须输出用户提供的结果**"",""exts"":""{\""userHistoryInputContent\"":\""深圳甘坑客家小镇北门到光明城站，准备出差，打的价格30元以内。\""}""}]",,sessionId20250606lhx0187,"```json
[{""app"": ""无"", ""category"": ""无"", ""mode"": ""无"", ""price"": true, ""price_min"": 0, ""price_max"": 30, ""fast"": false}]
```",未知,[],,无,,无
西安大明宫丹凤门遗址到西安站北广场，今天要赶火车，打车花费35元上下。,"[{""content"":""# 用户需求：\n西安大明宫丹凤门遗址到西安站北广场，今天要赶火车，打车花费35元上下。\n\n# 用户提供示例：\n\n\n**如果用户需求与用户提供示例相同时，必须输出用户提供的结果**"",""exts"":""{\""userHistoryInputContent\"":\""西安大明宫丹凤门遗址到西安站北广场，今天要赶火车，打车花费35元上下。\""}""}]",,sessionId20250606lhx0188,"```json
[{""app"": ""无"", ""category"": ""无"", ""mode"": ""无"", ""price"": true, ""price_min"": 35, ""price_max"": 35, ""fast"": false}]
```",未知,[],,无,,无
重庆白公馆监狱旧址到北碚火车站，费用不超过40元，打的去开会。,"[{""content"":""# 用户需求：\n重庆白公馆监狱旧址到北碚火车站，费用不超过40元，打的去开会。\n\n# 用户提供示例：\n\n\n**如果用户需求与用户提供示例相同时，必须输出用户提供的结果**"",""exts"":""{\""userHistoryInputContent\"":\""重庆白公馆监狱旧址到北碚火车站，费用不超过40元，打的去开会。\""}""}]",,sessionId20250606lhx0189,"```json
[{""app"": ""无"", ""category"": ""无"", ""mode"": ""无"", ""price"": true, ""price_min"": 0, ""price_max"": 40, ""fast"": false}]
```",未知,[],,无,,无
苏州虎丘山风景名胜区南门到苏州北站，预算45元以内，打车去机场。,"[{""content"":""# 用户需求：\n苏州虎丘山风景名胜区南门到苏州北站，预算45元以内，打车去机场。\n\n# 用户提供示例：\n\n\n**如果用户需求与用户提供示例相同时，必须输出用户提供的结果**"",""exts"":""{\""userHistoryInputContent\"":\""苏州虎丘山风景名胜区南门到苏州北站，预算45元以内，打车去机场。\""}""}]",,sessionId20250606lhx0190,"```json
[{""app"": ""无"", ""category"": ""无"", ""mode"": ""无"", ""price"": true, ""price_min"": 0, ""price_max"": 45, ""fast"": false}]
```",未知,[],,无,,无
武汉晴川阁禹稷行宫到武汉天河机场，打的去见客户，价格在14元到16元之间。,"[{""content"":""# 用户需求：\n武汉晴川阁禹稷行宫到武汉天河机场，打的去见客户，价格在14元到16元之间。\n\n# 用户提供示例：\n\n\n**如果用户需求与用户提供示例相同时，必须输出用户提供的结果**"",""exts"":""{\""userHistoryInputContent\"":\""武汉晴川阁禹稷行宫到武汉天河机场，打的去见客户，价格在14元到16元之间。\""}""}]",,sessionId20250606lhx0191,"```json
[{""app"": ""无"", ""category"": ""无"", ""mode"": ""无"", ""price"": true, ""price_min"": 14, ""price_max"": 16, ""fast"": false}]
```",未知,[],,无,,无
天津意式风情街马可波罗广场到滨海站，准备出差，打车费用差不多18元。,"[{""content"":""# 用户需求：\n天津意式风情街马可波罗广场到滨海站，准备出差，打车费用差不多18元。\n\n# 用户提供示例：\n\n\n**如果用户需求与用户提供示例相同时，必须输出用户提供的结果**"",""exts"":""{\""userHistoryInputContent\"":\""天津意式风情街马可波罗广场到滨海站，准备出差，打车费用差不多18元。\""}""}]",,sessionId20250606lhx0192,"```json
[{""app"": ""无"", ""category"": ""无"", ""mode"": ""无"", ""price"": true, ""price_min"": 18, ""price_max"": 18, ""fast"": false}]
```",未知,[],,无,,无
长沙湖南省博物馆到暮云高铁站，预估20元以内，打的去开会。,"[{""content"":""# 用户需求：\n长沙湖南省博物馆到暮云高铁站，预估20元以内，打的去开会。\n\n# 用户提供示例：\n\n\n**如果用户需求与用户提供示例相同时，必须输出用户提供的结果**"",""exts"":""{\""userHistoryInputContent\"":\""长沙湖南省博物馆到暮云高铁站，预估20元以内，打的去开会。\""}""}]",,sessionId20250606lhx0193,"```json
[{""app"": ""无"", ""category"": ""无"", ""mode"": ""无"", ""price"": true, ""price_min"": 0, ""price_max"": 20, ""fast"": false}]
```",未知,[],,无,,无
郑州黄帝故里景区到郑州南站，今天要赶火车，打车花费25元上下。,"[{""content"":""# 用户需求：\n郑州黄帝故里景区到郑州南站，今天要赶火车，打车花费25元上下。\n\n# 用户提供示例：\n\n\n**如果用户需求与用户提供示例相同时，必须输出用户提供的结果**"",""exts"":""{\""userHistoryInputContent\"":\""郑州黄帝故里景区到郑州南站，今天要赶火车，打车花费25元上下。\""}""}]",,sessionId20250606lhx0194,"```json
[{""app"": ""无"", ""category"": ""无"", ""mode"": ""无"", ""price"": true, ""price_min"": 25, ""price_max"": 25, ""fast"": false}]
```",未知,[],,无,,无
宁波罗蒙环球城东门到奉化高铁站，预算不超过30元，打的去机场。,"[{""content"":""# 用户需求：\n宁波罗蒙环球城东门到奉化高铁站，预算不超过30元，打的去机场。\n\n# 用户提供示例：\n\n\n**如果用户需求与用户提供示例相同时，必须输出用户提供的结果**"",""exts"":""{\""userHistoryInputContent\"":\""宁波罗蒙环球城东门到奉化高铁站，预算不超过30元，打的去机场。\""}""}]",,sessionId20250606lhx0195,"```json
[{""app"": ""无"", ""category"": ""无"", ""mode"": ""无"", ""price"": true, ""price_min"": 0, ""price_max"": 30, ""fast"": false}]
```",未知,[],,无,,无
厦门翔安隧道纪念公园到厦门站北广场，打车去见客户，费用32元左右。,"[{""content"":""# 用户需求：\n厦门翔安隧道纪念公园到厦门站北广场，打车去见客户，费用32元左右。\n\n# 用户提供示例：\n\n\n**如果用户需求与用户提供示例相同时，必须输出用户提供的结果**"",""exts"":""{\""userHistoryInputContent\"":\""厦门翔安隧道纪念公园到厦门站北广场，打车去见客户，费用32元左右。\""}""}]",,sessionId20250606lhx0196,"```json
[{""app"": ""无"", ""category"": ""无"", ""mode"": ""无"", ""price"": true, ""price_min"": 32, ""price_max"": 32, ""fast"": false}]
```",未知,[],,无,,无
青岛金沙滩啤酒城到青岛机场站，准备出差，打的价格30元以内。,"[{""content"":""# 用户需求：\n青岛金沙滩啤酒城到青岛机场站，准备出差，打的价格30元以内。\n\n# 用户提供示例：\n\n\n**如果用户需求与用户提供示例相同时，必须输出用户提供的结果**"",""exts"":""{\""userHistoryInputContent\"":\""青岛金沙滩啤酒城到青岛机场站，准备出差，打的价格30元以内。\""}""}]",,sessionId20250606lhx0197,"```json
[{""app"": ""无"", ""category"": ""无"", ""mode"": ""无"", ""price"": true, ""price_min"": 0, ""price_max"": 30, ""fast"": false}]
```",未知,[],,无,,无
沈阳棋盘山风景区正门到沈阳站东广场，今天要赶火车，打车花费35元上下。,"[{""content"":""# 用户需求：\n沈阳棋盘山风景区正门到沈阳站东广场，今天要赶火车，打车花费35元上下。\n\n# 用户提供示例：\n\n\n**如果用户需求与用户提供示例相同时，必须输出用户提供的结果**"",""exts"":""{\""userHistoryInputContent\"":\""沈阳棋盘山风景区正门到沈阳站东广场，今天要赶火车，打车花费35元上下。\""}""}]",,sessionId20250606lhx0198,"```json
[{""app"": ""无"", ""category"": ""无"", ""mode"": ""无"", ""price"": true, ""price_min"": 35, ""price_max"": 35, ""fast"": false}]
```",未知,[],,无,,无
大连星海湾跨海大桥到旅顺站，费用不超过40元，打的去开会。,"[{""content"":""# 用户需求：\n大连星海湾跨海大桥到旅顺站，费用不超过40元，打的去开会。\n\n# 用户提供示例：\n\n\n**如果用户需求与用户提供示例相同时，必须输出用户提供的结果**"",""exts"":""{\""userHistoryInputContent\"":\""大连星海湾跨海大桥到旅顺站，费用不超过40元，打的去开会。\""}""}]",,sessionId20250606lhx0199,"```json
[{""app"": ""无"", ""category"": ""无"", ""mode"": ""无"", ""price"": true, ""price_min"": 0, ""price_max"": 40, ""fast"": false}]
```",未知,[],,无,,无
无锡蠡园公园大门到惠山站南出口，预算45元以内，打车去机场。,"[{""content"":""# 用户需求：\n无锡蠡园公园大门到惠山站南出口，预算45元以内，打车去机场。\n\n# 用户提供示例：\n\n\n**如果用户需求与用户提供示例相同时，必须输出用户提供的结果**"",""exts"":""{\""userHistoryInputContent\"":\""无锡蠡园公园大门到惠山站南出口，预算45元以内，打车去机场。\""}""}]",,sessionId20250606lhx0200,"```json
[{""app"": ""无"", ""category"": ""无"", ""mode"": ""无"", ""price"": true, ""price_min"": 0, ""price_max"": 45, ""fast"": false}]
```",未知,[],,无,,无
